0 verbose cli /opt/homebrew/Cellar/node/26.3.1/bin/node /opt/homebrew/bin/npm
1 info using npm@11.16.0
2 info using node@v26.3.1
3 silly config load:file:/opt/homebrew/lib/node_modules/npm/npmrc
4 silly config load:file:/Users/dilliswararaogalala/workspace/personal/micro-frontend/mfp/packages/marketing/.npmrc
5 silly config load:file:/Users/dilliswararaogalala/.npmrc
6 silly config load:file:/opt/homebrew/etc/npmrc
7 verbose title npm install
8 verbose argv "install" "--cache" "/Users/dilliswararaogalala/workspace/personal/micro-frontend/mfp/.npm-cache"
9 verbose logfile logs-max:10 dir:/Users/dilliswararaogalala/workspace/personal/micro-frontend/mfp/.npm-cache/_logs/2026-08-10T05_29_50_800Z-
10 verbose logfile /Users/dilliswararaogalala/workspace/personal/micro-frontend/mfp/.npm-cache/_logs/2026-08-10T05_29_50_800Z-debug-0.log
11 silly logfile done cleaning log files
12 silly packumentCache heap:4395630592 maxSize:1098907648 maxEntrySize:549453824
13 silly idealTree buildDeps
14 silly fetch manifest @types/react@^16.8.6 || ^17.0.0
15 silly packumentCache full:https://registry.npmjs.org/@types%2freact cache-miss
16 http cache https://registry.npmjs.org/@types%2freact 6ms (cache hit)
17 silly packumentCache full:https://registry.npmjs.org/@types%2freact set size:2637439 disposed:false
18 silly placeDep ROOT @types/react@17.0.93 REPLACE for: @material-ui/core@4.12.4 want: ^16.8.6 || ^17.0.0
19 silly fetch manifest csstype@^3.2.2
20 silly packumentCache full:https://registry.npmjs.org/csstype cache-miss
21 http cache https://registry.npmjs.org/csstype 2ms (cache hit)
22 silly packumentCache full:https://registry.npmjs.org/csstype set size:274189 disposed:false
23 silly placeDep node_modules/@types/react csstype@3.2.3 OK for: @types/react@17.0.93 want: ^3.2.2
24 silly reify moves {}
25 silly audit bulk request {
25 silly audit   '@ampproject/remapping': [ '2.2.1' ],
25 silly audit   '@babel/code-frame': [ '7.22.5' ],
25 silly audit   '@babel/compat-data': [ '7.22.5' ],
25 silly audit   '@babel/core': [ '7.22.5' ],
25 silly audit   '@babel/generator': [ '7.22.5' ],
25 silly audit   '@babel/helper-annotate-as-pure': [ '7.22.5' ],
25 silly audit   '@babel/helper-builder-binary-assignment-operator-visitor': [ '7.22.5' ],
25 silly audit   '@babel/helper-compilation-targets': [ '7.22.5' ],
25 silly audit   '@babel/helper-create-class-features-plugin': [ '7.22.5' ],
25 silly audit   '@babel/helper-create-regexp-features-plugin': [ '7.22.5' ],
25 silly audit   '@babel/helper-define-polyfill-provider': [ '0.4.0' ],
25 silly audit   '@babel/helper-environment-visitor': [ '7.22.5' ],
25 silly audit   '@babel/helper-function-name': [ '7.22.5' ],
25 silly audit   '@babel/helper-hoist-variables': [ '7.22.5' ],
25 silly audit   '@babel/helper-member-expression-to-functions': [ '7.22.5' ],
25 silly audit   '@babel/helper-module-imports': [ '7.22.5' ],
25 silly audit   '@babel/helper-module-transforms': [ '7.22.5' ],
25 silly audit   '@babel/helper-optimise-call-expression': [ '7.22.5' ],
25 silly audit   '@babel/helper-plugin-utils': [ '7.22.5' ],
25 silly audit   '@babel/helper-remap-async-to-generator': [ '7.22.5' ],
25 silly audit   '@babel/helper-replace-supers': [ '7.22.5' ],
25 silly audit   '@babel/helper-simple-access': [ '7.22.5' ],
25 silly audit   '@babel/helper-skip-transparent-expression-wrappers': [ '7.22.5' ],
25 silly audit   '@babel/helper-split-export-declaration': [ '7.22.5' ],
25 silly audit   '@babel/helper-string-parser': [ '7.22.5' ],
25 silly audit   '@babel/helper-validator-identifier': [ '7.22.5' ],
25 silly audit   '@babel/helper-validator-option': [ '7.22.5' ],
25 silly audit   '@babel/helper-wrap-function': [ '7.22.5' ],
25 silly audit   '@babel/helpers': [ '7.22.5' ],
25 silly audit   '@babel/highlight': [ '7.22.5' ],
25 silly audit   '@babel/parser': [ '7.22.5' ],
25 silly audit   '@babel/plugin-bugfix-safari-id-destructuring-collision-in-function-expression': [ '7.22.5' ],
25 silly audit   '@babel/plugin-bugfix-v8-spread-parameters-in-optional-chaining': [ '7.22.5' ],
25 silly audit   '@babel/plugin-proposal-private-property-in-object': [ '7.21.0-placeholder-for-preset-env.2' ],
25 silly audit   '@babel/plugin-proposal-unicode-property-regex': [ '7.18.6' ],
25 silly audit   '@babel/plugin-syntax-async-generators': [ '7.8.4' ],
25 silly audit   '@babel/plugin-syntax-class-properties': [ '7.12.13' ],
25 silly audit   '@babel/plugin-syntax-class-static-block': [ '7.14.5' ],
25 silly audit   '@babel/plugin-syntax-dynamic-import': [ '7.8.3' ],
25 silly audit   '@babel/plugin-syntax-export-namespace-from': [ '7.8.3' ],
25 silly audit   '@babel/plugin-syntax-import-assertions': [ '7.22.5' ],
25 silly audit   '@babel/plugin-syntax-import-attributes': [ '7.22.5' ],
25 silly audit   '@babel/plugin-syntax-import-meta': [ '7.10.4' ],
25 silly audit   '@babel/plugin-syntax-json-strings': [ '7.8.3' ],
25 silly audit   '@babel/plugin-syntax-jsx': [ '7.22.5' ],
25 silly audit   '@babel/plugin-syntax-logical-assignment-operators': [ '7.10.4' ],
25 silly audit   '@babel/plugin-syntax-nullish-coalescing-operator': [ '7.8.3' ],
25 silly audit   '@babel/plugin-syntax-numeric-separator': [ '7.10.4' ],
25 silly audit   '@babel/plugin-syntax-object-rest-spread': [ '7.8.3' ],
25 silly audit   '@babel/plugin-syntax-optional-catch-binding': [ '7.8.3' ],
25 silly audit   '@babel/plugin-syntax-optional-chaining': [ '7.8.3' ],
25 silly audit   '@babel/plugin-syntax-private-property-in-object': [ '7.14.5' ],
25 silly audit   '@babel/plugin-syntax-top-level-await': [ '7.14.5' ],
25 silly audit   '@babel/plugin-syntax-unicode-sets-regex': [ '7.18.6' ],
25 silly audit   '@babel/plugin-transform-arrow-functions': [ '7.22.5' ],
25 silly audit   '@babel/plugin-transform-async-generator-functions': [ '7.22.5' ],
25 silly audit   '@babel/plugin-transform-async-to-generator': [ '7.22.5' ],
25 silly audit   '@babel/plugin-transform-block-scoped-functions': [ '7.22.5' ],
25 silly audit   '@babel/plugin-transform-block-scoping': [ '7.22.5' ],
25 silly audit   '@babel/plugin-transform-class-properties': [ '7.22.5' ],
25 silly audit   '@babel/plugin-transform-class-static-block': [ '7.22.5' ],
25 silly audit   '@babel/plugin-transform-classes': [ '7.22.5' ],
25 silly audit   '@babel/plugin-transform-computed-properties': [ '7.22.5' ],
25 silly audit   '@babel/plugin-transform-destructuring': [ '7.22.5' ],
25 silly audit   '@babel/plugin-transform-dotall-regex': [ '7.22.5' ],
25 silly audit   '@babel/plugin-transform-duplicate-keys': [ '7.22.5' ],
25 silly audit   '@babel/plugin-transform-dynamic-import': [ '7.22.5' ],
25 silly audit   '@babel/plugin-transform-exponentiation-operator': [ '7.22.5' ],
25 silly audit   '@babel/plugin-transform-export-namespace-from': [ '7.22.5' ],
25 silly audit   '@babel/plugin-transform-for-of': [ '7.22.5' ],
25 silly audit   '@babel/plugin-transform-function-name': [ '7.22.5' ],
25 silly audit   '@babel/plugin-transform-json-strings': [ '7.22.5' ],
25 silly audit   '@babel/plugin-transform-literals': [ '7.22.5' ],
25 silly audit   '@babel/plugin-transform-logical-assignment-operators': [ '7.22.5' ],
25 silly audit   '@babel/plugin-transform-member-expression-literals': [ '7.22.5' ],
25 silly audit   '@babel/plugin-transform-modules-amd': [ '7.22.5' ],
25 silly audit   '@babel/plugin-transform-modules-commonjs': [ '7.22.5' ],
25 silly audit   '@babel/plugin-transform-modules-systemjs': [ '7.22.5' ],
25 silly audit   '@babel/plugin-transform-modules-umd': [ '7.22.5' ],
25 silly audit   '@babel/plugin-transform-named-capturing-groups-regex': [ '7.22.5' ],
25 silly audit   '@babel/plugin-transform-new-target': [ '7.22.5' ],
25 silly audit   '@babel/plugin-transform-nullish-coalescing-operator': [ '7.22.5' ],
25 silly audit   '@babel/plugin-transform-numeric-separator': [ '7.22.5' ],
25 silly audit   '@babel/plugin-transform-object-rest-spread': [ '7.22.5' ],
25 silly audit   '@babel/plugin-transform-object-super': [ '7.22.5' ],
25 silly audit   '@babel/plugin-transform-optional-catch-binding': [ '7.22.5' ],
25 silly audit   '@babel/plugin-transform-optional-chaining': [ '7.22.5' ],
25 silly audit   '@babel/plugin-transform-parameters': [ '7.22.5' ],
25 silly audit   '@babel/plugin-transform-private-methods': [ '7.22.5' ],
25 silly audit   '@babel/plugin-transform-private-property-in-object': [ '7.22.5' ],
25 silly audit   '@babel/plugin-transform-property-literals': [ '7.22.5' ],
25 silly audit   '@babel/plugin-transform-react-display-name': [ '7.22.5' ],
25 silly audit   '@babel/plugin-transform-react-jsx': [ '7.22.5' ],
25 silly audit   '@babel/plugin-transform-react-jsx-development': [ '7.22.5' ],
25 silly audit   '@babel/plugin-transform-react-pure-annotations': [ '7.22.5' ],
25 silly audit   '@babel/plugin-transform-regenerator': [ '7.22.5' ],
25 silly audit   '@babel/plugin-transform-reserved-words': [ '7.22.5' ],
25 silly audit   '@babel/plugin-transform-runtime': [ '7.22.5' ],
25 silly audit   '@babel/plugin-transform-shorthand-properties': [ '7.22.5' ],
25 silly audit   '@babel/plugin-transform-spread': [ '7.22.5' ],
25 silly audit   '@babel/plugin-transform-sticky-regex': [ '7.22.5' ],
25 silly audit   '@babel/plugin-transform-template-literals': [ '7.22.5' ],
25 silly audit   '@babel/plugin-transform-typeof-symbol': [ '7.22.5' ],
25 silly audit   '@babel/plugin-transform-unicode-escapes': [ '7.22.5' ],
25 silly audit   '@babel/plugin-transform-unicode-property-regex': [ '7.22.5' ],
25 silly audit   '@babel/plugin-transform-unicode-regex': [ '7.22.5' ],
25 silly audit   '@babel/plugin-transform-unicode-sets-regex': [ '7.22.5' ],
25 silly audit   '@babel/preset-env': [ '7.22.5' ],
25 silly audit   '@babel/preset-modules': [ '0.1.5' ],
25 silly audit   '@babel/preset-react': [ '7.22.5' ],
25 silly audit   '@babel/regjsgen': [ '0.8.0' ],
25 silly audit   '@babel/runtime': [ '7.22.5' ],
25 silly audit   '@babel/template': [ '7.22.5' ],
25 silly audit   '@babel/traverse': [ '7.22.5' ],
25 silly audit   '@babel/types': [ '7.22.5' ],
25 silly audit   '@discoveryjs/json-ext': [ '0.5.7' ],
25 silly audit   '@emotion/hash': [ '0.8.0' ],
25 silly audit   '@jridgewell/gen-mapping': [ '0.3.3' ],
25 silly audit   '@jridgewell/resolve-uri': [ '3.1.0' ],
25 silly audit   '@jridgewell/set-array': [ '1.1.2' ],
25 silly audit   '@jridgewell/source-map': [ '0.3.3' ],
25 silly audit   '@jridgewell/sourcemap-codec': [ '1.4.15', '1.4.14' ],
25 silly audit   '@jridgewell/trace-mapping': [ '0.3.18' ],
25 silly audit   '@material-ui/core': [ '4.12.4' ],
25 silly audit   '@material-ui/icons': [ '4.11.3' ],
25 silly audit   '@material-ui/styles': [ '4.11.5' ],
25 silly audit   '@material-ui/system': [ '4.12.2' ],
25 silly audit   '@material-ui/types': [ '5.1.0' ],
25 silly audit   '@material-ui/utils': [ '4.11.3' ],
25 silly audit   '@types/eslint': [ '8.40.2' ],
25 silly audit   '@types/eslint-scope': [ '3.7.4' ],
25 silly audit   '@types/estree': [ '1.0.1' ],
25 silly audit   '@types/glob': [ '7.2.0' ],
25 silly audit   '@types/html-minifier-terser': [ '5.1.2' ],
25 silly audit   '@types/json-schema': [ '7.0.12' ],
25 silly audit   '@types/minimatch': [ '5.1.2' ],
25 silly audit   '@types/node': [ '20.3.2' ],
25 silly audit   '@types/prop-types': [ '15.7.5' ],
25 silly audit   '@types/react-transition-group': [ '4.4.6' ],
25 silly audit   csstype: [ '2.6.21', '3.1.2', '3.2.3' ],
25 silly audit   '@types/scheduler': [ '0.16.3' ],
25 silly audit   '@types/source-list-map': [ '0.1.2' ],
25 silly audit   '@types/tapable': [ '1.0.8' ],
25 silly audit   '@types/uglify-js': [ '3.17.1' ],
25 silly audit   '@types/webpack': [ '4.41.33' ],
25 silly audit   '@types/webpack-sources': [ '3.2.0' ],
25 silly audit   'source-map': [ '0.7.4', '0.5.7', '0.6.1' ],
25 silly audit   '@webassemblyjs/ast': [ '1.11.6' ],
25 silly audit   '@webassemblyjs/floating-point-hex-parser': [ '1.11.6' ],
25 silly audit   '@webassemblyjs/helper-api-error': [ '1.11.6' ],
25 silly audit   '@webassemblyjs/helper-buffer': [ '1.11.6' ],
25 silly audit   '@webassemblyjs/helper-numbers': [ '1.11.6' ],
25 silly audit   '@webassemblyjs/helper-wasm-bytecode': [ '1.11.6' ],
25 silly audit   '@webassemblyjs/helper-wasm-section': [ '1.11.6' ],
25 silly audit   '@webassemblyjs/ieee754': [ '1.11.6' ],
25 silly audit   '@webassemblyjs/leb128': [ '1.11.6' ],
25 silly audit   '@webassemblyjs/utf8': [ '1.11.6' ],
25 silly audit   '@webassemblyjs/wasm-edit': [ '1.11.6' ],
25 silly audit   '@webassemblyjs/wasm-gen': [ '1.11.6' ],
25 silly audit   '@webassemblyjs/wasm-opt': [ '1.11.6' ],
25 silly audit   '@webassemblyjs/wasm-parser': [ '1.11.6' ],
25 silly audit   '@webassemblyjs/wast-printer': [ '1.11.6' ],
25 silly audit   '@webpack-cli/configtest': [ '1.2.0' ],
25 silly audit   '@webpack-cli/info': [ '1.5.0' ],
25 silly audit   '@webpack-cli/serve': [ '1.7.0' ],
25 silly audit   '@xtuc/ieee754': [ '1.2.0' ],
25 silly audit   '@xtuc/long': [ '4.2.2' ],
25 silly audit   accepts: [ '1.3.8' ],
25 silly audit   acorn: [ '8.9.0' ],
25 silly audit   'acorn-import-assertions': [ '1.9.0' ],
25 silly audit   ajv: [ '6.12.6' ],
25 silly audit   'ajv-errors': [ '1.0.1' ],
25 silly audit   'ajv-keywords': [ '3.5.2' ],
25 silly audit   'ansi-colors': [ '3.2.4' ],
25 silly audit   'ansi-html-community': [ '0.0.8' ],
25 silly audit   'ansi-regex': [ '2.1.1', '4.1.1' ],
25 silly audit   'ansi-styles': [ '3.2.1' ],
25 silly audit   anymatch: [ '3.1.3', '2.0.0' ],
25 silly audit   'arr-diff': [ '4.0.0' ],
25 silly audit   'arr-flatten': [ '1.1.0' ],
25 silly audit   'arr-union': [ '3.1.0' ],
25 silly audit   'array-buffer-byte-length': [ '1.0.0' ],
25 silly audit   'array-flatten': [ '2.1.2', '1.1.1' ],
25 silly audit   'array-union': [ '1.0.2' ],
25 silly audit   'array-uniq': [ '1.0.3' ],
25 silly audit   'array-unique': [ '0.3.2' ],
25 silly audit   'array.prototype.reduce': [ '1.0.5' ],
25 silly audit   'assign-symbols': [ '1.0.0' ],
25 silly audit   async: [ '2.6.4' ],
25 silly audit   'async-each': [ '1.0.6' ],
25 silly audit   'async-limiter': [ '1.0.1' ],
25 silly audit   atob: [ '2.1.2' ],
25 silly audit   'available-typed-arrays': [ '1.0.5' ],
25 silly audit   'babel-loader': [ '8.3.0' ],
25 silly audit   'babel-plugin-polyfill-corejs2': [ '0.4.3' ],
25 silly audit   'babel-plugin-polyfill-corejs3': [ '0.8.1' ],
25 silly audit   'babel-plugin-polyfill-regenerator': [ '0.5.0' ],
25 silly audit   'balanced-match': [ '1.0.2' ],
25 silly audit   base: [ '0.11.2' ],
25 silly audit   'define-property': [ '1.0.0', '0.2.5', '2.0.2' ],
25 silly audit   batch: [ '0.6.1' ],
25 silly audit   'big.js': [ '5.2.2' ],
25 silly audit   'binary-extensions': [ '1.13.1' ],
25 silly audit   bindings: [ '1.5.0' ],
25 silly audit   'body-parser': [ '1.20.1' ],
25 silly audit   bytes: [ '3.1.2', '3.0.0' ],
25 silly audit   debug: [ '2.6.9', '4.3.4', '3.2.7' ],
25 silly audit   ms: [ '2.0.0', '2.1.2', '2.1.3' ],
25 silly audit   bonjour: [ '3.5.0' ],
25 silly audit   boolbase: [ '1.0.0' ],
25 silly audit   'brace-expansion': [ '1.1.11' ],
25 silly audit   braces: [ '2.3.2' ],
25 silly audit   browserslist: [ '4.21.9' ],
25 silly audit   'buffer-from': [ '1.1.2' ],
25 silly audit   'buffer-indexof': [ '1.1.1' ],
25 silly audit   'cache-base': [ '1.0.1' ],
25 silly audit   'call-bind': [ '1.0.2' ],
25 silly audit   'camel-case': [ '4.1.2' ],
25 silly audit   camelcase: [ '5.3.1' ],
25 silly audit   'caniuse-lite': [ '1.0.30001508' ],
25 silly audit   chalk: [ '2.4.2' ],
25 silly audit   chokidar: [ '2.1.8' ],
25 silly audit   'normalize-path': [ '2.1.1', '3.0.0' ],
25 silly audit   'chrome-trace-event': [ '1.0.3' ],
25 silly audit   'class-utils': [ '0.3.6' ],
25 silly audit   'is-accessor-descriptor': [ '0.1.6', '1.0.0' ],
25 silly audit   'is-data-descriptor': [ '0.1.4', '1.0.0' ],
25 silly audit   'is-descriptor': [ '0.1.6', '1.0.2' ],
25 silly audit   'kind-of': [ '5.1.0', '6.0.3', '4.0.0', '3.2.2' ],
25 silly audit   'clean-css': [ '4.2.4' ],
25 silly audit   'clean-webpack-plugin': [ '3.0.0' ],
25 silly audit   cliui: [ '5.0.0' ],
25 silly audit   'strip-ansi': [ '5.2.0', '3.0.1' ],
25 silly audit   'clone-deep': [ '4.0.1' ],
25 silly audit   clsx: [ '1.2.1' ],
25 silly audit   'collection-visit': [ '1.0.0' ],
25 silly audit   'color-convert': [ '1.9.3' ],
25 silly audit   'color-name': [ '1.1.3' ],
25 silly audit   colorette: [ '2.0.20' ],
25 silly audit   commander: [ '4.1.1', '2.20.3', '7.2.0' ],
25 silly audit   commondir: [ '1.0.1' ],
25 silly audit   'component-emitter': [ '1.3.0' ],
25 silly audit   compressible: [ '2.0.18' ],
25 silly audit   compression: [ '1.7.4' ],
25 silly audit   'safe-buffer': [ '5.1.2', '5.2.1' ],
25 silly audit   'concat-map': [ '0.0.1' ],
25 silly audit   'connect-history-api-fallback': [ '1.6.0' ],
25 silly audit   'content-disposition': [ '0.5.4' ],
25 silly audit   'content-type': [ '1.0.5' ],
25 silly audit   'convert-source-map': [ '1.9.0' ],
25 silly audit   cookie: [ '0.5.0' ],
25 silly audit   'cookie-signature': [ '1.0.6' ],
25 silly audit   'copy-descriptor': [ '0.1.1' ],
25 silly audit   'core-js-compat': [ '3.31.0' ],
25 silly audit   'core-util-is': [ '1.0.3' ],
25 silly audit   'cross-spawn': [ '7.0.3', '6.0.5' ],
25 silly audit   'css-loader': [ '5.2.7' ],
25 silly audit   'lru-cache': [ '6.0.0', '5.1.1' ],
25 silly audit   'schema-utils': [ '3.3.0', '2.7.1', '1.0.0' ],
25 silly audit   semver: [ '7.5.3', '5.7.1', '6.3.0' ],
25 silly audit   yallist: [ '4.0.0', '3.1.1' ],
25 silly audit   'css-select': [ '4.3.0' ],
25 silly audit   'css-vendor': [ '2.0.8' ],
25 silly audit   'css-what': [ '6.1.0' ],
25 silly audit   cssesc: [ '3.0.0' ],
25 silly audit   decamelize: [ '1.2.0' ],
25 silly audit   'decode-uri-component': [ '0.2.2' ],
25 silly audit   'deep-equal': [ '1.1.1' ],
25 silly audit   'default-gateway': [ '4.2.0' ],
25 silly audit   'define-properties': [ '1.2.0' ],
25 silly audit   del: [ '4.1.1' ],
25 silly audit   depd: [ '2.0.0', '1.1.2' ],
25 silly audit   destroy: [ '1.2.0' ],
25 silly audit   'detect-node': [ '2.1.0' ],
25 silly audit   'dns-equal': [ '1.0.0' ],
25 silly audit   'dns-packet': [ '1.3.4' ],
25 silly audit   'dns-txt': [ '2.0.2' ],
25 silly audit   'dom-converter': [ '0.2.0' ],
25 silly audit   'dom-helpers': [ '5.2.1' ],
25 silly audit   'dom-serializer': [ '1.4.1' ],
25 silly audit   domelementtype: [ '2.3.0' ],
25 silly audit   domhandler: [ '4.3.1' ],
25 silly audit   domutils: [ '2.8.0' ],
25 silly audit   'dot-case': [ '3.0.4' ],
25 silly audit   'ee-first': [ '1.1.1' ],
25 silly audit   'electron-to-chromium': [ '1.4.442' ],
25 silly audit   'emoji-regex': [ '7.0.3' ],
25 silly audit   'emojis-list': [ '3.0.0' ],
25 silly audit   encodeurl: [ '1.0.2' ],
25 silly audit   'end-of-stream': [ '1.4.4' ],
25 silly audit   'enhanced-resolve': [ '5.15.0' ],
25 silly audit   tapable: [ '2.2.1', '1.1.3' ],
25 silly audit   entities: [ '2.2.0' ],
25 silly audit   envinfo: [ '7.10.0' ],
25 silly audit   errno: [ '0.1.8' ],
25 silly audit   'es-abstract': [ '1.21.2' ],
25 silly audit   'es-array-method-boxes-properly': [ '1.0.0' ],
25 silly audit   'es-module-lexer': [ '1.3.0' ],
25 silly audit   'es-set-tostringtag': [ '2.0.1' ],
25 silly audit   'es-to-primitive': [ '1.2.1' ],
25 silly audit   escalade: [ '3.1.1' ],
25 silly audit   'escape-html': [ '1.0.3' ],
25 silly audit   'escape-string-regexp': [ '1.0.5' ],
25 silly audit   'eslint-scope': [ '5.1.1' ],
25 silly audit   esrecurse: [ '4.3.0' ],
25 silly audit   estraverse: [ '5.3.0', '4.3.0' ],
25 silly audit   esutils: [ '2.0.3' ],
25 silly audit   etag: [ '1.8.1' ],
25 silly audit   eventemitter3: [ '4.0.7' ],
25 silly audit   events: [ '3.3.0' ],
25 silly audit   eventsource: [ '2.0.2' ],
25 silly audit   execa: [ '1.0.0' ],
25 silly audit   'path-key': [ '2.0.1', '3.1.1' ],
25 silly audit   'shebang-command': [ '1.2.0', '2.0.0' ],
25 silly audit   'shebang-regex': [ '1.0.0', '3.0.0' ],
25 silly audit   which: [ '1.3.1', '2.0.2' ],
25 silly audit   'expand-brackets': [ '2.1.4' ],
25 silly audit   express: [ '4.18.2' ],
25 silly audit   'path-to-regexp': [ '0.1.7', '1.8.0' ],
25 silly audit   'extend-shallow': [ '2.0.1', '3.0.2' ],
25 silly audit   extglob: [ '2.0.4' ],
25 silly audit   'fast-deep-equal': [ '3.1.3' ],
25 silly audit   'fast-json-stable-stringify': [ '2.1.0' ],
25 silly audit   'fastest-levenshtein': [ '1.0.16' ],
25 silly audit   'faye-websocket': [ '0.11.4' ],
25 silly audit   'file-uri-to-path': [ '1.0.0' ],
25 silly audit   'fill-range': [ '4.0.0' ],
25 silly audit   finalhandler: [ '1.2.0' ],
25 silly audit   'find-cache-dir': [ '3.3.2' ],
25 silly audit   'find-up': [ '4.1.0', '3.0.0' ],
25 silly audit   'follow-redirects': [ '1.15.2' ],
25 silly audit   'for-each': [ '0.3.3' ],
25 silly audit   'for-in': [ '1.0.2' ],
25 silly audit   forwarded: [ '0.2.0' ],
25 silly audit   'fragment-cache': [ '0.2.1' ],
25 silly audit   fresh: [ '0.5.2' ],
25 silly audit   'fs.realpath': [ '1.0.0' ],
25 silly audit   fsevents: [ '1.2.13' ],
25 silly audit   'function-bind': [ '1.1.1' ],
25 silly audit   'function.prototype.name': [ '1.1.5' ],
25 silly audit   'functions-have-names': [ '1.2.3' ],
25 silly audit   gensync: [ '1.0.0-beta.2' ],
25 silly audit   'get-caller-file': [ '2.0.5' ],
25 silly audit   'get-intrinsic': [ '1.2.1' ],
25 silly audit   'get-stream': [ '4.1.0' ],
25 silly audit   'get-symbol-description': [ '1.0.0' ],
25 silly audit   'get-value': [ '2.0.6' ],
25 silly audit   glob: [ '7.2.3' ],
25 silly audit   'glob-parent': [ '3.1.0' ],
25 silly audit   'is-glob': [ '3.1.0', '4.0.3' ],
25 silly audit   'glob-to-regexp': [ '0.4.1' ],
25 silly audit   globals: [ '11.12.0' ],
25 silly audit   globalthis: [ '1.0.3' ],
25 silly audit   globby: [ '6.1.0' ],
25 silly audit   pify: [ '2.3.0', '4.0.1' ],
25 silly audit   gopd: [ '1.0.1' ],
25 silly audit   'graceful-fs': [ '4.2.11' ],
25 silly audit   'handle-thing': [ '2.0.1' ],
25 silly audit   has: [ '1.0.3' ],
25 silly audit   'has-bigints': [ '1.0.2' ],
25 silly audit   'has-flag': [ '3.0.0', '4.0.0' ],
25 silly audit   'has-property-descriptors': [ '1.0.0' ],
25 silly audit   'has-proto': [ '1.0.1' ],
25 silly audit   'has-symbols': [ '1.0.3' ],
25 silly audit   'has-tostringtag': [ '1.0.0' ],
25 silly audit   'has-value': [ '1.0.0', '0.3.1' ],
25 silly audit   'has-values': [ '1.0.0', '0.1.4' ],
25 silly audit   he: [ '1.2.0' ],
25 silly audit   history: [ '4.10.1' ],
25 silly audit   'hoist-non-react-statics': [ '3.3.2' ],
25 silly audit   'react-is': [ '16.13.1', '17.0.2' ],
25 silly audit   'hpack.js': [ '2.1.6' ],
25 silly audit   'html-entities': [ '1.4.0' ],
25 silly audit   'html-minifier-terser': [ '5.1.1' ],
25 silly audit   'html-webpack-plugin': [ '4.5.2' ],
25 silly audit   json5: [ '1.0.2', '2.2.3' ],
25 silly audit   'loader-utils': [ '1.4.2', '2.0.4' ],
25 silly audit   htmlparser2: [ '6.1.0' ],
25 silly audit   'http-deceiver': [ '1.2.7' ],
25 silly audit   'http-errors': [ '2.0.0', '1.6.3' ],
25 silly audit   'http-parser-js': [ '0.5.8' ],
25 silly audit   'http-proxy': [ '1.18.1' ],
25 silly audit   'http-proxy-middleware': [ '0.19.1' ],
25 silly audit   'hyphenate-style-name': [ '1.0.4' ],
25 silly audit   'iconv-lite': [ '0.4.24' ],
25 silly audit   'icss-utils': [ '5.1.0' ],
25 silly audit   'import-local': [ '3.1.0', '2.0.0' ],
25 silly audit   inflight: [ '1.0.6' ],
25 silly audit   inherits: [ '2.0.4', '2.0.3' ],
25 silly audit   'internal-ip': [ '4.3.0' ],
25 silly audit   'internal-slot': [ '1.0.5' ],
25 silly audit   interpret: [ '2.2.0' ],
25 silly audit   ip: [ '1.1.8' ],
25 silly audit   'ip-regex': [ '2.1.0' ],
25 silly audit   'ipaddr.js': [ '1.9.1' ],
25 silly audit   'is-absolute-url': [ '3.0.3' ],
25 silly audit   'is-arguments': [ '1.1.1' ],
25 silly audit   'is-array-buffer': [ '3.0.2' ],
25 silly audit   'is-bigint': [ '1.0.4' ],
25 silly audit   'is-binary-path': [ '1.0.1' ],
25 silly audit   'is-boolean-object': [ '1.1.2' ],
25 silly audit   'is-buffer': [ '1.1.6' ],
25 silly audit   'is-callable': [ '1.2.7' ],
25 silly audit   'is-core-module': [ '2.12.1' ],
25 silly audit   'is-date-object': [ '1.0.5' ],
25 silly audit   'is-extendable': [ '0.1.1', '1.0.1' ],
25 silly audit   'is-extglob': [ '2.1.1' ],
25 silly audit   'is-fullwidth-code-point': [ '2.0.0' ],
25 silly audit   'is-in-browser': [ '1.1.3' ],
25 silly audit   'is-negative-zero': [ '2.0.2' ],
25 silly audit   'is-number': [ '3.0.0' ],
25 silly audit   'is-number-object': [ '1.0.7' ],
25 silly audit   'is-path-cwd': [ '2.2.0' ],
25 silly audit   'is-path-in-cwd': [ '2.1.0' ],
25 silly audit   'is-path-inside': [ '2.1.0' ],
25 silly audit   'is-plain-object': [ '2.0.4' ],
25 silly audit   'is-regex': [ '1.1.4' ],
25 silly audit   'is-shared-array-buffer': [ '1.0.2' ],
25 silly audit   'is-stream': [ '1.1.0' ],
25 silly audit   'is-string': [ '1.0.7' ],
25 silly audit   'is-symbol': [ '1.0.4' ],
25 silly audit   'is-typed-array': [ '1.1.10' ],
25 silly audit   'is-weakref': [ '1.0.2' ],
25 silly audit   'is-windows': [ '1.0.2' ],
25 silly audit   'is-wsl': [ '1.1.0' ],
25 silly audit   isarray: [ '0.0.1', '1.0.0', '2.0.5' ],
25 silly audit   isexe: [ '2.0.0' ],
25 silly audit   isobject: [ '3.0.1', '2.1.0' ],
25 silly audit   'jest-worker': [ '27.5.1' ],
25 silly audit   'supports-color': [ '8.1.1', '5.5.0', '6.1.0' ],
25 silly audit   'js-tokens': [ '4.0.0' ],
25 silly audit   jsesc: [ '2.5.2', '0.5.0' ],
25 silly audit   'json-parse-even-better-errors': [ '2.3.1' ],
25 silly audit   'json-schema-traverse': [ '0.4.1' ],
25 silly audit   jss: [ '10.10.0' ],
25 silly audit   'jss-plugin-camel-case': [ '10.10.0' ],
25 silly audit   'jss-plugin-default-unit': [ '10.10.0' ],
25 silly audit   'jss-plugin-global': [ '10.10.0' ],
25 silly audit   'jss-plugin-nested': [ '10.10.0' ],
25 silly audit   'jss-plugin-props-sort': [ '10.10.0' ],
25 silly audit   'jss-plugin-rule-value-function': [ '10.10.0' ],
25 silly audit   'jss-plugin-vendor-prefixer': [ '10.10.0' ],
25 silly audit   killable: [ '1.0.1' ],
25 silly audit   'loader-runner': [ '4.3.0' ],
25 silly audit   'locate-path': [ '5.0.0', '3.0.0' ],
25 silly audit   lodash: [ '4.17.21' ],
25 silly audit   'lodash.debounce': [ '4.0.8' ],
25 silly audit   loglevel: [ '1.8.1' ],
25 silly audit   'loose-envify': [ '1.4.0' ],
25 silly audit   'lower-case': [ '2.0.2' ],
25 silly audit   'make-dir': [ '3.1.0' ],
25 silly audit   'map-cache': [ '0.2.2' ],
25 silly audit   'map-visit': [ '1.0.0' ],
25 silly audit   'media-typer': [ '0.3.0' ],
25 silly audit   'memory-fs': [ '0.4.1' ],
25 silly audit   'merge-descriptors': [ '1.0.1' ],
25 silly audit   'merge-stream': [ '2.0.0' ],
25 silly audit   methods: [ '1.1.2' ],
25 silly audit   micromatch: [ '3.1.10' ],
25 silly audit   mime: [ '1.6.0', '2.6.0' ],
25 silly audit   'mime-db': [ '1.52.0' ],
25 silly audit   'mime-types': [ '2.1.35' ],
25 silly audit   'minimalistic-assert': [ '1.0.1' ],
25 silly audit   minimatch: [ '3.1.2' ],
25 silly audit   minimist: [ '1.2.8' ],
25 silly audit   'mixin-deep': [ '1.3.2' ],
25 silly audit   mkdirp: [ '0.5.6' ],
25 silly audit   'multicast-dns': [ '6.2.3' ],
25 silly audit   'multicast-dns-service-types': [ '1.1.0' ],
25 silly audit   nan: [ '2.17.0' ],
25 silly audit   nanoid: [ '3.3.6' ],
25 silly audit   nanomatch: [ '1.2.13' ],
25 silly audit   negotiator: [ '0.6.3' ],
25 silly audit   'neo-async': [ '2.6.2' ],
25 silly audit   'nice-try': [ '1.0.5' ],
25 silly audit   'no-case': [ '3.0.4' ],
25 silly audit   'node-forge': [ '0.10.0' ],
25 silly audit   'node-releases': [ '2.0.12' ],
25 silly audit   'npm-run-path': [ '2.0.2' ],
25 silly audit   'nth-check': [ '2.1.1' ],
25 silly audit   'object-assign': [ '4.1.1' ],
25 silly audit   'object-copy': [ '0.1.0' ],
25 silly audit   'object-inspect': [ '1.12.3' ],
25 silly audit   'object-is': [ '1.1.5' ],
25 silly audit   'object-keys': [ '1.1.1' ],
25 silly audit   'object-visit': [ '1.0.1' ],
25 silly audit   'object.assign': [ '4.1.4' ],
25 silly audit   'object.getownpropertydescriptors': [ '2.1.6' ],
25 silly audit   'object.pick': [ '1.3.0' ],
25 silly audit   obuf: [ '1.1.2' ],
25 silly audit   'on-finished': [ '2.4.1' ],
25 silly audit   'on-headers': [ '1.0.2' ],
25 silly audit   once: [ '1.4.0' ],
25 silly audit   opn: [ '5.5.0' ],
25 silly audit   'p-finally': [ '1.0.0' ],
25 silly audit   'p-limit': [ '2.3.0' ],
25 silly audit   'p-locate': [ '4.1.0', '3.0.0' ],
25 silly audit   'p-map': [ '2.1.0' ],
25 silly audit   'p-retry': [ '3.0.1' ],
25 silly audit   'p-try': [ '2.2.0' ],
25 silly audit   'param-case': [ '3.0.4' ],
25 silly audit   parseurl: [ '1.3.3' ],
25 silly audit   'pascal-case': [ '3.1.2' ],
25 silly audit   pascalcase: [ '0.1.1' ],
25 silly audit   'path-dirname': [ '1.0.2' ],
25 silly audit   'path-exists': [ '4.0.0', '3.0.0' ],
25 silly audit   'path-is-absolute': [ '1.0.1' ],
25 silly audit   'path-is-inside': [ '1.0.2' ],
25 silly audit   'path-parse': [ '1.0.7' ],
25 silly audit   picocolors: [ '1.0.0' ],
25 silly audit   picomatch: [ '2.3.1' ],
25 silly audit   pinkie: [ '2.0.4' ],
25 silly audit   'pinkie-promise': [ '2.0.1' ],
25 silly audit   'pkg-dir': [ '4.2.0', '3.0.0' ],
25 silly audit   'popper.js': [ '1.16.1-lts' ],
25 silly audit   portfinder: [ '1.0.32' ],
25 silly audit   'posix-character-classes': [ '0.1.1' ],
25 silly audit   postcss: [ '8.4.24' ],
25 silly audit   'postcss-modules-extract-imports': [ '3.0.0' ],
25 silly audit   'postcss-modules-local-by-default': [ '4.0.3' ],
25 silly audit   'postcss-modules-scope': [ '3.0.0' ],
25 silly audit   'postcss-modules-values': [ '4.0.0' ],
25 silly audit   'postcss-selector-parser': [ '6.0.13' ],
25 silly audit   'postcss-value-parser': [ '4.2.0' ],
25 silly audit   'pretty-error': [ '2.1.2' ],
25 silly audit   'process-nextick-args': [ '2.0.1' ],
25 silly audit   'prop-types': [ '15.8.1' ],
25 silly audit   'proxy-addr': [ '2.0.7' ],
25 silly audit   prr: [ '1.0.1' ],
25 silly audit   pump: [ '3.0.0' ],
25 silly audit   punycode: [ '2.3.0', '1.4.1' ],
25 silly audit   qs: [ '6.11.0' ],
25 silly audit   querystringify: [ '2.2.0' ],
25 silly audit   randombytes: [ '2.1.0' ],
25 silly audit   'range-parser': [ '1.2.1' ],
25 silly audit   'raw-body': [ '2.5.1' ],
25 silly audit   react: [ '17.0.2' ],
25 silly audit   'react-dom': [ '17.0.2' ],
25 silly audit   'react-router': [ '5.3.4' ],
25 silly audit   'react-router-dom': [ '5.3.4' ],
25 silly audit   'react-transition-group': [ '4.4.5' ],
25 silly audit   'readable-stream': [ '2.3.8', '3.6.2' ],
25 silly audit   readdirp: [ '2.2.1' ],
25 silly audit   rechoir: [ '0.7.1' ],
25 silly audit   regenerate: [ '1.4.2' ],
25 silly audit   'regenerate-unicode-properties': [ '10.1.0' ],
25 silly audit   'regenerator-runtime': [ '0.13.11' ],
25 silly audit   'regenerator-transform': [ '0.15.1' ],
25 silly audit   'regex-not': [ '1.0.2' ],
25 silly audit   'regexp.prototype.flags': [ '1.5.0' ],
25 silly audit   'regexpu-core': [ '5.3.2' ],
25 silly audit   regjsparser: [ '0.9.1' ],
25 silly audit   relateurl: [ '0.2.7' ],
25 silly audit   'remove-trailing-separator': [ '1.1.0' ],
25 silly audit   renderkid: [ '2.0.7' ],
25 silly audit   'repeat-element': [ '1.1.4' ],
25 silly audit   'repeat-string': [ '1.6.1' ],
25 silly audit   'require-directory': [ '2.1.1' ],
25 silly audit   'require-main-filename': [ '2.0.0' ],
25 silly audit   'requires-port': [ '1.0.0' ],
25 silly audit   resolve: [ '1.22.2' ],
25 silly audit   'resolve-cwd': [ '3.0.0', '2.0.0' ],
25 silly audit   'resolve-from': [ '5.0.0', '3.0.0' ],
25 silly audit   'resolve-pathname': [ '3.0.0' ],
25 silly audit   'resolve-url': [ '0.2.1' ],
25 silly audit   ret: [ '0.1.15' ],
25 silly audit   retry: [ '0.12.0' ],
25 silly audit   rimraf: [ '2.7.1' ],
25 silly audit   'safe-array-concat': [ '1.0.0' ],
25 silly audit   'safe-regex': [ '1.1.0' ],
25 silly audit   'safe-regex-test': [ '1.0.0' ],
25 silly audit   'safer-buffer': [ '2.1.2' ],
25 silly audit   scheduler: [ '0.20.2' ],
25 silly audit   'select-hose': [ '2.0.0' ],
25 silly audit   selfsigned: [ '1.10.14' ],
25 silly audit   send: [ '0.18.0' ],
25 silly audit   'serialize-javascript': [ '6.0.1' ],
25 silly audit   'serve-index': [ '1.9.1' ],
25 silly audit   setprototypeof: [ '1.1.0', '1.2.0' ],
25 silly audit   statuses: [ '1.5.0', '2.0.1' ],
25 silly audit   'serve-static': [ '1.15.0' ],
25 silly audit   'set-blocking': [ '2.0.0' ],
25 silly audit   'set-value': [ '2.0.1' ],
25 silly audit   'shallow-clone': [ '3.0.1' ],
25 silly audit   'side-channel': [ '1.0.4' ],
25 silly audit   'signal-exit': [ '3.0.7' ],
25 silly audit   snapdragon: [ '0.8.2' ],
25 silly audit   'snapdragon-node': [ '2.1.1' ],
25 silly audit   'snapdragon-util': [ '3.0.1' ],
25 silly audit   sockjs: [ '0.3.24' ],
25 silly audit   'sockjs-client': [ '1.6.1' ],
25 silly audit   'source-map-js': [ '1.0.2' ],
25 silly audit   'source-map-resolve': [ '0.5.3' ],
25 silly audit   'source-map-support': [ '0.5.21' ],
25 silly audit   'source-map-url': [ '0.4.1' ],
25 silly audit   spdy: [ '4.0.2' ],
25 silly audit   'spdy-transport': [ '3.0.0' ],
25 silly audit   'split-string': [ '3.1.0' ],
25 silly audit   'static-extend': [ '0.1.2' ],
25 silly audit   string_decoder: [ '1.1.1' ],
25 silly audit   'string-width': [ '3.1.0' ],
25 silly audit   'string.prototype.trim': [ '1.2.7' ],
25 silly audit   'string.prototype.trimend': [ '1.0.6' ],
25 silly audit   'string.prototype.trimstart': [ '1.0.6' ],
25 silly audit   'strip-eof': [ '1.0.0' ],
25 silly audit   'style-loader': [ '2.0.0' ],
25 silly audit   'supports-preserve-symlinks-flag': [ '1.0.0' ],
25 silly audit   terser: [ '4.8.1', '5.18.2' ],
25 silly audit   'terser-webpack-plugin': [ '5.3.9' ],
25 silly audit   thunky: [ '1.1.0' ],
25 silly audit   'tiny-invariant': [ '1.3.1' ],
25 silly audit   'tiny-warning': [ '1.0.3' ],
25 silly audit   'to-fast-properties': [ '2.0.0' ],
25 silly audit   'to-object-path': [ '0.3.0' ],
25 silly audit   'to-regex': [ '3.0.2' ],
25 silly audit   'to-regex-range': [ '2.1.1' ],
25 silly audit   toidentifier: [ '1.0.1' ],
25 silly audit   tslib: [ '2.6.0' ],
25 silly audit   'type-is': [ '1.6.18' ],
25 silly audit   'typed-array-length': [ '1.0.4' ],
25 silly audit   'unbox-primitive': [ '1.0.2' ],
25 silly audit   'unicode-canonical-property-names-ecmascript': [ '2.0.0' ],
25 silly audit   'unicode-match-property-ecmascript': [ '2.0.0' ],
25 silly audit   'unicode-match-property-value-ecmascript': [ '2.1.0' ],
25 silly audit   'unicode-property-aliases-ecmascript': [ '2.1.0' ],
25 silly audit   'union-value': [ '1.0.1' ],
25 silly audit   unpipe: [ '1.0.0' ],
25 silly audit   'unset-value': [ '1.0.0' ],
25 silly audit   upath: [ '1.2.0' ],
25 silly audit   'update-browserslist-db': [ '1.0.11' ],
25 silly audit   'uri-js': [ '4.4.1' ],
25 silly audit   urix: [ '0.1.0' ],
25 silly audit   url: [ '0.11.1' ],
25 silly audit   'url-parse': [ '1.5.10' ],
25 silly audit   use: [ '3.1.1' ],
25 silly audit   'util-deprecate': [ '1.0.2' ],
25 silly audit   'util.promisify': [ '1.0.0' ],
25 silly audit   utila: [ '0.4.0' ],
25 silly audit   'utils-merge': [ '1.0.1' ],
25 silly audit   uuid: [ '8.3.2', '3.4.0' ],
25 silly audit   'value-equal': [ '1.0.1' ],
25 silly audit   vary: [ '1.1.2' ],
25 silly audit   watchpack: [ '2.4.0' ],
25 silly audit   wbuf: [ '1.7.3' ],
25 silly audit   webpack: [ '5.88.0' ],
25 silly audit   'webpack-cli': [ '4.10.0' ],
25 silly audit   'webpack-dev-middleware': [ '3.7.3' ],
25 silly audit   'webpack-dev-server': [ '3.11.3' ],
25 silly audit   'webpack-log': [ '2.0.0' ],
25 silly audit   'webpack-merge': [ '5.9.0' ],
25 silly audit   'webpack-sources': [ '3.2.3' ],
25 silly audit   'websocket-driver': [ '0.7.4' ],
25 silly audit   'websocket-extensions': [ '0.1.4' ],
25 silly audit   'which-boxed-primitive': [ '1.0.2' ],
25 silly audit   'which-module': [ '2.0.1' ],
25 silly audit   'which-typed-array': [ '1.1.9' ],
25 silly audit   wildcard: [ '2.0.1' ],
25 silly audit   'wrap-ansi': [ '5.1.0' ],
25 silly audit   wrappy: [ '1.0.2' ],
25 silly audit   ws: [ '6.2.2' ],
25 silly audit   y18n: [ '4.0.3' ],
25 silly audit   yargs: [ '13.3.2' ],
25 silly audit   'yargs-parser': [ '13.1.2' ],
25 silly audit   '@types/react': [ '17.0.93' ]
25 silly audit }
26 http cache @types/react@https://registry.npmjs.org/@types/react/-/react-17.0.93.tgz 0ms (cache hit)
27 http cache yargs-parser@https://registry.npmjs.org/yargs-parser/-/yargs-parser-13.1.2.tgz 0ms (cache hit)
28 http cache yargs@https://registry.npmjs.org/yargs/-/yargs-13.3.2.tgz 0ms (cache hit)
29 http cache y18n@https://registry.npmjs.org/y18n/-/y18n-4.0.3.tgz 0ms (cache hit)
30 http cache wrappy@https://registry.npmjs.org/wrappy/-/wrappy-1.0.2.tgz 0ms (cache hit)
31 http cache wrap-ansi@https://registry.npmjs.org/wrap-ansi/-/wrap-ansi-5.1.0.tgz 0ms (cache hit)
32 http cache ws@https://registry.npmjs.org/ws/-/ws-6.2.2.tgz 0ms (cache hit)
33 http cache wildcard@https://registry.npmjs.org/wildcard/-/wildcard-2.0.1.tgz 0ms (cache hit)
34 http cache which-typed-array@https://registry.npmjs.org/which-typed-array/-/which-typed-array-1.1.9.tgz 0ms (cache hit)
35 http cache which-module@https://registry.npmjs.org/which-module/-/which-module-2.0.1.tgz 0ms (cache hit)
36 http cache which-boxed-primitive@https://registry.npmjs.org/which-boxed-primitive/-/which-boxed-primitive-1.0.2.tgz 0ms (cache hit)
37 http cache websocket-extensions@https://registry.npmjs.org/websocket-extensions/-/websocket-extensions-0.1.4.tgz 0ms (cache hit)
38 http cache yallist@https://registry.npmjs.org/yallist/-/yallist-3.1.1.tgz 0ms (cache hit)
39 http cache webpack-merge@https://registry.npmjs.org/webpack-merge/-/webpack-merge-5.9.0.tgz 0ms (cache hit)
40 http cache which@https://registry.npmjs.org/which/-/which-2.0.2.tgz 0ms (cache hit)
41 http cache webpack-sources@https://registry.npmjs.org/webpack-sources/-/webpack-sources-3.2.3.tgz 0ms (cache hit)
42 http cache websocket-driver@https://registry.npmjs.org/websocket-driver/-/websocket-driver-0.7.4.tgz 0ms (cache hit)
43 http cache webpack-log@https://registry.npmjs.org/webpack-log/-/webpack-log-2.0.0.tgz 0ms (cache hit)
44 http cache webpack-dev-server@https://registry.npmjs.org/webpack-dev-server/-/webpack-dev-server-3.11.3.tgz 0ms (cache hit)
45 http cache webpack-dev-middleware@https://registry.npmjs.org/webpack-dev-middleware/-/webpack-dev-middleware-3.7.3.tgz 0ms (cache hit)
46 http cache webpack@https://registry.npmjs.org/webpack/-/webpack-5.88.0.tgz 0ms (cache hit)
47 http cache wbuf@https://registry.npmjs.org/wbuf/-/wbuf-1.7.3.tgz 0ms (cache hit)
48 http cache watchpack@https://registry.npmjs.org/watchpack/-/watchpack-2.4.0.tgz 0ms (cache hit)
49 http cache vary@https://registry.npmjs.org/vary/-/vary-1.1.2.tgz 0ms (cache hit)
50 http cache value-equal@https://registry.npmjs.org/value-equal/-/value-equal-1.0.1.tgz 0ms (cache hit)
51 http cache uuid@https://registry.npmjs.org/uuid/-/uuid-8.3.2.tgz 0ms (cache hit)
52 http cache webpack-cli@https://registry.npmjs.org/webpack-cli/-/webpack-cli-4.10.0.tgz 0ms (cache hit)
53 http cache utila@https://registry.npmjs.org/utila/-/utila-0.4.0.tgz 0ms (cache hit)
54 http cache util.promisify@https://registry.npmjs.org/util.promisify/-/util.promisify-1.0.0.tgz 0ms (cache hit)
55 http cache utils-merge@https://registry.npmjs.org/utils-merge/-/utils-merge-1.0.1.tgz 0ms (cache hit)
56 http cache util-deprecate@https://registry.npmjs.org/util-deprecate/-/util-deprecate-1.0.2.tgz 0ms (cache hit)
57 http cache use@https://registry.npmjs.org/use/-/use-3.1.1.tgz 0ms (cache hit)
58 http cache url-parse@https://registry.npmjs.org/url-parse/-/url-parse-1.5.10.tgz 0ms (cache hit)
59 http cache url@https://registry.npmjs.org/url/-/url-0.11.1.tgz 0ms (cache hit)
60 http cache urix@https://registry.npmjs.org/urix/-/urix-0.1.0.tgz 0ms (cache hit)
61 http cache update-browserslist-db@https://registry.npmjs.org/update-browserslist-db/-/update-browserslist-db-1.0.11.tgz 0ms (cache hit)
62 http cache uri-js@https://registry.npmjs.org/uri-js/-/uri-js-4.4.1.tgz 0ms (cache hit)
63 http cache upath@https://registry.npmjs.org/upath/-/upath-1.2.0.tgz 0ms (cache hit)
64 http cache union-value@https://registry.npmjs.org/union-value/-/union-value-1.0.1.tgz 0ms (cache hit)
65 http cache unset-value@https://registry.npmjs.org/unset-value/-/unset-value-1.0.0.tgz 0ms (cache hit)
66 http cache unpipe@https://registry.npmjs.org/unpipe/-/unpipe-1.0.0.tgz 0ms (cache hit)
67 http cache unicode-property-aliases-ecmascript@https://registry.npmjs.org/unicode-property-aliases-ecmascript/-/unicode-property-aliases-ecmascript-2.1.0.tgz 0ms (cache hit)
68 http cache unicode-canonical-property-names-ecmascript@https://registry.npmjs.org/unicode-canonical-property-names-ecmascript/-/unicode-canonical-property-names-ecmascript-2.0.0.tgz 0ms (cache hit)
69 http cache typed-array-length@https://registry.npmjs.org/typed-array-length/-/typed-array-length-1.0.4.tgz 0ms (cache hit)
70 http cache unbox-primitive@https://registry.npmjs.org/unbox-primitive/-/unbox-primitive-1.0.2.tgz 0ms (cache hit)
71 http cache unicode-match-property-ecmascript@https://registry.npmjs.org/unicode-match-property-ecmascript/-/unicode-match-property-ecmascript-2.0.0.tgz 0ms (cache hit)
72 http cache type-is@https://registry.npmjs.org/type-is/-/type-is-1.6.18.tgz 0ms (cache hit)
73 http cache tslib@https://registry.npmjs.org/tslib/-/tslib-2.6.0.tgz 0ms (cache hit)
74 http cache toidentifier@https://registry.npmjs.org/toidentifier/-/toidentifier-1.0.1.tgz 0ms (cache hit)
75 http cache to-regex@https://registry.npmjs.org/to-regex/-/to-regex-3.0.2.tgz 0ms (cache hit)
76 http cache unicode-match-property-value-ecmascript@https://registry.npmjs.org/unicode-match-property-value-ecmascript/-/unicode-match-property-value-ecmascript-2.1.0.tgz 0ms (cache hit)
77 http cache to-fast-properties@https://registry.npmjs.org/to-fast-properties/-/to-fast-properties-2.0.0.tgz 0ms (cache hit)
78 http cache to-object-path@https://registry.npmjs.org/to-object-path/-/to-object-path-0.3.0.tgz 0ms (cache hit)
79 http cache thunky@https://registry.npmjs.org/thunky/-/thunky-1.1.0.tgz 0ms (cache hit)
80 http cache tiny-warning@https://registry.npmjs.org/tiny-warning/-/tiny-warning-1.0.3.tgz 0ms (cache hit)
81 http cache tiny-invariant@https://registry.npmjs.org/tiny-invariant/-/tiny-invariant-1.3.1.tgz 0ms (cache hit)
82 http cache terser-webpack-plugin@https://registry.npmjs.org/terser-webpack-plugin/-/terser-webpack-plugin-5.3.9.tgz 0ms (cache hit)
83 http cache tapable@https://registry.npmjs.org/tapable/-/tapable-1.1.3.tgz 0ms (cache hit)
84 http cache terser@https://registry.npmjs.org/terser/-/terser-4.8.1.tgz 0ms (cache hit)
85 http cache supports-preserve-symlinks-flag@https://registry.npmjs.org/supports-preserve-symlinks-flag/-/supports-preserve-symlinks-flag-1.0.0.tgz 0ms (cache hit)
86 http cache supports-color@https://registry.npmjs.org/supports-color/-/supports-color-5.5.0.tgz 0ms (cache hit)
87 http cache style-loader@https://registry.npmjs.org/style-loader/-/style-loader-2.0.0.tgz 0ms (cache hit)
88 http cache strip-eof@https://registry.npmjs.org/strip-eof/-/strip-eof-1.0.0.tgz 0ms (cache hit)
89 http cache strip-ansi@https://registry.npmjs.org/strip-ansi/-/strip-ansi-3.0.1.tgz 0ms (cache hit)
90 http cache string.prototype.trimstart@https://registry.npmjs.org/string.prototype.trimstart/-/string.prototype.trimstart-1.0.6.tgz 0ms (cache hit)
91 http cache string.prototype.trimend@https://registry.npmjs.org/string.prototype.trimend/-/string.prototype.trimend-1.0.6.tgz 0ms (cache hit)
92 http cache string.prototype.trim@https://registry.npmjs.org/string.prototype.trim/-/string.prototype.trim-1.2.7.tgz 0ms (cache hit)
93 http cache to-regex-range@https://registry.npmjs.org/to-regex-range/-/to-regex-range-2.1.1.tgz 0ms (cache hit)
94 http cache static-extend@https://registry.npmjs.org/static-extend/-/static-extend-0.1.2.tgz 0ms (cache hit)
95 http cache spdy-transport@https://registry.npmjs.org/spdy-transport/-/spdy-transport-3.0.0.tgz 0ms (cache hit)
96 http cache statuses@https://registry.npmjs.org/statuses/-/statuses-2.0.1.tgz 0ms (cache hit)
97 http cache string-width@https://registry.npmjs.org/string-width/-/string-width-3.1.0.tgz 0ms (cache hit)
98 http cache split-string@https://registry.npmjs.org/split-string/-/split-string-3.1.0.tgz 0ms (cache hit)
99 http cache spdy@https://registry.npmjs.org/spdy/-/spdy-4.0.2.tgz 0ms (cache hit)
100 http cache source-map-url@https://registry.npmjs.org/source-map-url/-/source-map-url-0.4.1.tgz 0ms (cache hit)
101 http cache source-map-support@https://registry.npmjs.org/source-map-support/-/source-map-support-0.5.21.tgz 0ms (cache hit)
102 http cache source-map-resolve@https://registry.npmjs.org/source-map-resolve/-/source-map-resolve-0.5.3.tgz 0ms (cache hit)
103 http cache source-map-js@https://registry.npmjs.org/source-map-js/-/source-map-js-1.0.2.tgz 0ms (cache hit)
104 http cache string_decoder@https://registry.npmjs.org/string_decoder/-/string_decoder-1.1.1.tgz 0ms (cache hit)
105 http cache sockjs@https://registry.npmjs.org/sockjs/-/sockjs-0.3.24.tgz 0ms (cache hit)
106 http cache sockjs-client@https://registry.npmjs.org/sockjs-client/-/sockjs-client-1.6.1.tgz 0ms (cache hit)
107 http cache snapdragon-util@https://registry.npmjs.org/snapdragon-util/-/snapdragon-util-3.0.1.tgz 0ms (cache hit)
108 http cache snapdragon-node@https://registry.npmjs.org/snapdragon-node/-/snapdragon-node-2.1.1.tgz 0ms (cache hit)
109 http cache snapdragon@https://registry.npmjs.org/snapdragon/-/snapdragon-0.8.2.tgz 0ms (cache hit)
110 http cache side-channel@https://registry.npmjs.org/side-channel/-/side-channel-1.0.4.tgz 0ms (cache hit)
111 http cache shebang-regex@https://registry.npmjs.org/shebang-regex/-/shebang-regex-3.0.0.tgz 0ms (cache hit)
112 http cache shebang-command@https://registry.npmjs.org/shebang-command/-/shebang-command-2.0.0.tgz 0ms (cache hit)
113 http cache signal-exit@https://registry.npmjs.org/signal-exit/-/signal-exit-3.0.7.tgz 0ms (cache hit)
114 http cache source-map@https://registry.npmjs.org/source-map/-/source-map-0.6.1.tgz 0ms (cache hit)
115 http cache setprototypeof@https://registry.npmjs.org/setprototypeof/-/setprototypeof-1.2.0.tgz 0ms (cache hit)
116 http cache shallow-clone@https://registry.npmjs.org/shallow-clone/-/shallow-clone-3.0.1.tgz 0ms (cache hit)
117 http cache set-value@https://registry.npmjs.org/set-value/-/set-value-2.0.1.tgz 0ms (cache hit)
118 http cache set-blocking@https://registry.npmjs.org/set-blocking/-/set-blocking-2.0.0.tgz 0ms (cache hit)
119 http cache serve-static@https://registry.npmjs.org/serve-static/-/serve-static-1.15.0.tgz 0ms (cache hit)
120 http cache send@https://registry.npmjs.org/send/-/send-0.18.0.tgz 0ms (cache hit)
121 http cache serve-index@https://registry.npmjs.org/serve-index/-/serve-index-1.9.1.tgz 0ms (cache hit)
122 http cache semver@https://registry.npmjs.org/semver/-/semver-6.3.0.tgz 0ms (cache hit)
123 http cache selfsigned@https://registry.npmjs.org/selfsigned/-/selfsigned-1.10.14.tgz 0ms (cache hit)
124 http cache select-hose@https://registry.npmjs.org/select-hose/-/select-hose-2.0.0.tgz 0ms (cache hit)
125 http cache serialize-javascript@https://registry.npmjs.org/serialize-javascript/-/serialize-javascript-6.0.1.tgz 0ms (cache hit)
126 http cache schema-utils@https://registry.npmjs.org/schema-utils/-/schema-utils-2.7.1.tgz 0ms (cache hit)
127 http cache scheduler@https://registry.npmjs.org/scheduler/-/scheduler-0.20.2.tgz 0ms (cache hit)
128 http cache safer-buffer@https://registry.npmjs.org/safer-buffer/-/safer-buffer-2.1.2.tgz 0ms (cache hit)
129 http cache safe-regex@https://registry.npmjs.org/safe-regex/-/safe-regex-1.1.0.tgz 0ms (cache hit)
130 http cache safe-regex-test@https://registry.npmjs.org/safe-regex-test/-/safe-regex-test-1.0.0.tgz 0ms (cache hit)
131 http cache safe-buffer@https://registry.npmjs.org/safe-buffer/-/safe-buffer-5.2.1.tgz 0ms (cache hit)
132 http cache rimraf@https://registry.npmjs.org/rimraf/-/rimraf-2.7.1.tgz 0ms (cache hit)
133 http cache retry@https://registry.npmjs.org/retry/-/retry-0.12.0.tgz 0ms (cache hit)
134 http cache safe-array-concat@https://registry.npmjs.org/safe-array-concat/-/safe-array-concat-1.0.0.tgz 0ms (cache hit)
135 http cache ret@https://registry.npmjs.org/ret/-/ret-0.1.15.tgz 0ms (cache hit)
136 http cache resolve-pathname@https://registry.npmjs.org/resolve-pathname/-/resolve-pathname-3.0.0.tgz 0ms (cache hit)
137 http cache resolve-url@https://registry.npmjs.org/resolve-url/-/resolve-url-0.2.1.tgz 0ms (cache hit)
138 http cache resolve-cwd@https://registry.npmjs.org/resolve-cwd/-/resolve-cwd-3.0.0.tgz 0ms (cache hit)
139 http cache resolve-from@https://registry.npmjs.org/resolve-from/-/resolve-from-5.0.0.tgz 0ms (cache hit)
140 http cache resolve@https://registry.npmjs.org/resolve/-/resolve-1.22.2.tgz 0ms (cache hit)
141 http cache requires-port@https://registry.npmjs.org/requires-port/-/requires-port-1.0.0.tgz 0ms (cache hit)
142 http cache require-main-filename@https://registry.npmjs.org/require-main-filename/-/require-main-filename-2.0.0.tgz 0ms (cache hit)
143 http cache repeat-string@https://registry.npmjs.org/repeat-string/-/repeat-string-1.6.1.tgz 0ms (cache hit)
144 http cache remove-trailing-separator@https://registry.npmjs.org/remove-trailing-separator/-/remove-trailing-separator-1.1.0.tgz 0ms (cache hit)
145 http cache require-directory@https://registry.npmjs.org/require-directory/-/require-directory-2.1.1.tgz 0ms (cache hit)
146 http cache renderkid@https://registry.npmjs.org/renderkid/-/renderkid-2.0.7.tgz 0ms (cache hit)
147 http cache repeat-element@https://registry.npmjs.org/repeat-element/-/repeat-element-1.1.4.tgz 0ms (cache hit)
148 http cache relateurl@https://registry.npmjs.org/relateurl/-/relateurl-0.2.7.tgz 0ms (cache hit)
149 http cache regexpu-core@https://registry.npmjs.org/regexpu-core/-/regexpu-core-5.3.2.tgz 0ms (cache hit)
150 http cache regexp.prototype.flags@https://registry.npmjs.org/regexp.prototype.flags/-/regexp.prototype.flags-1.5.0.tgz 0ms (cache hit)
151 http cache regjsparser@https://registry.npmjs.org/regjsparser/-/regjsparser-0.9.1.tgz 0ms (cache hit)
152 http cache regenerator-runtime@https://registry.npmjs.org/regenerator-runtime/-/regenerator-runtime-0.13.11.tgz 0ms (cache hit)
153 http cache regenerator-transform@https://registry.npmjs.org/regenerator-transform/-/regenerator-transform-0.15.1.tgz 0ms (cache hit)
154 http cache regenerate-unicode-properties@https://registry.npmjs.org/regenerate-unicode-properties/-/regenerate-unicode-properties-10.1.0.tgz 0ms (cache hit)
155 http cache regenerate@https://registry.npmjs.org/regenerate/-/regenerate-1.4.2.tgz 0ms (cache hit)
156 http cache regex-not@https://registry.npmjs.org/regex-not/-/regex-not-1.0.2.tgz 0ms (cache hit)
157 http cache rechoir@https://registry.npmjs.org/rechoir/-/rechoir-0.7.1.tgz 0ms (cache hit)
158 http cache readable-stream@https://registry.npmjs.org/readable-stream/-/readable-stream-2.3.8.tgz 0ms (cache hit)
159 http cache readdirp@https://registry.npmjs.org/readdirp/-/readdirp-2.2.1.tgz 0ms (cache hit)
160 http cache react-router@https://registry.npmjs.org/react-router/-/react-router-5.3.4.tgz 0ms (cache hit)
161 http cache react-router-dom@https://registry.npmjs.org/react-router-dom/-/react-router-dom-5.3.4.tgz 0ms (cache hit)
162 http cache react-transition-group@https://registry.npmjs.org/react-transition-group/-/react-transition-group-4.4.5.tgz 0ms (cache hit)
163 http cache react-is@https://registry.npmjs.org/react-is/-/react-is-17.0.2.tgz 0ms (cache hit)
164 http cache react-dom@https://registry.npmjs.org/react-dom/-/react-dom-17.0.2.tgz 0ms (cache hit)
165 http cache raw-body@https://registry.npmjs.org/raw-body/-/raw-body-2.5.1.tgz 0ms (cache hit)
166 http cache range-parser@https://registry.npmjs.org/range-parser/-/range-parser-1.2.1.tgz 0ms (cache hit)
167 http cache react@https://registry.npmjs.org/react/-/react-17.0.2.tgz 0ms (cache hit)
168 http cache randombytes@https://registry.npmjs.org/randombytes/-/randombytes-2.1.0.tgz 0ms (cache hit)
169 http cache qs@https://registry.npmjs.org/qs/-/qs-6.11.0.tgz 0ms (cache hit)
170 http cache querystringify@https://registry.npmjs.org/querystringify/-/querystringify-2.2.0.tgz 0ms (cache hit)
171 http cache punycode@https://registry.npmjs.org/punycode/-/punycode-2.3.0.tgz 0ms (cache hit)
172 http cache pump@https://registry.npmjs.org/pump/-/pump-3.0.0.tgz 0ms (cache hit)
173 http cache prr@https://registry.npmjs.org/prr/-/prr-1.0.1.tgz 0ms (cache hit)
174 http cache prop-types@https://registry.npmjs.org/prop-types/-/prop-types-15.8.1.tgz 0ms (cache hit)
175 http cache proxy-addr@https://registry.npmjs.org/proxy-addr/-/proxy-addr-2.0.7.tgz 0ms (cache hit)
176 http cache process-nextick-args@https://registry.npmjs.org/process-nextick-args/-/process-nextick-args-2.0.1.tgz 0ms (cache hit)
177 http cache pretty-error@https://registry.npmjs.org/pretty-error/-/pretty-error-2.1.2.tgz 0ms (cache hit)
178 http cache postcss-selector-parser@https://registry.npmjs.org/postcss-selector-parser/-/postcss-selector-parser-6.0.13.tgz 0ms (cache hit)
179 http cache postcss-value-parser@https://registry.npmjs.org/postcss-value-parser/-/postcss-value-parser-4.2.0.tgz 0ms (cache hit)
180 http cache postcss-modules-values@https://registry.npmjs.org/postcss-modules-values/-/postcss-modules-values-4.0.0.tgz 0ms (cache hit)
181 http cache postcss-modules-scope@https://registry.npmjs.org/postcss-modules-scope/-/postcss-modules-scope-3.0.0.tgz 0ms (cache hit)
182 http cache postcss-modules-local-by-default@https://registry.npmjs.org/postcss-modules-local-by-default/-/postcss-modules-local-by-default-4.0.3.tgz 0ms (cache hit)
183 http cache postcss-modules-extract-imports@https://registry.npmjs.org/postcss-modules-extract-imports/-/postcss-modules-extract-imports-3.0.0.tgz 0ms (cache hit)
184 http cache posix-character-classes@https://registry.npmjs.org/posix-character-classes/-/posix-character-classes-0.1.1.tgz 0ms (cache hit)
185 http cache postcss@https://registry.npmjs.org/postcss/-/postcss-8.4.24.tgz 0ms (cache hit)
186 http cache portfinder@https://registry.npmjs.org/portfinder/-/portfinder-1.0.32.tgz 0ms (cache hit)
187 http cache popper.js@https://registry.npmjs.org/popper.js/-/popper.js-1.16.1-lts.tgz 0ms (cache hit)
188 http cache pinkie-promise@https://registry.npmjs.org/pinkie-promise/-/pinkie-promise-2.0.1.tgz 0ms (cache hit)
189 http cache pinkie@https://registry.npmjs.org/pinkie/-/pinkie-2.0.4.tgz 1ms (cache hit)
190 http cache pkg-dir@https://registry.npmjs.org/pkg-dir/-/pkg-dir-4.2.0.tgz 0ms (cache hit)
191 http cache picomatch@https://registry.npmjs.org/picomatch/-/picomatch-2.3.1.tgz 0ms (cache hit)
192 http cache path-to-regexp@https://registry.npmjs.org/path-to-regexp/-/path-to-regexp-1.8.0.tgz 0ms (cache hit)
193 http cache picocolors@https://registry.npmjs.org/picocolors/-/picocolors-1.0.0.tgz 0ms (cache hit)
194 http cache pify@https://registry.npmjs.org/pify/-/pify-4.0.1.tgz 0ms (cache hit)
195 http cache path-key@https://registry.npmjs.org/path-key/-/path-key-3.1.1.tgz 0ms (cache hit)
196 http cache path-parse@https://registry.npmjs.org/path-parse/-/path-parse-1.0.7.tgz 0ms (cache hit)
197 http cache path-is-absolute@https://registry.npmjs.org/path-is-absolute/-/path-is-absolute-1.0.1.tgz 0ms (cache hit)
198 http cache path-exists@https://registry.npmjs.org/path-exists/-/path-exists-4.0.0.tgz 0ms (cache hit)
199 http cache path-dirname@https://registry.npmjs.org/path-dirname/-/path-dirname-1.0.2.tgz 0ms (cache hit)
200 http cache path-is-inside@https://registry.npmjs.org/path-is-inside/-/path-is-inside-1.0.2.tgz 0ms (cache hit)
201 http cache pascalcase@https://registry.npmjs.org/pascalcase/-/pascalcase-0.1.1.tgz 0ms (cache hit)
202 http cache pascal-case@https://registry.npmjs.org/pascal-case/-/pascal-case-3.1.2.tgz 0ms (cache hit)
203 http cache parseurl@https://registry.npmjs.org/parseurl/-/parseurl-1.3.3.tgz 0ms (cache hit)
204 http cache param-case@https://registry.npmjs.org/param-case/-/param-case-3.0.4.tgz 0ms (cache hit)
205 http cache p-try@https://registry.npmjs.org/p-try/-/p-try-2.2.0.tgz 0ms (cache hit)
206 http cache p-map@https://registry.npmjs.org/p-map/-/p-map-2.1.0.tgz 0ms (cache hit)
207 http cache p-locate@https://registry.npmjs.org/p-locate/-/p-locate-4.1.0.tgz 0ms (cache hit)
208 http cache p-retry@https://registry.npmjs.org/p-retry/-/p-retry-3.0.1.tgz 0ms (cache hit)
209 http cache p-limit@https://registry.npmjs.org/p-limit/-/p-limit-2.3.0.tgz 0ms (cache hit)
210 http cache p-finally@https://registry.npmjs.org/p-finally/-/p-finally-1.0.0.tgz 0ms (cache hit)
211 http cache once@https://registry.npmjs.org/once/-/once-1.4.0.tgz 0ms (cache hit)
212 http cache opn@https://registry.npmjs.org/opn/-/opn-5.5.0.tgz 0ms (cache hit)
213 http cache on-headers@https://registry.npmjs.org/on-headers/-/on-headers-1.0.2.tgz 0ms (cache hit)
214 http cache on-finished@https://registry.npmjs.org/on-finished/-/on-finished-2.4.1.tgz 0ms (cache hit)
215 http cache object.pick@https://registry.npmjs.org/object.pick/-/object.pick-1.3.0.tgz 0ms (cache hit)
216 http cache object.getownpropertydescriptors@https://registry.npmjs.org/object.getownpropertydescriptors/-/object.getownpropertydescriptors-2.1.6.tgz 0ms (cache hit)
217 http cache object.assign@https://registry.npmjs.org/object.assign/-/object.assign-4.1.4.tgz 0ms (cache hit)
218 http cache object-visit@https://registry.npmjs.org/object-visit/-/object-visit-1.0.1.tgz 0ms (cache hit)
219 http cache obuf@https://registry.npmjs.org/obuf/-/obuf-1.1.2.tgz 0ms (cache hit)
220 http cache object-keys@https://registry.npmjs.org/object-keys/-/object-keys-1.1.1.tgz 0ms (cache hit)
221 http cache object-copy@https://registry.npmjs.org/object-copy/-/object-copy-0.1.0.tgz 0ms (cache hit)
222 http cache object-is@https://registry.npmjs.org/object-is/-/object-is-1.1.5.tgz 0ms (cache hit)
223 http cache object-assign@https://registry.npmjs.org/object-assign/-/object-assign-4.1.1.tgz 0ms (cache hit)
224 http cache npm-run-path@https://registry.npmjs.org/npm-run-path/-/npm-run-path-2.0.2.tgz 0ms (cache hit)
225 http cache nth-check@https://registry.npmjs.org/nth-check/-/nth-check-2.1.1.tgz 0ms (cache hit)
226 http cache object-inspect@https://registry.npmjs.org/object-inspect/-/object-inspect-1.12.3.tgz 0ms (cache hit)
227 http cache normalize-path@https://registry.npmjs.org/normalize-path/-/normalize-path-3.0.0.tgz 0ms (cache hit)
228 http cache node-releases@https://registry.npmjs.org/node-releases/-/node-releases-2.0.12.tgz 0ms (cache hit)
229 http cache node-forge@https://registry.npmjs.org/node-forge/-/node-forge-0.10.0.tgz 0ms (cache hit)
230 http cache no-case@https://registry.npmjs.org/no-case/-/no-case-3.0.4.tgz 0ms (cache hit)
231 http cache nice-try@https://registry.npmjs.org/nice-try/-/nice-try-1.0.5.tgz 0ms (cache hit)
232 http cache neo-async@https://registry.npmjs.org/neo-async/-/neo-async-2.6.2.tgz 0ms (cache hit)
233 http cache nanomatch@https://registry.npmjs.org/nanomatch/-/nanomatch-1.2.13.tgz 0ms (cache hit)
234 http cache nanoid@https://registry.npmjs.org/nanoid/-/nanoid-3.3.6.tgz 0ms (cache hit)
235 http cache nan@https://registry.npmjs.org/nan/-/nan-2.17.0.tgz 0ms (cache hit)
236 http cache negotiator@https://registry.npmjs.org/negotiator/-/negotiator-0.6.3.tgz 0ms (cache hit)
237 http cache multicast-dns@https://registry.npmjs.org/multicast-dns/-/multicast-dns-6.2.3.tgz 0ms (cache hit)
238 http cache ms@https://registry.npmjs.org/ms/-/ms-2.1.2.tgz 0ms (cache hit)
239 http cache mkdirp@https://registry.npmjs.org/mkdirp/-/mkdirp-0.5.6.tgz 0ms (cache hit)
240 http cache mixin-deep@https://registry.npmjs.org/mixin-deep/-/mixin-deep-1.3.2.tgz 0ms (cache hit)
241 http cache multicast-dns-service-types@https://registry.npmjs.org/multicast-dns-service-types/-/multicast-dns-service-types-1.1.0.tgz 0ms (cache hit)
242 http cache minimatch@https://registry.npmjs.org/minimatch/-/minimatch-3.1.2.tgz 0ms (cache hit)
243 http cache minimist@https://registry.npmjs.org/minimist/-/minimist-1.2.8.tgz 0ms (cache hit)
244 http cache minimalistic-assert@https://registry.npmjs.org/minimalistic-assert/-/minimalistic-assert-1.0.1.tgz 0ms (cache hit)
245 http cache mime-types@https://registry.npmjs.org/mime-types/-/mime-types-2.1.35.tgz 0ms (cache hit)
246 http cache mime-db@https://registry.npmjs.org/mime-db/-/mime-db-1.52.0.tgz 0ms (cache hit)
247 http cache mime@https://registry.npmjs.org/mime/-/mime-1.6.0.tgz 0ms (cache hit)
248 http cache methods@https://registry.npmjs.org/methods/-/methods-1.1.2.tgz 0ms (cache hit)
249 http cache micromatch@https://registry.npmjs.org/micromatch/-/micromatch-3.1.10.tgz 0ms (cache hit)
250 http cache merge-stream@https://registry.npmjs.org/merge-stream/-/merge-stream-2.0.0.tgz 0ms (cache hit)
251 http cache merge-descriptors@https://registry.npmjs.org/merge-descriptors/-/merge-descriptors-1.0.1.tgz 0ms (cache hit)
252 http cache memory-fs@https://registry.npmjs.org/memory-fs/-/memory-fs-0.4.1.tgz 0ms (cache hit)
253 http cache media-typer@https://registry.npmjs.org/media-typer/-/media-typer-0.3.0.tgz 0ms (cache hit)
254 http cache map-cache@https://registry.npmjs.org/map-cache/-/map-cache-0.2.2.tgz 0ms (cache hit)
255 http cache make-dir@https://registry.npmjs.org/make-dir/-/make-dir-3.1.0.tgz 0ms (cache hit)
256 http cache map-visit@https://registry.npmjs.org/map-visit/-/map-visit-1.0.0.tgz 0ms (cache hit)
257 http cache lru-cache@https://registry.npmjs.org/lru-cache/-/lru-cache-5.1.1.tgz 0ms (cache hit)
258 http cache lower-case@https://registry.npmjs.org/lower-case/-/lower-case-2.0.2.tgz 0ms (cache hit)
259 http cache loose-envify@https://registry.npmjs.org/loose-envify/-/loose-envify-1.4.0.tgz 0ms (cache hit)
260 http cache loglevel@https://registry.npmjs.org/loglevel/-/loglevel-1.8.1.tgz 0ms (cache hit)
261 http cache lodash.debounce@https://registry.npmjs.org/lodash.debounce/-/lodash.debounce-4.0.8.tgz 0ms (cache hit)
262 http cache locate-path@https://registry.npmjs.org/locate-path/-/locate-path-5.0.0.tgz 0ms (cache hit)
263 http cache loader-utils@https://registry.npmjs.org/loader-utils/-/loader-utils-2.0.4.tgz 0ms (cache hit)
264 http cache loader-runner@https://registry.npmjs.org/loader-runner/-/loader-runner-4.3.0.tgz 0ms (cache hit)
265 http cache kind-of@https://registry.npmjs.org/kind-of/-/kind-of-3.2.2.tgz 0ms (cache hit)
266 http cache lodash@https://registry.npmjs.org/lodash/-/lodash-4.17.21.tgz 0ms (cache hit)
267 http cache jss-plugin-vendor-prefixer@https://registry.npmjs.org/jss-plugin-vendor-prefixer/-/jss-plugin-vendor-prefixer-10.10.0.tgz 0ms (cache hit)
268 http cache jss-plugin-rule-value-function@https://registry.npmjs.org/jss-plugin-rule-value-function/-/jss-plugin-rule-value-function-10.10.0.tgz 0ms (cache hit)
269 http cache killable@https://registry.npmjs.org/killable/-/killable-1.0.1.tgz 0ms (cache hit)
270 http cache jss-plugin-props-sort@https://registry.npmjs.org/jss-plugin-props-sort/-/jss-plugin-props-sort-10.10.0.tgz 0ms (cache hit)
271 http cache jss-plugin-nested@https://registry.npmjs.org/jss-plugin-nested/-/jss-plugin-nested-10.10.0.tgz 0ms (cache hit)
272 http cache jss-plugin-global@https://registry.npmjs.org/jss-plugin-global/-/jss-plugin-global-10.10.0.tgz 0ms (cache hit)
273 http cache jss-plugin-default-unit@https://registry.npmjs.org/jss-plugin-default-unit/-/jss-plugin-default-unit-10.10.0.tgz 0ms (cache hit)
274 http cache jss-plugin-camel-case@https://registry.npmjs.org/jss-plugin-camel-case/-/jss-plugin-camel-case-10.10.0.tgz 0ms (cache hit)
275 http cache json5@https://registry.npmjs.org/json5/-/json5-2.2.3.tgz 0ms (cache hit)
276 http cache jss@https://registry.npmjs.org/jss/-/jss-10.10.0.tgz 0ms (cache hit)
277 http cache json-schema-traverse@https://registry.npmjs.org/json-schema-traverse/-/json-schema-traverse-0.4.1.tgz 0ms (cache hit)
278 http cache json-parse-even-better-errors@https://registry.npmjs.org/json-parse-even-better-errors/-/json-parse-even-better-errors-2.3.1.tgz 0ms (cache hit)
279 http cache jsesc@https://registry.npmjs.org/jsesc/-/jsesc-2.5.2.tgz 0ms (cache hit)
280 http cache jest-worker@https://registry.npmjs.org/jest-worker/-/jest-worker-27.5.1.tgz 0ms (cache hit)
281 http cache isexe@https://registry.npmjs.org/isexe/-/isexe-2.0.0.tgz 0ms (cache hit)
282 http cache isobject@https://registry.npmjs.org/isobject/-/isobject-3.0.1.tgz 0ms (cache hit)
283 http cache js-tokens@https://registry.npmjs.org/js-tokens/-/js-tokens-4.0.0.tgz 0ms (cache hit)
284 http cache isarray@https://registry.npmjs.org/isarray/-/isarray-0.0.1.tgz 0ms (cache hit)
285 http cache is-wsl@https://registry.npmjs.org/is-wsl/-/is-wsl-1.1.0.tgz 0ms (cache hit)
286 http cache is-weakref@https://registry.npmjs.org/is-weakref/-/is-weakref-1.0.2.tgz 0ms (cache hit)
287 http cache is-typed-array@https://registry.npmjs.org/is-typed-array/-/is-typed-array-1.1.10.tgz 0ms (cache hit)
288 http cache is-symbol@https://registry.npmjs.org/is-symbol/-/is-symbol-1.0.4.tgz 0ms (cache hit)
289 http cache is-windows@https://registry.npmjs.org/is-windows/-/is-windows-1.0.2.tgz 0ms (cache hit)
290 http cache is-stream@https://registry.npmjs.org/is-stream/-/is-stream-1.1.0.tgz 0ms (cache hit)
291 http cache is-string@https://registry.npmjs.org/is-string/-/is-string-1.0.7.tgz 0ms (cache hit)
292 http cache is-shared-array-buffer@https://registry.npmjs.org/is-shared-array-buffer/-/is-shared-array-buffer-1.0.2.tgz 0ms (cache hit)
293 http cache is-regex@https://registry.npmjs.org/is-regex/-/is-regex-1.1.4.tgz 0ms (cache hit)
294 http cache is-path-inside@https://registry.npmjs.org/is-path-inside/-/is-path-inside-2.1.0.tgz 0ms (cache hit)
295 http cache is-path-in-cwd@https://registry.npmjs.org/is-path-in-cwd/-/is-path-in-cwd-2.1.0.tgz 0ms (cache hit)
296 http cache is-path-cwd@https://registry.npmjs.org/is-path-cwd/-/is-path-cwd-2.2.0.tgz 0ms (cache hit)
297 http cache is-plain-object@https://registry.npmjs.org/is-plain-object/-/is-plain-object-2.0.4.tgz 0ms (cache hit)
298 http cache is-number-object@https://registry.npmjs.org/is-number-object/-/is-number-object-1.0.7.tgz 0ms (cache hit)
299 http cache is-in-browser@https://registry.npmjs.org/is-in-browser/-/is-in-browser-1.1.3.tgz 0ms (cache hit)
300 http cache is-glob@https://registry.npmjs.org/is-glob/-/is-glob-4.0.3.tgz 0ms (cache hit)
301 http cache is-number@https://registry.npmjs.org/is-number/-/is-number-3.0.0.tgz 0ms (cache hit)
302 http cache is-fullwidth-code-point@https://registry.npmjs.org/is-fullwidth-code-point/-/is-fullwidth-code-point-2.0.0.tgz 0ms (cache hit)
303 http cache is-extglob@https://registry.npmjs.org/is-extglob/-/is-extglob-2.1.1.tgz 0ms (cache hit)
304 http cache is-negative-zero@https://registry.npmjs.org/is-negative-zero/-/is-negative-zero-2.0.2.tgz 0ms (cache hit)
305 http cache is-descriptor@https://registry.npmjs.org/is-descriptor/-/is-descriptor-1.0.2.tgz 0ms (cache hit)
306 http cache is-data-descriptor@https://registry.npmjs.org/is-data-descriptor/-/is-data-descriptor-1.0.0.tgz 0ms (cache hit)
307 http cache is-extendable@https://registry.npmjs.org/is-extendable/-/is-extendable-0.1.1.tgz 0ms (cache hit)
308 http cache is-date-object@https://registry.npmjs.org/is-date-object/-/is-date-object-1.0.5.tgz 0ms (cache hit)
309 http cache is-core-module@https://registry.npmjs.org/is-core-module/-/is-core-module-2.12.1.tgz 0ms (cache hit)
310 http cache is-callable@https://registry.npmjs.org/is-callable/-/is-callable-1.2.7.tgz 0ms (cache hit)
311 http cache is-boolean-object@https://registry.npmjs.org/is-boolean-object/-/is-boolean-object-1.1.2.tgz 0ms (cache hit)
312 http cache is-binary-path@https://registry.npmjs.org/is-binary-path/-/is-binary-path-1.0.1.tgz 0ms (cache hit)
313 http cache is-bigint@https://registry.npmjs.org/is-bigint/-/is-bigint-1.0.4.tgz 0ms (cache hit)
314 http cache is-buffer@https://registry.npmjs.org/is-buffer/-/is-buffer-1.1.6.tgz 0ms (cache hit)
315 http cache is-array-buffer@https://registry.npmjs.org/is-array-buffer/-/is-array-buffer-3.0.2.tgz 0ms (cache hit)
316 http cache is-arguments@https://registry.npmjs.org/is-arguments/-/is-arguments-1.1.1.tgz 0ms (cache hit)
317 http cache is-accessor-descriptor@https://registry.npmjs.org/is-accessor-descriptor/-/is-accessor-descriptor-1.0.0.tgz 0ms (cache hit)
318 http cache ipaddr.js@https://registry.npmjs.org/ipaddr.js/-/ipaddr.js-1.9.1.tgz 0ms (cache hit)
319 http cache ip@https://registry.npmjs.org/ip/-/ip-1.1.8.tgz 0ms (cache hit)
320 http cache is-absolute-url@https://registry.npmjs.org/is-absolute-url/-/is-absolute-url-3.0.3.tgz 0ms (cache hit)
321 http cache ip-regex@https://registry.npmjs.org/ip-regex/-/ip-regex-2.1.0.tgz 0ms (cache hit)
322 http cache interpret@https://registry.npmjs.org/interpret/-/interpret-2.2.0.tgz 0ms (cache hit)
323 http cache internal-slot@https://registry.npmjs.org/internal-slot/-/internal-slot-1.0.5.tgz 0ms (cache hit)
324 http cache internal-ip@https://registry.npmjs.org/internal-ip/-/internal-ip-4.3.0.tgz 0ms (cache hit)
325 http cache import-local@https://registry.npmjs.org/import-local/-/import-local-3.1.0.tgz 0ms (cache hit)
326 http cache inflight@https://registry.npmjs.org/inflight/-/inflight-1.0.6.tgz 0ms (cache hit)
327 http cache hyphenate-style-name@https://registry.npmjs.org/hyphenate-style-name/-/hyphenate-style-name-1.0.4.tgz 0ms (cache hit)
328 http cache icss-utils@https://registry.npmjs.org/icss-utils/-/icss-utils-5.1.0.tgz 0ms (cache hit)
329 http cache iconv-lite@https://registry.npmjs.org/iconv-lite/-/iconv-lite-0.4.24.tgz 0ms (cache hit)
330 http cache http-proxy-middleware@https://registry.npmjs.org/http-proxy-middleware/-/http-proxy-middleware-0.19.1.tgz 0ms (cache hit)
331 http cache inherits@https://registry.npmjs.org/inherits/-/inherits-2.0.4.tgz 0ms (cache hit)
332 http cache http-proxy@https://registry.npmjs.org/http-proxy/-/http-proxy-1.18.1.tgz 0ms (cache hit)
333 http cache http-parser-js@https://registry.npmjs.org/http-parser-js/-/http-parser-js-0.5.8.tgz 0ms (cache hit)
334 http cache http-errors@https://registry.npmjs.org/http-errors/-/http-errors-2.0.0.tgz 0ms (cache hit)
335 http cache http-deceiver@https://registry.npmjs.org/http-deceiver/-/http-deceiver-1.2.7.tgz 0ms (cache hit)
336 http cache htmlparser2@https://registry.npmjs.org/htmlparser2/-/htmlparser2-6.1.0.tgz 0ms (cache hit)
337 http cache html-webpack-plugin@https://registry.npmjs.org/html-webpack-plugin/-/html-webpack-plugin-4.5.2.tgz 0ms (cache hit)
338 http cache html-minifier-terser@https://registry.npmjs.org/html-minifier-terser/-/html-minifier-terser-5.1.1.tgz 0ms (cache hit)
339 http cache hpack.js@https://registry.npmjs.org/hpack.js/-/hpack.js-2.1.6.tgz 0ms (cache hit)
340 http cache html-entities@https://registry.npmjs.org/html-entities/-/html-entities-1.4.0.tgz 0ms (cache hit)
341 http cache history@https://registry.npmjs.org/history/-/history-4.10.1.tgz 0ms (cache hit)
342 http cache hoist-non-react-statics@https://registry.npmjs.org/hoist-non-react-statics/-/hoist-non-react-statics-3.3.2.tgz 0ms (cache hit)
343 http cache has-values@https://registry.npmjs.org/has-values/-/has-values-1.0.0.tgz 0ms (cache hit)
344 http cache he@https://registry.npmjs.org/he/-/he-1.2.0.tgz 0ms (cache hit)
345 http cache has-value@https://registry.npmjs.org/has-value/-/has-value-1.0.0.tgz 0ms (cache hit)
346 http cache has-symbols@https://registry.npmjs.org/has-symbols/-/has-symbols-1.0.3.tgz 0ms (cache hit)
347 http cache has-tostringtag@https://registry.npmjs.org/has-tostringtag/-/has-tostringtag-1.0.0.tgz 0ms (cache hit)
348 http cache has-bigints@https://registry.npmjs.org/has-bigints/-/has-bigints-1.0.2.tgz 0ms (cache hit)
349 http cache has-flag@https://registry.npmjs.org/has-flag/-/has-flag-3.0.0.tgz 0ms (cache hit)
350 http cache has-proto@https://registry.npmjs.org/has-proto/-/has-proto-1.0.1.tgz 0ms (cache hit)
351 http cache has@https://registry.npmjs.org/has/-/has-1.0.3.tgz 0ms (cache hit)
352 http cache has-property-descriptors@https://registry.npmjs.org/has-property-descriptors/-/has-property-descriptors-1.0.0.tgz 0ms (cache hit)
353 http cache graceful-fs@https://registry.npmjs.org/graceful-fs/-/graceful-fs-4.2.11.tgz 0ms (cache hit)
354 http cache globby@https://registry.npmjs.org/globby/-/globby-6.1.0.tgz 0ms (cache hit)
355 http cache gopd@https://registry.npmjs.org/gopd/-/gopd-1.0.1.tgz 0ms (cache hit)
356 http cache handle-thing@https://registry.npmjs.org/handle-thing/-/handle-thing-2.0.1.tgz 0ms (cache hit)
357 http cache glob-parent@https://registry.npmjs.org/glob-parent/-/glob-parent-3.1.0.tgz 0ms (cache hit)
358 http cache globalthis@https://registry.npmjs.org/globalthis/-/globalthis-1.0.3.tgz 0ms (cache hit)
359 http cache globals@https://registry.npmjs.org/globals/-/globals-11.12.0.tgz 0ms (cache hit)
360 http cache glob@https://registry.npmjs.org/glob/-/glob-7.2.3.tgz 0ms (cache hit)
361 http cache glob-to-regexp@https://registry.npmjs.org/glob-to-regexp/-/glob-to-regexp-0.4.1.tgz 0ms (cache hit)
362 http cache get-symbol-description@https://registry.npmjs.org/get-symbol-description/-/get-symbol-description-1.0.0.tgz 0ms (cache hit)
363 http cache get-value@https://registry.npmjs.org/get-value/-/get-value-2.0.6.tgz 0ms (cache hit)
364 http cache get-stream@https://registry.npmjs.org/get-stream/-/get-stream-4.1.0.tgz 0ms (cache hit)
365 http cache get-intrinsic@https://registry.npmjs.org/get-intrinsic/-/get-intrinsic-1.2.1.tgz 0ms (cache hit)
366 http cache gensync@https://registry.npmjs.org/gensync/-/gensync-1.0.0-beta.2.tgz 0ms (cache hit)
367 http cache function.prototype.name@https://registry.npmjs.org/function.prototype.name/-/function.prototype.name-1.1.5.tgz 0ms (cache hit)
368 http cache get-caller-file@https://registry.npmjs.org/get-caller-file/-/get-caller-file-2.0.5.tgz 0ms (cache hit)
369 http cache functions-have-names@https://registry.npmjs.org/functions-have-names/-/functions-have-names-1.2.3.tgz 0ms (cache hit)
370 http cache function-bind@https://registry.npmjs.org/function-bind/-/function-bind-1.1.1.tgz 0ms (cache hit)
371 http cache fragment-cache@https://registry.npmjs.org/fragment-cache/-/fragment-cache-0.2.1.tgz 0ms (cache hit)
372 http cache fs.realpath@https://registry.npmjs.org/fs.realpath/-/fs.realpath-1.0.0.tgz 0ms (cache hit)
373 http cache forwarded@https://registry.npmjs.org/forwarded/-/forwarded-0.2.0.tgz 0ms (cache hit)
374 http cache fsevents@https://registry.npmjs.org/fsevents/-/fsevents-1.2.13.tgz 0ms (cache hit)
375 http cache for-in@https://registry.npmjs.org/for-in/-/for-in-1.0.2.tgz 0ms (cache hit)
376 http cache fresh@https://registry.npmjs.org/fresh/-/fresh-0.5.2.tgz 0ms (cache hit)
377 http cache for-each@https://registry.npmjs.org/for-each/-/for-each-0.3.3.tgz 0ms (cache hit)
378 http cache find-up@https://registry.npmjs.org/find-up/-/find-up-4.1.0.tgz 0ms (cache hit)
379 http cache finalhandler@https://registry.npmjs.org/finalhandler/-/finalhandler-1.2.0.tgz 0ms (cache hit)
380 http cache find-cache-dir@https://registry.npmjs.org/find-cache-dir/-/find-cache-dir-3.3.2.tgz 0ms (cache hit)
381 http cache faye-websocket@https://registry.npmjs.org/faye-websocket/-/faye-websocket-0.11.4.tgz 0ms (cache hit)
382 http cache follow-redirects@https://registry.npmjs.org/follow-redirects/-/follow-redirects-1.15.2.tgz 0ms (cache hit)
383 http cache fill-range@https://registry.npmjs.org/fill-range/-/fill-range-4.0.0.tgz 0ms (cache hit)
384 http cache fastest-levenshtein@https://registry.npmjs.org/fastest-levenshtein/-/fastest-levenshtein-1.0.16.tgz 0ms (cache hit)
385 http cache file-uri-to-path@https://registry.npmjs.org/file-uri-to-path/-/file-uri-to-path-1.0.0.tgz 0ms (cache hit)
386 http cache fast-json-stable-stringify@https://registry.npmjs.org/fast-json-stable-stringify/-/fast-json-stable-stringify-2.1.0.tgz 0ms (cache hit)
387 http cache fast-deep-equal@https://registry.npmjs.org/fast-deep-equal/-/fast-deep-equal-3.1.3.tgz 0ms (cache hit)
388 http cache express@https://registry.npmjs.org/express/-/express-4.18.2.tgz 0ms (cache hit)
389 http cache expand-brackets@https://registry.npmjs.org/expand-brackets/-/expand-brackets-2.1.4.tgz 0ms (cache hit)
390 http cache extglob@https://registry.npmjs.org/extglob/-/extglob-2.0.4.tgz 0ms (cache hit)
391 http cache execa@https://registry.npmjs.org/execa/-/execa-1.0.0.tgz 0ms (cache hit)
392 http cache eventsource@https://registry.npmjs.org/eventsource/-/eventsource-2.0.2.tgz 0ms (cache hit)
393 http cache events@https://registry.npmjs.org/events/-/events-3.3.0.tgz 0ms (cache hit)
394 http cache extend-shallow@https://registry.npmjs.org/extend-shallow/-/extend-shallow-2.0.1.tgz 0ms (cache hit)
395 http cache etag@https://registry.npmjs.org/etag/-/etag-1.8.1.tgz 0ms (cache hit)
396 http cache estraverse@https://registry.npmjs.org/estraverse/-/estraverse-4.3.0.tgz 0ms (cache hit)
397 http cache eventemitter3@https://registry.npmjs.org/eventemitter3/-/eventemitter3-4.0.7.tgz 0ms (cache hit)
398 http cache esutils@https://registry.npmjs.org/esutils/-/esutils-2.0.3.tgz 0ms (cache hit)
399 http cache esrecurse@https://registry.npmjs.org/esrecurse/-/esrecurse-4.3.0.tgz 0ms (cache hit)
400 http cache eslint-scope@https://registry.npmjs.org/eslint-scope/-/eslint-scope-5.1.1.tgz 0ms (cache hit)
401 http cache escape-html@https://registry.npmjs.org/escape-html/-/escape-html-1.0.3.tgz 0ms (cache hit)
402 http cache escape-string-regexp@https://registry.npmjs.org/escape-string-regexp/-/escape-string-regexp-1.0.5.tgz 0ms (cache hit)
403 http cache es-to-primitive@https://registry.npmjs.org/es-to-primitive/-/es-to-primitive-1.2.1.tgz 0ms (cache hit)
404 http cache es-set-tostringtag@https://registry.npmjs.org/es-set-tostringtag/-/es-set-tostringtag-2.0.1.tgz 0ms (cache hit)
405 http cache es-module-lexer@https://registry.npmjs.org/es-module-lexer/-/es-module-lexer-1.3.0.tgz 0ms (cache hit)
406 http cache escalade@https://registry.npmjs.org/escalade/-/escalade-3.1.1.tgz 0ms (cache hit)
407 http cache es-array-method-boxes-properly@https://registry.npmjs.org/es-array-method-boxes-properly/-/es-array-method-boxes-properly-1.0.0.tgz 0ms (cache hit)
408 http cache es-abstract@https://registry.npmjs.org/es-abstract/-/es-abstract-1.21.2.tgz 0ms (cache hit)
409 http cache enhanced-resolve@https://registry.npmjs.org/enhanced-resolve/-/enhanced-resolve-5.15.0.tgz 0ms (cache hit)
410 http cache entities@https://registry.npmjs.org/entities/-/entities-2.2.0.tgz 0ms (cache hit)
411 http cache errno@https://registry.npmjs.org/errno/-/errno-0.1.8.tgz 0ms (cache hit)
412 http cache envinfo@https://registry.npmjs.org/envinfo/-/envinfo-7.10.0.tgz 0ms (cache hit)
413 http cache encodeurl@https://registry.npmjs.org/encodeurl/-/encodeurl-1.0.2.tgz 0ms (cache hit)
414 http cache emojis-list@https://registry.npmjs.org/emojis-list/-/emojis-list-3.0.0.tgz 0ms (cache hit)
415 http cache emoji-regex@https://registry.npmjs.org/emoji-regex/-/emoji-regex-7.0.3.tgz 0ms (cache hit)
416 http cache ee-first@https://registry.npmjs.org/ee-first/-/ee-first-1.1.1.tgz 0ms (cache hit)
417 http cache electron-to-chromium@https://registry.npmjs.org/electron-to-chromium/-/electron-to-chromium-1.4.442.tgz 0ms (cache hit)
418 http cache dot-case@https://registry.npmjs.org/dot-case/-/dot-case-3.0.4.tgz 0ms (cache hit)
419 http cache end-of-stream@https://registry.npmjs.org/end-of-stream/-/end-of-stream-1.4.4.tgz 0ms (cache hit)
420 http cache domhandler@https://registry.npmjs.org/domhandler/-/domhandler-4.3.1.tgz 0ms (cache hit)
421 http cache domelementtype@https://registry.npmjs.org/domelementtype/-/domelementtype-2.3.0.tgz 0ms (cache hit)
422 http cache dom-serializer@https://registry.npmjs.org/dom-serializer/-/dom-serializer-1.4.1.tgz 0ms (cache hit)
423 http cache dom-converter@https://registry.npmjs.org/dom-converter/-/dom-converter-0.2.0.tgz 0ms (cache hit)
424 http cache dns-txt@https://registry.npmjs.org/dns-txt/-/dns-txt-2.0.2.tgz 0ms (cache hit)
425 http cache dns-packet@https://registry.npmjs.org/dns-packet/-/dns-packet-1.3.4.tgz 0ms (cache hit)
426 http cache dns-equal@https://registry.npmjs.org/dns-equal/-/dns-equal-1.0.0.tgz 0ms (cache hit)
427 http cache detect-node@https://registry.npmjs.org/detect-node/-/detect-node-2.1.0.tgz 0ms (cache hit)
428 http cache destroy@https://registry.npmjs.org/destroy/-/destroy-1.2.0.tgz 0ms (cache hit)
429 http cache domutils@https://registry.npmjs.org/domutils/-/domutils-2.8.0.tgz 0ms (cache hit)
430 http cache dom-helpers@https://registry.npmjs.org/dom-helpers/-/dom-helpers-5.2.1.tgz 0ms (cache hit)
431 http cache depd@https://registry.npmjs.org/depd/-/depd-2.0.0.tgz 0ms (cache hit)
432 http cache del@https://registry.npmjs.org/del/-/del-4.1.1.tgz 0ms (cache hit)
433 http cache define-properties@https://registry.npmjs.org/define-properties/-/define-properties-1.2.0.tgz 0ms (cache hit)
434 http cache define-property@https://registry.npmjs.org/define-property/-/define-property-2.0.2.tgz 0ms (cache hit)
435 http cache default-gateway@https://registry.npmjs.org/default-gateway/-/default-gateway-4.2.0.tgz 0ms (cache hit)
436 http cache deep-equal@https://registry.npmjs.org/deep-equal/-/deep-equal-1.1.1.tgz 0ms (cache hit)
437 http cache decode-uri-component@https://registry.npmjs.org/decode-uri-component/-/decode-uri-component-0.2.2.tgz 0ms (cache hit)
438 http cache decamelize@https://registry.npmjs.org/decamelize/-/decamelize-1.2.0.tgz 0ms (cache hit)
439 http cache debug@https://registry.npmjs.org/debug/-/debug-4.3.4.tgz 0ms (cache hit)
440 http cache csstype@https://registry.npmjs.org/csstype/-/csstype-2.6.21.tgz 0ms (cache hit)
441 http cache cssesc@https://registry.npmjs.org/cssesc/-/cssesc-3.0.0.tgz 0ms (cache hit)
442 http cache css-what@https://registry.npmjs.org/css-what/-/css-what-6.1.0.tgz 0ms (cache hit)
443 http cache css-vendor@https://registry.npmjs.org/css-vendor/-/css-vendor-2.0.8.tgz 0ms (cache hit)
444 http cache css-select@https://registry.npmjs.org/css-select/-/css-select-4.3.0.tgz 0ms (cache hit)
445 http cache css-loader@https://registry.npmjs.org/css-loader/-/css-loader-5.2.7.tgz 0ms (cache hit)
446 http cache cross-spawn@https://registry.npmjs.org/cross-spawn/-/cross-spawn-7.0.3.tgz 0ms (cache hit)
447 http cache core-util-is@https://registry.npmjs.org/core-util-is/-/core-util-is-1.0.3.tgz 0ms (cache hit)
448 http cache copy-descriptor@https://registry.npmjs.org/copy-descriptor/-/copy-descriptor-0.1.1.tgz 0ms (cache hit)
449 http cache cookie-signature@https://registry.npmjs.org/cookie-signature/-/cookie-signature-1.0.6.tgz 0ms (cache hit)
450 http cache cookie@https://registry.npmjs.org/cookie/-/cookie-0.5.0.tgz 0ms (cache hit)
451 http cache content-type@https://registry.npmjs.org/content-type/-/content-type-1.0.5.tgz 0ms (cache hit)
452 http cache core-js-compat@https://registry.npmjs.org/core-js-compat/-/core-js-compat-3.31.0.tgz 0ms (cache hit)
453 http cache content-disposition@https://registry.npmjs.org/content-disposition/-/content-disposition-0.5.4.tgz 0ms (cache hit)
454 http cache connect-history-api-fallback@https://registry.npmjs.org/connect-history-api-fallback/-/connect-history-api-fallback-1.6.0.tgz 0ms (cache hit)
455 http cache concat-map@https://registry.npmjs.org/concat-map/-/concat-map-0.0.1.tgz 0ms (cache hit)
456 http cache compression@https://registry.npmjs.org/compression/-/compression-1.7.4.tgz 0ms (cache hit)
457 http cache component-emitter@https://registry.npmjs.org/component-emitter/-/component-emitter-1.3.0.tgz 0ms (cache hit)
458 http cache commondir@https://registry.npmjs.org/commondir/-/commondir-1.0.1.tgz 0ms (cache hit)
459 http cache commander@https://registry.npmjs.org/commander/-/commander-4.1.1.tgz 0ms (cache hit)
460 http cache convert-source-map@https://registry.npmjs.org/convert-source-map/-/convert-source-map-1.9.0.tgz 0ms (cache hit)
461 http cache colorette@https://registry.npmjs.org/colorette/-/colorette-2.0.20.tgz 0ms (cache hit)
462 http cache compressible@https://registry.npmjs.org/compressible/-/compressible-2.0.18.tgz 0ms (cache hit)
463 http cache color-name@https://registry.npmjs.org/color-name/-/color-name-1.1.3.tgz 0ms (cache hit)
464 http cache color-convert@https://registry.npmjs.org/color-convert/-/color-convert-1.9.3.tgz 0ms (cache hit)
465 http cache collection-visit@https://registry.npmjs.org/collection-visit/-/collection-visit-1.0.0.tgz 0ms (cache hit)
466 http cache clone-deep@https://registry.npmjs.org/clone-deep/-/clone-deep-4.0.1.tgz 0ms (cache hit)
467 http cache clsx@https://registry.npmjs.org/clsx/-/clsx-1.2.1.tgz 0ms (cache hit)
468 http cache cliui@https://registry.npmjs.org/cliui/-/cliui-5.0.0.tgz 0ms (cache hit)
469 http cache clean-webpack-plugin@https://registry.npmjs.org/clean-webpack-plugin/-/clean-webpack-plugin-3.0.0.tgz 0ms (cache hit)
470 http cache clean-css@https://registry.npmjs.org/clean-css/-/clean-css-4.2.4.tgz 0ms (cache hit)
471 http cache class-utils@https://registry.npmjs.org/class-utils/-/class-utils-0.3.6.tgz 0ms (cache hit)
472 http cache chrome-trace-event@https://registry.npmjs.org/chrome-trace-event/-/chrome-trace-event-1.0.3.tgz 0ms (cache hit)
473 http cache chokidar@https://registry.npmjs.org/chokidar/-/chokidar-2.1.8.tgz 0ms (cache hit)
474 http cache caniuse-lite@https://registry.npmjs.org/caniuse-lite/-/caniuse-lite-1.0.30001508.tgz 0ms (cache hit)
475 http cache camelcase@https://registry.npmjs.org/camelcase/-/camelcase-5.3.1.tgz 0ms (cache hit)
476 http cache camel-case@https://registry.npmjs.org/camel-case/-/camel-case-4.1.2.tgz 0ms (cache hit)
477 http cache chalk@https://registry.npmjs.org/chalk/-/chalk-2.4.2.tgz 0ms (cache hit)
478 http cache call-bind@https://registry.npmjs.org/call-bind/-/call-bind-1.0.2.tgz 0ms (cache hit)
479 http cache cache-base@https://registry.npmjs.org/cache-base/-/cache-base-1.0.1.tgz 0ms (cache hit)
480 http cache bytes@https://registry.npmjs.org/bytes/-/bytes-3.0.0.tgz 0ms (cache hit)
481 http cache buffer-indexof@https://registry.npmjs.org/buffer-indexof/-/buffer-indexof-1.1.1.tgz 0ms (cache hit)
482 http cache buffer-from@https://registry.npmjs.org/buffer-from/-/buffer-from-1.1.2.tgz 0ms (cache hit)
483 http cache browserslist@https://registry.npmjs.org/browserslist/-/browserslist-4.21.9.tgz 0ms (cache hit)
484 http cache braces@https://registry.npmjs.org/braces/-/braces-2.3.2.tgz 0ms (cache hit)
485 http cache brace-expansion@https://registry.npmjs.org/brace-expansion/-/brace-expansion-1.1.11.tgz 0ms (cache hit)
486 http cache bonjour@https://registry.npmjs.org/bonjour/-/bonjour-3.5.0.tgz 0ms (cache hit)
487 http cache body-parser@https://registry.npmjs.org/body-parser/-/body-parser-1.20.1.tgz 0ms (cache hit)
488 http cache bindings@https://registry.npmjs.org/bindings/-/bindings-1.5.0.tgz 0ms (cache hit)
489 http cache boolbase@https://registry.npmjs.org/boolbase/-/boolbase-1.0.0.tgz 0ms (cache hit)
490 http cache binary-extensions@https://registry.npmjs.org/binary-extensions/-/binary-extensions-1.13.1.tgz 0ms (cache hit)
491 http cache big.js@https://registry.npmjs.org/big.js/-/big.js-5.2.2.tgz 0ms (cache hit)
492 http cache base@https://registry.npmjs.org/base/-/base-0.11.2.tgz 0ms (cache hit)
493 http cache batch@https://registry.npmjs.org/batch/-/batch-0.6.1.tgz 0ms (cache hit)
494 http cache balanced-match@https://registry.npmjs.org/balanced-match/-/balanced-match-1.0.2.tgz 0ms (cache hit)
495 http cache babel-plugin-polyfill-corejs3@https://registry.npmjs.org/babel-plugin-polyfill-corejs3/-/babel-plugin-polyfill-corejs3-0.8.1.tgz 0ms (cache hit)
496 http cache babel-plugin-polyfill-corejs2@https://registry.npmjs.org/babel-plugin-polyfill-corejs2/-/babel-plugin-polyfill-corejs2-0.4.3.tgz 0ms (cache hit)
497 http cache babel-loader@https://registry.npmjs.org/babel-loader/-/babel-loader-8.3.0.tgz 0ms (cache hit)
498 http cache babel-plugin-polyfill-regenerator@https://registry.npmjs.org/babel-plugin-polyfill-regenerator/-/babel-plugin-polyfill-regenerator-0.5.0.tgz 0ms (cache hit)
499 http cache available-typed-arrays@https://registry.npmjs.org/available-typed-arrays/-/available-typed-arrays-1.0.5.tgz 0ms (cache hit)
500 http cache atob@https://registry.npmjs.org/atob/-/atob-2.1.2.tgz 0ms (cache hit)
501 http cache async-limiter@https://registry.npmjs.org/async-limiter/-/async-limiter-1.0.1.tgz 0ms (cache hit)
502 http cache async@https://registry.npmjs.org/async/-/async-2.6.4.tgz 0ms (cache hit)
503 http cache async-each@https://registry.npmjs.org/async-each/-/async-each-1.0.6.tgz 0ms (cache hit)
504 http cache assign-symbols@https://registry.npmjs.org/assign-symbols/-/assign-symbols-1.0.0.tgz 0ms (cache hit)
505 http cache array.prototype.reduce@https://registry.npmjs.org/array.prototype.reduce/-/array.prototype.reduce-1.0.5.tgz 0ms (cache hit)
506 http cache array-unique@https://registry.npmjs.org/array-unique/-/array-unique-0.3.2.tgz 0ms (cache hit)
507 http cache array-flatten@https://registry.npmjs.org/array-flatten/-/array-flatten-2.1.2.tgz 0ms (cache hit)
508 http cache array-buffer-byte-length@https://registry.npmjs.org/array-buffer-byte-length/-/array-buffer-byte-length-1.0.0.tgz 0ms (cache hit)
509 http cache arr-union@https://registry.npmjs.org/arr-union/-/arr-union-3.1.0.tgz 0ms (cache hit)
510 http cache array-uniq@https://registry.npmjs.org/array-uniq/-/array-uniq-1.0.3.tgz 0ms (cache hit)
511 http cache array-union@https://registry.npmjs.org/array-union/-/array-union-1.0.2.tgz 0ms (cache hit)
512 http cache arr-diff@https://registry.npmjs.org/arr-diff/-/arr-diff-4.0.0.tgz 0ms (cache hit)
513 http cache anymatch@https://registry.npmjs.org/anymatch/-/anymatch-3.1.3.tgz 0ms (cache hit)
514 http cache ansi-styles@https://registry.npmjs.org/ansi-styles/-/ansi-styles-3.2.1.tgz 0ms (cache hit)
515 http cache ansi-html-community@https://registry.npmjs.org/ansi-html-community/-/ansi-html-community-0.0.8.tgz 0ms (cache hit)
516 http cache ansi-regex@https://registry.npmjs.org/ansi-regex/-/ansi-regex-2.1.1.tgz 0ms (cache hit)
517 http cache ansi-colors@https://registry.npmjs.org/ansi-colors/-/ansi-colors-3.2.4.tgz 0ms (cache hit)
518 http cache ajv-errors@https://registry.npmjs.org/ajv-errors/-/ajv-errors-1.0.1.tgz 0ms (cache hit)
519 http cache arr-flatten@https://registry.npmjs.org/arr-flatten/-/arr-flatten-1.1.0.tgz 0ms (cache hit)
520 http cache ajv@https://registry.npmjs.org/ajv/-/ajv-6.12.6.tgz 0ms (cache hit)
521 http cache acorn-import-assertions@https://registry.npmjs.org/acorn-import-assertions/-/acorn-import-assertions-1.9.0.tgz 0ms (cache hit)
522 http cache ajv-keywords@https://registry.npmjs.org/ajv-keywords/-/ajv-keywords-3.5.2.tgz 0ms (cache hit)
523 http cache acorn@https://registry.npmjs.org/acorn/-/acorn-8.9.0.tgz 0ms (cache hit)
524 http cache accepts@https://registry.npmjs.org/accepts/-/accepts-1.3.8.tgz 0ms (cache hit)
525 http cache @xtuc/long@https://registry.npmjs.org/@xtuc/long/-/long-4.2.2.tgz 0ms (cache hit)
526 http cache @webpack-cli/serve@https://registry.npmjs.org/@webpack-cli/serve/-/serve-1.7.0.tgz 0ms (cache hit)
527 http cache @webpack-cli/info@https://registry.npmjs.org/@webpack-cli/info/-/info-1.5.0.tgz 0ms (cache hit)
528 http cache @webpack-cli/configtest@https://registry.npmjs.org/@webpack-cli/configtest/-/configtest-1.2.0.tgz 0ms (cache hit)
529 http cache @xtuc/ieee754@https://registry.npmjs.org/@xtuc/ieee754/-/ieee754-1.2.0.tgz 0ms (cache hit)
530 http cache @webassemblyjs/wasm-parser@https://registry.npmjs.org/@webassemblyjs/wasm-parser/-/wasm-parser-1.11.6.tgz 0ms (cache hit)
531 http cache @webassemblyjs/wasm-edit@https://registry.npmjs.org/@webassemblyjs/wasm-edit/-/wasm-edit-1.11.6.tgz 0ms (cache hit)
532 http cache @webassemblyjs/wasm-gen@https://registry.npmjs.org/@webassemblyjs/wasm-gen/-/wasm-gen-1.11.6.tgz 0ms (cache hit)
533 http cache @webassemblyjs/utf8@https://registry.npmjs.org/@webassemblyjs/utf8/-/utf8-1.11.6.tgz 0ms (cache hit)
534 http cache @webassemblyjs/wasm-opt@https://registry.npmjs.org/@webassemblyjs/wasm-opt/-/wasm-opt-1.11.6.tgz 0ms (cache hit)
535 http cache @webassemblyjs/wast-printer@https://registry.npmjs.org/@webassemblyjs/wast-printer/-/wast-printer-1.11.6.tgz 0ms (cache hit)
536 http cache @webassemblyjs/helper-wasm-bytecode@https://registry.npmjs.org/@webassemblyjs/helper-wasm-bytecode/-/helper-wasm-bytecode-1.11.6.tgz 0ms (cache hit)
537 http cache @webassemblyjs/leb128@https://registry.npmjs.org/@webassemblyjs/leb128/-/leb128-1.11.6.tgz 0ms (cache hit)
538 http cache @webassemblyjs/ieee754@https://registry.npmjs.org/@webassemblyjs/ieee754/-/ieee754-1.11.6.tgz 0ms (cache hit)
539 http cache @webassemblyjs/helper-numbers@https://registry.npmjs.org/@webassemblyjs/helper-numbers/-/helper-numbers-1.11.6.tgz 0ms (cache hit)
540 http cache @webassemblyjs/helper-wasm-section@https://registry.npmjs.org/@webassemblyjs/helper-wasm-section/-/helper-wasm-section-1.11.6.tgz 0ms (cache hit)
541 http cache @webassemblyjs/helper-api-error@https://registry.npmjs.org/@webassemblyjs/helper-api-error/-/helper-api-error-1.11.6.tgz 0ms (cache hit)
542 http cache @webassemblyjs/floating-point-hex-parser@https://registry.npmjs.org/@webassemblyjs/floating-point-hex-parser/-/floating-point-hex-parser-1.11.6.tgz 0ms (cache hit)
543 http cache @webassemblyjs/helper-buffer@https://registry.npmjs.org/@webassemblyjs/helper-buffer/-/helper-buffer-1.11.6.tgz 0ms (cache hit)
544 http cache @webassemblyjs/ast@https://registry.npmjs.org/@webassemblyjs/ast/-/ast-1.11.6.tgz 0ms (cache hit)
545 http cache @types/webpack@https://registry.npmjs.org/@types/webpack/-/webpack-4.41.33.tgz 0ms (cache hit)
546 http cache @types/uglify-js@https://registry.npmjs.org/@types/uglify-js/-/uglify-js-3.17.1.tgz 0ms (cache hit)
547 http cache @types/source-list-map@https://registry.npmjs.org/@types/source-list-map/-/source-list-map-0.1.2.tgz 0ms (cache hit)
548 http cache @types/tapable@https://registry.npmjs.org/@types/tapable/-/tapable-1.0.8.tgz 0ms (cache hit)
549 http cache @types/webpack-sources@https://registry.npmjs.org/@types/webpack-sources/-/webpack-sources-3.2.0.tgz 0ms (cache hit)
550 http cache @types/react-transition-group@https://registry.npmjs.org/@types/react-transition-group/-/react-transition-group-4.4.6.tgz 0ms (cache hit)
551 http cache @types/minimatch@https://registry.npmjs.org/@types/minimatch/-/minimatch-5.1.2.tgz 0ms (cache hit)
552 http cache @types/scheduler@https://registry.npmjs.org/@types/scheduler/-/scheduler-0.16.3.tgz 0ms (cache hit)
553 http cache @types/prop-types@https://registry.npmjs.org/@types/prop-types/-/prop-types-15.7.5.tgz 0ms (cache hit)
554 http cache @types/node@https://registry.npmjs.org/@types/node/-/node-20.3.2.tgz 0ms (cache hit)
555 http cache @types/html-minifier-terser@https://registry.npmjs.org/@types/html-minifier-terser/-/html-minifier-terser-5.1.2.tgz 0ms (cache hit)
556 http cache @types/glob@https://registry.npmjs.org/@types/glob/-/glob-7.2.0.tgz 0ms (cache hit)
557 http cache @types/eslint-scope@https://registry.npmjs.org/@types/eslint-scope/-/eslint-scope-3.7.4.tgz 0ms (cache hit)
558 http cache @types/eslint@https://registry.npmjs.org/@types/eslint/-/eslint-8.40.2.tgz 0ms (cache hit)
559 http cache @types/json-schema@https://registry.npmjs.org/@types/json-schema/-/json-schema-7.0.12.tgz 0ms (cache hit)
560 http cache @material-ui/utils@https://registry.npmjs.org/@material-ui/utils/-/utils-4.11.3.tgz 0ms (cache hit)
561 http cache @material-ui/styles@https://registry.npmjs.org/@material-ui/styles/-/styles-4.11.5.tgz 0ms (cache hit)
562 http cache @types/estree@https://registry.npmjs.org/@types/estree/-/estree-1.0.1.tgz 0ms (cache hit)
563 http cache @material-ui/types@https://registry.npmjs.org/@material-ui/types/-/types-5.1.0.tgz 0ms (cache hit)
564 http cache @material-ui/system@https://registry.npmjs.org/@material-ui/system/-/system-4.12.2.tgz 0ms (cache hit)
565 http cache @jridgewell/trace-mapping@https://registry.npmjs.org/@jridgewell/trace-mapping/-/trace-mapping-0.3.18.tgz 0ms (cache hit)
566 http cache @material-ui/core@https://registry.npmjs.org/@material-ui/core/-/core-4.12.4.tgz 0ms (cache hit)
567 http cache @jridgewell/sourcemap-codec@https://registry.npmjs.org/@jridgewell/sourcemap-codec/-/sourcemap-codec-1.4.15.tgz 0ms (cache hit)
568 http cache @jridgewell/source-map@https://registry.npmjs.org/@jridgewell/source-map/-/source-map-0.3.3.tgz 0ms (cache hit)
569 http cache @material-ui/icons@https://registry.npmjs.org/@material-ui/icons/-/icons-4.11.3.tgz 0ms (cache hit)
570 http cache @jridgewell/set-array@https://registry.npmjs.org/@jridgewell/set-array/-/set-array-1.1.2.tgz 0ms (cache hit)
571 http cache @jridgewell/resolve-uri@https://registry.npmjs.org/@jridgewell/resolve-uri/-/resolve-uri-3.1.0.tgz 0ms (cache hit)
572 http cache @babel/types@https://registry.npmjs.org/@babel/types/-/types-7.22.5.tgz 0ms (cache hit)
573 http cache @emotion/hash@https://registry.npmjs.org/@emotion/hash/-/hash-0.8.0.tgz 0ms (cache hit)
574 http cache @discoveryjs/json-ext@https://registry.npmjs.org/@discoveryjs/json-ext/-/json-ext-0.5.7.tgz 0ms (cache hit)
575 http cache @babel/traverse@https://registry.npmjs.org/@babel/traverse/-/traverse-7.22.5.tgz 0ms (cache hit)
576 http cache @jridgewell/gen-mapping@https://registry.npmjs.org/@jridgewell/gen-mapping/-/gen-mapping-0.3.3.tgz 0ms (cache hit)
577 http cache @babel/template@https://registry.npmjs.org/@babel/template/-/template-7.22.5.tgz 0ms (cache hit)
578 http cache @babel/runtime@https://registry.npmjs.org/@babel/runtime/-/runtime-7.22.5.tgz 0ms (cache hit)
579 http cache @babel/regjsgen@https://registry.npmjs.org/@babel/regjsgen/-/regjsgen-0.8.0.tgz 0ms (cache hit)
580 http cache @babel/preset-react@https://registry.npmjs.org/@babel/preset-react/-/preset-react-7.22.5.tgz 0ms (cache hit)
581 http cache @babel/preset-modules@https://registry.npmjs.org/@babel/preset-modules/-/preset-modules-0.1.5.tgz 0ms (cache hit)
582 http cache @babel/plugin-transform-unicode-regex@https://registry.npmjs.org/@babel/plugin-transform-unicode-regex/-/plugin-transform-unicode-regex-7.22.5.tgz 0ms (cache hit)
583 http cache @babel/plugin-transform-unicode-sets-regex@https://registry.npmjs.org/@babel/plugin-transform-unicode-sets-regex/-/plugin-transform-unicode-sets-regex-7.22.5.tgz 0ms (cache hit)
584 http cache @babel/plugin-transform-unicode-property-regex@https://registry.npmjs.org/@babel/plugin-transform-unicode-property-regex/-/plugin-transform-unicode-property-regex-7.22.5.tgz 0ms (cache hit)
585 http cache @babel/preset-env@https://registry.npmjs.org/@babel/preset-env/-/preset-env-7.22.5.tgz 0ms (cache hit)
586 http cache @babel/plugin-transform-unicode-escapes@https://registry.npmjs.org/@babel/plugin-transform-unicode-escapes/-/plugin-transform-unicode-escapes-7.22.5.tgz 0ms (cache hit)
587 http cache @babel/plugin-transform-typeof-symbol@https://registry.npmjs.org/@babel/plugin-transform-typeof-symbol/-/plugin-transform-typeof-symbol-7.22.5.tgz 0ms (cache hit)
588 http cache @babel/plugin-transform-sticky-regex@https://registry.npmjs.org/@babel/plugin-transform-sticky-regex/-/plugin-transform-sticky-regex-7.22.5.tgz 0ms (cache hit)
589 http cache @babel/plugin-transform-shorthand-properties@https://registry.npmjs.org/@babel/plugin-transform-shorthand-properties/-/plugin-transform-shorthand-properties-7.22.5.tgz 0ms (cache hit)
590 http cache @babel/plugin-transform-spread@https://registry.npmjs.org/@babel/plugin-transform-spread/-/plugin-transform-spread-7.22.5.tgz 0ms (cache hit)
591 http cache @babel/plugin-transform-runtime@https://registry.npmjs.org/@babel/plugin-transform-runtime/-/plugin-transform-runtime-7.22.5.tgz 0ms (cache hit)
592 http cache @babel/plugin-transform-regenerator@https://registry.npmjs.org/@babel/plugin-transform-regenerator/-/plugin-transform-regenerator-7.22.5.tgz 0ms (cache hit)
593 http cache @babel/plugin-transform-react-pure-annotations@https://registry.npmjs.org/@babel/plugin-transform-react-pure-annotations/-/plugin-transform-react-pure-annotations-7.22.5.tgz 0ms (cache hit)
594 http cache @babel/plugin-transform-react-jsx-development@https://registry.npmjs.org/@babel/plugin-transform-react-jsx-development/-/plugin-transform-react-jsx-development-7.22.5.tgz 0ms (cache hit)
595 http cache @babel/plugin-transform-react-display-name@https://registry.npmjs.org/@babel/plugin-transform-react-display-name/-/plugin-transform-react-display-name-7.22.5.tgz 0ms (cache hit)
596 http cache @babel/plugin-transform-react-jsx@https://registry.npmjs.org/@babel/plugin-transform-react-jsx/-/plugin-transform-react-jsx-7.22.5.tgz 0ms (cache hit)
597 http cache @babel/plugin-transform-reserved-words@https://registry.npmjs.org/@babel/plugin-transform-reserved-words/-/plugin-transform-reserved-words-7.22.5.tgz 0ms (cache hit)
598 http cache @babel/plugin-transform-private-methods@https://registry.npmjs.org/@babel/plugin-transform-private-methods/-/plugin-transform-private-methods-7.22.5.tgz 0ms (cache hit)
599 http cache @babel/plugin-transform-template-literals@https://registry.npmjs.org/@babel/plugin-transform-template-literals/-/plugin-transform-template-literals-7.22.5.tgz 0ms (cache hit)
600 http cache @babel/plugin-transform-property-literals@https://registry.npmjs.org/@babel/plugin-transform-property-literals/-/plugin-transform-property-literals-7.22.5.tgz 0ms (cache hit)
601 http cache @babel/plugin-transform-parameters@https://registry.npmjs.org/@babel/plugin-transform-parameters/-/plugin-transform-parameters-7.22.5.tgz 0ms (cache hit)
602 http cache @babel/plugin-transform-private-property-in-object@https://registry.npmjs.org/@babel/plugin-transform-private-property-in-object/-/plugin-transform-private-property-in-object-7.22.5.tgz 0ms (cache hit)
603 http cache @babel/plugin-transform-optional-catch-binding@https://registry.npmjs.org/@babel/plugin-transform-optional-catch-binding/-/plugin-transform-optional-catch-binding-7.22.5.tgz 0ms (cache hit)
604 http cache @babel/plugin-transform-object-super@https://registry.npmjs.org/@babel/plugin-transform-object-super/-/plugin-transform-object-super-7.22.5.tgz 0ms (cache hit)
605 http cache @babel/plugin-transform-optional-chaining@https://registry.npmjs.org/@babel/plugin-transform-optional-chaining/-/plugin-transform-optional-chaining-7.22.5.tgz 0ms (cache hit)
606 http cache @babel/plugin-transform-object-rest-spread@https://registry.npmjs.org/@babel/plugin-transform-object-rest-spread/-/plugin-transform-object-rest-spread-7.22.5.tgz 0ms (cache hit)
607 http cache @babel/plugin-transform-nullish-coalescing-operator@https://registry.npmjs.org/@babel/plugin-transform-nullish-coalescing-operator/-/plugin-transform-nullish-coalescing-operator-7.22.5.tgz 0ms (cache hit)
608 http cache @babel/plugin-transform-numeric-separator@https://registry.npmjs.org/@babel/plugin-transform-numeric-separator/-/plugin-transform-numeric-separator-7.22.5.tgz 0ms (cache hit)
609 http cache @babel/plugin-transform-new-target@https://registry.npmjs.org/@babel/plugin-transform-new-target/-/plugin-transform-new-target-7.22.5.tgz 0ms (cache hit)
610 http cache @babel/plugin-transform-modules-umd@https://registry.npmjs.org/@babel/plugin-transform-modules-umd/-/plugin-transform-modules-umd-7.22.5.tgz 0ms (cache hit)
611 http cache @babel/plugin-transform-named-capturing-groups-regex@https://registry.npmjs.org/@babel/plugin-transform-named-capturing-groups-regex/-/plugin-transform-named-capturing-groups-regex-7.22.5.tgz 0ms (cache hit)
612 http cache @babel/plugin-transform-modules-commonjs@https://registry.npmjs.org/@babel/plugin-transform-modules-commonjs/-/plugin-transform-modules-commonjs-7.22.5.tgz 0ms (cache hit)
613 http cache @babel/plugin-transform-modules-amd@https://registry.npmjs.org/@babel/plugin-transform-modules-amd/-/plugin-transform-modules-amd-7.22.5.tgz 0ms (cache hit)
614 http cache @babel/plugin-transform-modules-systemjs@https://registry.npmjs.org/@babel/plugin-transform-modules-systemjs/-/plugin-transform-modules-systemjs-7.22.5.tgz 0ms (cache hit)
615 http cache @babel/plugin-transform-member-expression-literals@https://registry.npmjs.org/@babel/plugin-transform-member-expression-literals/-/plugin-transform-member-expression-literals-7.22.5.tgz 0ms (cache hit)
616 http cache @babel/plugin-transform-logical-assignment-operators@https://registry.npmjs.org/@babel/plugin-transform-logical-assignment-operators/-/plugin-transform-logical-assignment-operators-7.22.5.tgz 0ms (cache hit)
617 http cache @babel/plugin-transform-json-strings@https://registry.npmjs.org/@babel/plugin-transform-json-strings/-/plugin-transform-json-strings-7.22.5.tgz 0ms (cache hit)
618 http cache @babel/plugin-transform-function-name@https://registry.npmjs.org/@babel/plugin-transform-function-name/-/plugin-transform-function-name-7.22.5.tgz 0ms (cache hit)
619 http cache @babel/plugin-transform-for-of@https://registry.npmjs.org/@babel/plugin-transform-for-of/-/plugin-transform-for-of-7.22.5.tgz 0ms (cache hit)
620 http cache @babel/plugin-transform-literals@https://registry.npmjs.org/@babel/plugin-transform-literals/-/plugin-transform-literals-7.22.5.tgz 0ms (cache hit)
621 http cache @babel/plugin-transform-export-namespace-from@https://registry.npmjs.org/@babel/plugin-transform-export-namespace-from/-/plugin-transform-export-namespace-from-7.22.5.tgz 0ms (cache hit)
622 http cache @babel/plugin-transform-exponentiation-operator@https://registry.npmjs.org/@babel/plugin-transform-exponentiation-operator/-/plugin-transform-exponentiation-operator-7.22.5.tgz 0ms (cache hit)
623 http cache @babel/plugin-transform-duplicate-keys@https://registry.npmjs.org/@babel/plugin-transform-duplicate-keys/-/plugin-transform-duplicate-keys-7.22.5.tgz 0ms (cache hit)
624 http cache @babel/plugin-transform-dotall-regex@https://registry.npmjs.org/@babel/plugin-transform-dotall-regex/-/plugin-transform-dotall-regex-7.22.5.tgz 0ms (cache hit)
625 http cache @babel/plugin-transform-dynamic-import@https://registry.npmjs.org/@babel/plugin-transform-dynamic-import/-/plugin-transform-dynamic-import-7.22.5.tgz 0ms (cache hit)
626 http cache @babel/plugin-transform-computed-properties@https://registry.npmjs.org/@babel/plugin-transform-computed-properties/-/plugin-transform-computed-properties-7.22.5.tgz 0ms (cache hit)
627 http cache @babel/plugin-transform-destructuring@https://registry.npmjs.org/@babel/plugin-transform-destructuring/-/plugin-transform-destructuring-7.22.5.tgz 0ms (cache hit)
628 http cache @babel/plugin-transform-class-static-block@https://registry.npmjs.org/@babel/plugin-transform-class-static-block/-/plugin-transform-class-static-block-7.22.5.tgz 0ms (cache hit)
629 http cache @babel/plugin-transform-classes@https://registry.npmjs.org/@babel/plugin-transform-classes/-/plugin-transform-classes-7.22.5.tgz 0ms (cache hit)
630 http cache @babel/plugin-transform-class-properties@https://registry.npmjs.org/@babel/plugin-transform-class-properties/-/plugin-transform-class-properties-7.22.5.tgz 0ms (cache hit)
631 http cache @babel/plugin-transform-block-scoping@https://registry.npmjs.org/@babel/plugin-transform-block-scoping/-/plugin-transform-block-scoping-7.22.5.tgz 0ms (cache hit)
632 http cache @babel/plugin-transform-block-scoped-functions@https://registry.npmjs.org/@babel/plugin-transform-block-scoped-functions/-/plugin-transform-block-scoped-functions-7.22.5.tgz 0ms (cache hit)
633 http cache @babel/plugin-transform-async-to-generator@https://registry.npmjs.org/@babel/plugin-transform-async-to-generator/-/plugin-transform-async-to-generator-7.22.5.tgz 0ms (cache hit)
634 http cache @babel/plugin-transform-arrow-functions@https://registry.npmjs.org/@babel/plugin-transform-arrow-functions/-/plugin-transform-arrow-functions-7.22.5.tgz 0ms (cache hit)
635 http cache @babel/plugin-syntax-unicode-sets-regex@https://registry.npmjs.org/@babel/plugin-syntax-unicode-sets-regex/-/plugin-syntax-unicode-sets-regex-7.18.6.tgz 0ms (cache hit)
636 http cache @babel/plugin-transform-async-generator-functions@https://registry.npmjs.org/@babel/plugin-transform-async-generator-functions/-/plugin-transform-async-generator-functions-7.22.5.tgz 0ms (cache hit)
637 http cache @babel/plugin-syntax-private-property-in-object@https://registry.npmjs.org/@babel/plugin-syntax-private-property-in-object/-/plugin-syntax-private-property-in-object-7.14.5.tgz 0ms (cache hit)
638 http cache @babel/plugin-syntax-optional-chaining@https://registry.npmjs.org/@babel/plugin-syntax-optional-chaining/-/plugin-syntax-optional-chaining-7.8.3.tgz 0ms (cache hit)
639 http cache @babel/plugin-syntax-optional-catch-binding@https://registry.npmjs.org/@babel/plugin-syntax-optional-catch-binding/-/plugin-syntax-optional-catch-binding-7.8.3.tgz 0ms (cache hit)
640 http cache @babel/plugin-syntax-top-level-await@https://registry.npmjs.org/@babel/plugin-syntax-top-level-await/-/plugin-syntax-top-level-await-7.14.5.tgz 0ms (cache hit)
641 http cache @babel/plugin-syntax-numeric-separator@https://registry.npmjs.org/@babel/plugin-syntax-numeric-separator/-/plugin-syntax-numeric-separator-7.10.4.tgz 0ms (cache hit)
642 http cache @babel/plugin-syntax-jsx@https://registry.npmjs.org/@babel/plugin-syntax-jsx/-/plugin-syntax-jsx-7.22.5.tgz 0ms (cache hit)
643 http cache @babel/plugin-syntax-object-rest-spread@https://registry.npmjs.org/@babel/plugin-syntax-object-rest-spread/-/plugin-syntax-object-rest-spread-7.8.3.tgz 0ms (cache hit)
644 http cache @babel/plugin-syntax-logical-assignment-operators@https://registry.npmjs.org/@babel/plugin-syntax-logical-assignment-operators/-/plugin-syntax-logical-assignment-operators-7.10.4.tgz 0ms (cache hit)
645 http cache @babel/plugin-syntax-nullish-coalescing-operator@https://registry.npmjs.org/@babel/plugin-syntax-nullish-coalescing-operator/-/plugin-syntax-nullish-coalescing-operator-7.8.3.tgz 0ms (cache hit)
646 http cache @babel/plugin-syntax-json-strings@https://registry.npmjs.org/@babel/plugin-syntax-json-strings/-/plugin-syntax-json-strings-7.8.3.tgz 0ms (cache hit)
647 http cache @babel/plugin-syntax-import-attributes@https://registry.npmjs.org/@babel/plugin-syntax-import-attributes/-/plugin-syntax-import-attributes-7.22.5.tgz 0ms (cache hit)
648 http cache @babel/plugin-syntax-import-meta@https://registry.npmjs.org/@babel/plugin-syntax-import-meta/-/plugin-syntax-import-meta-7.10.4.tgz 0ms (cache hit)
649 http cache @babel/plugin-syntax-import-assertions@https://registry.npmjs.org/@babel/plugin-syntax-import-assertions/-/plugin-syntax-import-assertions-7.22.5.tgz 0ms (cache hit)
650 http cache @babel/plugin-syntax-export-namespace-from@https://registry.npmjs.org/@babel/plugin-syntax-export-namespace-from/-/plugin-syntax-export-namespace-from-7.8.3.tgz 0ms (cache hit)
651 http cache @babel/plugin-syntax-async-generators@https://registry.npmjs.org/@babel/plugin-syntax-async-generators/-/plugin-syntax-async-generators-7.8.4.tgz 0ms (cache hit)
652 http cache @babel/plugin-syntax-dynamic-import@https://registry.npmjs.org/@babel/plugin-syntax-dynamic-import/-/plugin-syntax-dynamic-import-7.8.3.tgz 0ms (cache hit)
653 http cache @babel/plugin-syntax-class-properties@https://registry.npmjs.org/@babel/plugin-syntax-class-properties/-/plugin-syntax-class-properties-7.12.13.tgz 0ms (cache hit)
654 http cache @babel/plugin-syntax-class-static-block@https://registry.npmjs.org/@babel/plugin-syntax-class-static-block/-/plugin-syntax-class-static-block-7.14.5.tgz 0ms (cache hit)
655 http cache @babel/plugin-proposal-unicode-property-regex@https://registry.npmjs.org/@babel/plugin-proposal-unicode-property-regex/-/plugin-proposal-unicode-property-regex-7.18.6.tgz 0ms (cache hit)
656 http cache @babel/plugin-proposal-private-property-in-object@https://registry.npmjs.org/@babel/plugin-proposal-private-property-in-object/-/plugin-proposal-private-property-in-object-7.21.0-placeholder-for-preset-env.2.tgz 0ms (cache hit)
657 http cache @babel/plugin-bugfix-v8-spread-parameters-in-optional-chaining@https://registry.npmjs.org/@babel/plugin-bugfix-v8-spread-parameters-in-optional-chaining/-/plugin-bugfix-v8-spread-parameters-in-optional-chaining-7.22.5.tgz 0ms (cache hit)
658 http cache @babel/plugin-bugfix-safari-id-destructuring-collision-in-function-expression@https://registry.npmjs.org/@babel/plugin-bugfix-safari-id-destructuring-collision-in-function-expression/-/plugin-bugfix-safari-id-destructuring-collision-in-function-expression-7.22.5.tgz 0ms (cache hit)
659 http cache @babel/parser@https://registry.npmjs.org/@babel/parser/-/parser-7.22.5.tgz 0ms (cache hit)
660 http cache @babel/helper-wrap-function@https://registry.npmjs.org/@babel/helper-wrap-function/-/helper-wrap-function-7.22.5.tgz 0ms (cache hit)
661 http cache @babel/highlight@https://registry.npmjs.org/@babel/highlight/-/highlight-7.22.5.tgz 0ms (cache hit)
662 http cache @babel/helpers@https://registry.npmjs.org/@babel/helpers/-/helpers-7.22.5.tgz 0ms (cache hit)
663 http cache @babel/helper-string-parser@https://registry.npmjs.org/@babel/helper-string-parser/-/helper-string-parser-7.22.5.tgz 0ms (cache hit)
664 http cache @babel/helper-validator-identifier@https://registry.npmjs.org/@babel/helper-validator-identifier/-/helper-validator-identifier-7.22.5.tgz 0ms (cache hit)
665 http cache @babel/helper-validator-option@https://registry.npmjs.org/@babel/helper-validator-option/-/helper-validator-option-7.22.5.tgz 0ms (cache hit)
666 http cache @babel/helper-split-export-declaration@https://registry.npmjs.org/@babel/helper-split-export-declaration/-/helper-split-export-declaration-7.22.5.tgz 0ms (cache hit)
667 http cache @babel/helper-skip-transparent-expression-wrappers@https://registry.npmjs.org/@babel/helper-skip-transparent-expression-wrappers/-/helper-skip-transparent-expression-wrappers-7.22.5.tgz 0ms (cache hit)
668 http cache @babel/helper-simple-access@https://registry.npmjs.org/@babel/helper-simple-access/-/helper-simple-access-7.22.5.tgz 0ms (cache hit)
669 http cache @babel/helper-replace-supers@https://registry.npmjs.org/@babel/helper-replace-supers/-/helper-replace-supers-7.22.5.tgz 0ms (cache hit)
670 http cache @babel/helper-plugin-utils@https://registry.npmjs.org/@babel/helper-plugin-utils/-/helper-plugin-utils-7.22.5.tgz 0ms (cache hit)
671 http cache @babel/helper-optimise-call-expression@https://registry.npmjs.org/@babel/helper-optimise-call-expression/-/helper-optimise-call-expression-7.22.5.tgz 0ms (cache hit)
672 http cache @babel/helper-module-transforms@https://registry.npmjs.org/@babel/helper-module-transforms/-/helper-module-transforms-7.22.5.tgz 0ms (cache hit)
673 http cache @babel/helper-remap-async-to-generator@https://registry.npmjs.org/@babel/helper-remap-async-to-generator/-/helper-remap-async-to-generator-7.22.5.tgz 0ms (cache hit)
674 http cache @babel/helper-hoist-variables@https://registry.npmjs.org/@babel/helper-hoist-variables/-/helper-hoist-variables-7.22.5.tgz 0ms (cache hit)
675 http cache @babel/helper-module-imports@https://registry.npmjs.org/@babel/helper-module-imports/-/helper-module-imports-7.22.5.tgz 0ms (cache hit)
676 http cache @babel/helper-function-name@https://registry.npmjs.org/@babel/helper-function-name/-/helper-function-name-7.22.5.tgz 0ms (cache hit)
677 http cache @babel/helper-member-expression-to-functions@https://registry.npmjs.org/@babel/helper-member-expression-to-functions/-/helper-member-expression-to-functions-7.22.5.tgz 0ms (cache hit)
678 http cache @babel/helper-environment-visitor@https://registry.npmjs.org/@babel/helper-environment-visitor/-/helper-environment-visitor-7.22.5.tgz 0ms (cache hit)
679 http cache @babel/helper-create-regexp-features-plugin@https://registry.npmjs.org/@babel/helper-create-regexp-features-plugin/-/helper-create-regexp-features-plugin-7.22.5.tgz 0ms (cache hit)
680 http cache @babel/helper-create-class-features-plugin@https://registry.npmjs.org/@babel/helper-create-class-features-plugin/-/helper-create-class-features-plugin-7.22.5.tgz 0ms (cache hit)
681 http cache @babel/helper-define-polyfill-provider@https://registry.npmjs.org/@babel/helper-define-polyfill-provider/-/helper-define-polyfill-provider-0.4.0.tgz 0ms (cache hit)
682 http cache @babel/helper-compilation-targets@https://registry.npmjs.org/@babel/helper-compilation-targets/-/helper-compilation-targets-7.22.5.tgz 0ms (cache hit)
683 http cache @babel/helper-builder-binary-assignment-operator-visitor@https://registry.npmjs.org/@babel/helper-builder-binary-assignment-operator-visitor/-/helper-builder-binary-assignment-operator-visitor-7.22.5.tgz 0ms (cache hit)
684 http cache @babel/helper-annotate-as-pure@https://registry.npmjs.org/@babel/helper-annotate-as-pure/-/helper-annotate-as-pure-7.22.5.tgz 0ms (cache hit)
685 http cache @babel/generator@https://registry.npmjs.org/@babel/generator/-/generator-7.22.5.tgz 0ms (cache hit)
686 http cache @babel/compat-data@https://registry.npmjs.org/@babel/compat-data/-/compat-data-7.22.5.tgz 0ms (cache hit)
687 http cache @babel/code-frame@https://registry.npmjs.org/@babel/code-frame/-/code-frame-7.22.5.tgz 0ms (cache hit)
688 http cache @babel/core@https://registry.npmjs.org/@babel/core/-/core-7.22.5.tgz 0ms (cache hit)
689 http cache @ampproject/remapping@https://registry.npmjs.org/@ampproject/remapping/-/remapping-2.2.1.tgz 0ms (cache hit)
690 http cache csstype@https://registry.npmjs.org/csstype/-/csstype-3.2.3.tgz 0ms (cache hit)
691 http cache find-up@https://registry.npmjs.org/find-up/-/find-up-3.0.0.tgz 0ms (cache hit)
692 http cache locate-path@https://registry.npmjs.org/locate-path/-/locate-path-3.0.0.tgz 0ms (cache hit)
693 http cache uuid@https://registry.npmjs.org/uuid/-/uuid-3.4.0.tgz 0ms (cache hit)
694 http cache ansi-regex@https://registry.npmjs.org/ansi-regex/-/ansi-regex-4.1.1.tgz 0ms (cache hit)
695 http cache strip-ansi@https://registry.npmjs.org/strip-ansi/-/strip-ansi-5.2.0.tgz 0ms (cache hit)
696 http cache schema-utils@https://registry.npmjs.org/schema-utils/-/schema-utils-1.0.0.tgz 0ms (cache hit)
697 http cache resolve-from@https://registry.npmjs.org/resolve-from/-/resolve-from-3.0.0.tgz 0ms (cache hit)
698 http cache path-exists@https://registry.npmjs.org/path-exists/-/path-exists-3.0.0.tgz 0ms (cache hit)
699 http cache pkg-dir@https://registry.npmjs.org/pkg-dir/-/pkg-dir-3.0.0.tgz 0ms (cache hit)
700 http cache resolve-cwd@https://registry.npmjs.org/resolve-cwd/-/resolve-cwd-2.0.0.tgz 0ms (cache hit)
701 http cache path-exists@https://registry.npmjs.org/path-exists/-/path-exists-3.0.0.tgz 0ms (cache hit)
702 http cache supports-color@https://registry.npmjs.org/supports-color/-/supports-color-6.1.0.tgz 0ms (cache hit)
703 http cache p-locate@https://registry.npmjs.org/p-locate/-/p-locate-3.0.0.tgz 0ms (cache hit)
704 http cache p-locate@https://registry.npmjs.org/p-locate/-/p-locate-3.0.0.tgz 0ms (cache hit)
705 http cache locate-path@https://registry.npmjs.org/locate-path/-/locate-path-3.0.0.tgz 0ms (cache hit)
706 http cache import-local@https://registry.npmjs.org/import-local/-/import-local-2.0.0.tgz 0ms (cache hit)
707 http cache mime@https://registry.npmjs.org/mime/-/mime-2.6.0.tgz 0ms (cache hit)
708 http cache commander@https://registry.npmjs.org/commander/-/commander-7.2.0.tgz 0ms (cache hit)
709 http cache find-up@https://registry.npmjs.org/find-up/-/find-up-3.0.0.tgz 0ms (cache hit)
710 http cache tapable@https://registry.npmjs.org/tapable/-/tapable-2.2.1.tgz 0ms (cache hit)
711 http cache punycode@https://registry.npmjs.org/punycode/-/punycode-1.4.1.tgz 0ms (cache hit)
712 http cache isarray@https://registry.npmjs.org/isarray/-/isarray-1.0.0.tgz 0ms (cache hit)
713 http cache schema-utils@https://registry.npmjs.org/schema-utils/-/schema-utils-3.3.0.tgz 0ms (cache hit)
714 http cache has-values@https://registry.npmjs.org/has-values/-/has-values-0.1.4.tgz 0ms (cache hit)
715 http cache isobject@https://registry.npmjs.org/isobject/-/isobject-2.1.0.tgz 0ms (cache hit)
716 http cache extend-shallow@https://registry.npmjs.org/extend-shallow/-/extend-shallow-3.0.2.tgz 0ms (cache hit)
717 http cache is-extendable@https://registry.npmjs.org/is-extendable/-/is-extendable-1.0.1.tgz 0ms (cache hit)
718 http cache schema-utils@https://registry.npmjs.org/schema-utils/-/schema-utils-3.3.0.tgz 0ms (cache hit)
719 http cache commander@https://registry.npmjs.org/commander/-/commander-2.20.3.tgz 0ms (cache hit)
720 http cache commander@https://registry.npmjs.org/commander/-/commander-2.20.3.tgz 0ms (cache hit)
721 http cache has-value@https://registry.npmjs.org/has-value/-/has-value-0.3.1.tgz 0ms (cache hit)
722 http cache strip-ansi@https://registry.npmjs.org/strip-ansi/-/strip-ansi-5.2.0.tgz 0ms (cache hit)
723 http cache terser@https://registry.npmjs.org/terser/-/terser-5.18.2.tgz 0ms (cache hit)
724 http cache schema-utils@https://registry.npmjs.org/schema-utils/-/schema-utils-3.3.0.tgz 0ms (cache hit)
725 http cache ansi-regex@https://registry.npmjs.org/ansi-regex/-/ansi-regex-4.1.1.tgz 0ms (cache hit)
726 http cache safe-buffer@https://registry.npmjs.org/safe-buffer/-/safe-buffer-5.1.2.tgz 0ms (cache hit)
727 http cache is-descriptor@https://registry.npmjs.org/is-descriptor/-/is-descriptor-0.1.6.tgz 0ms (cache hit)
728 http cache is-accessor-descriptor@https://registry.npmjs.org/is-accessor-descriptor/-/is-accessor-descriptor-0.1.6.tgz 0ms (cache hit)
729 http cache kind-of@https://registry.npmjs.org/kind-of/-/kind-of-5.1.0.tgz 0ms (cache hit)
730 http cache is-data-descriptor@https://registry.npmjs.org/is-data-descriptor/-/is-data-descriptor-0.1.4.tgz 0ms (cache hit)
731 http cache define-property@https://registry.npmjs.org/define-property/-/define-property-0.2.5.tgz 0ms (cache hit)
732 http cache extend-shallow@https://registry.npmjs.org/extend-shallow/-/extend-shallow-3.0.2.tgz 0ms (cache hit)
733 http cache is-extendable@https://registry.npmjs.org/is-extendable/-/is-extendable-1.0.1.tgz 0ms (cache hit)
734 http cache readable-stream@https://registry.npmjs.org/readable-stream/-/readable-stream-3.6.2.tgz 0ms (cache hit)
735 http cache debug@https://registry.npmjs.org/debug/-/debug-3.2.7.tgz 0ms (cache hit)
736 http cache source-map@https://registry.npmjs.org/source-map/-/source-map-0.5.7.tgz 0ms (cache hit)
737 http cache define-property@https://registry.npmjs.org/define-property/-/define-property-1.0.0.tgz 0ms (cache hit)
738 http cache ms@https://registry.npmjs.org/ms/-/ms-2.0.0.tgz 0ms (cache hit)
739 http cache is-descriptor@https://registry.npmjs.org/is-descriptor/-/is-descriptor-0.1.6.tgz 0ms (cache hit)
740 http cache is-accessor-descriptor@https://registry.npmjs.org/is-accessor-descriptor/-/is-accessor-descriptor-0.1.6.tgz 0ms (cache hit)
741 http cache define-property@https://registry.npmjs.org/define-property/-/define-property-0.2.5.tgz 0ms (cache hit)
742 http cache is-data-descriptor@https://registry.npmjs.org/is-data-descriptor/-/is-data-descriptor-0.1.4.tgz 0ms (cache hit)
743 http cache debug@https://registry.npmjs.org/debug/-/debug-2.6.9.tgz 0ms (cache hit)
744 http cache kind-of@https://registry.npmjs.org/kind-of/-/kind-of-6.0.3.tgz 0ms (cache hit)
745 http cache setprototypeof@https://registry.npmjs.org/setprototypeof/-/setprototypeof-1.1.0.tgz 0ms (cache hit)
746 http cache ms@https://registry.npmjs.org/ms/-/ms-2.0.0.tgz 0ms (cache hit)
747 http cache kind-of@https://registry.npmjs.org/kind-of/-/kind-of-5.1.0.tgz 0ms (cache hit)
748 http cache inherits@https://registry.npmjs.org/inherits/-/inherits-2.0.3.tgz 0ms (cache hit)
749 http cache statuses@https://registry.npmjs.org/statuses/-/statuses-1.5.0.tgz 0ms (cache hit)
750 http cache http-errors@https://registry.npmjs.org/http-errors/-/http-errors-1.6.3.tgz 0ms (cache hit)
751 http cache depd@https://registry.npmjs.org/depd/-/depd-1.1.2.tgz 0ms (cache hit)
752 http cache debug@https://registry.npmjs.org/debug/-/debug-2.6.9.tgz 0ms (cache hit)
753 http cache ms@https://registry.npmjs.org/ms/-/ms-2.1.3.tgz 0ms (cache hit)
754 http cache debug@https://registry.npmjs.org/debug/-/debug-2.6.9.tgz 0ms (cache hit)
755 http cache isarray@https://registry.npmjs.org/isarray/-/isarray-2.0.5.tgz 0ms (cache hit)
756 http cache jsesc@https://registry.npmjs.org/jsesc/-/jsesc-0.5.0.tgz 0ms (cache hit)
757 http cache ms@https://registry.npmjs.org/ms/-/ms-2.0.0.tgz 0ms (cache hit)
758 http cache is-extendable@https://registry.npmjs.org/is-extendable/-/is-extendable-1.0.1.tgz 0ms (cache hit)
759 http cache extend-shallow@https://registry.npmjs.org/extend-shallow/-/extend-shallow-3.0.2.tgz 0ms (cache hit)
760 http cache safe-buffer@https://registry.npmjs.org/safe-buffer/-/safe-buffer-5.1.2.tgz 0ms (cache hit)
761 http cache isarray@https://registry.npmjs.org/isarray/-/isarray-1.0.0.tgz 0ms (cache hit)
762 http cache react-is@https://registry.npmjs.org/react-is/-/react-is-16.13.1.tgz 0ms (cache hit)
763 http cache bytes@https://registry.npmjs.org/bytes/-/bytes-3.1.2.tgz 0ms (cache hit)
764 http cache debug@https://registry.npmjs.org/debug/-/debug-3.2.7.tgz 0ms (cache hit)
765 http cache react-is@https://registry.npmjs.org/react-is/-/react-is-16.13.1.tgz 0ms (cache hit)
766 http cache is-descriptor@https://registry.npmjs.org/is-descriptor/-/is-descriptor-0.1.6.tgz 0ms (cache hit)
767 http cache kind-of@https://registry.npmjs.org/kind-of/-/kind-of-5.1.0.tgz 0ms (cache hit)
768 http cache is-data-descriptor@https://registry.npmjs.org/is-data-descriptor/-/is-data-descriptor-0.1.4.tgz 0ms (cache hit)
769 http cache is-accessor-descriptor@https://registry.npmjs.org/is-accessor-descriptor/-/is-accessor-descriptor-0.1.6.tgz 0ms (cache hit)
770 http cache define-property@https://registry.npmjs.org/define-property/-/define-property-0.2.5.tgz 0ms (cache hit)
771 http cache path-key@https://registry.npmjs.org/path-key/-/path-key-2.0.1.tgz 0ms (cache hit)
772 http cache kind-of@https://registry.npmjs.org/kind-of/-/kind-of-6.0.3.tgz 0ms (cache hit)
773 http cache is-extendable@https://registry.npmjs.org/is-extendable/-/is-extendable-1.0.1.tgz 0ms (cache hit)
774 http cache extend-shallow@https://registry.npmjs.org/extend-shallow/-/extend-shallow-3.0.2.tgz 0ms (cache hit)
775 http cache is-extendable@https://registry.npmjs.org/is-extendable/-/is-extendable-1.0.1.tgz 0ms (cache hit)
776 http cache kind-of@https://registry.npmjs.org/kind-of/-/kind-of-6.0.3.tgz 0ms (cache hit)
777 http cache extend-shallow@https://registry.npmjs.org/extend-shallow/-/extend-shallow-3.0.2.tgz 0ms (cache hit)
778 http cache is-extendable@https://registry.npmjs.org/is-extendable/-/is-extendable-1.0.1.tgz 0ms (cache hit)
779 http cache csstype@https://registry.npmjs.org/csstype/-/csstype-3.1.2.tgz 0ms (cache hit)
780 http cache supports-color@https://registry.npmjs.org/supports-color/-/supports-color-8.1.1.tgz 0ms (cache hit)
781 http cache has-flag@https://registry.npmjs.org/has-flag/-/has-flag-4.0.0.tgz 0ms (cache hit)
782 http cache kind-of@https://registry.npmjs.org/kind-of/-/kind-of-6.0.3.tgz 0ms (cache hit)
783 http cache kind-of@https://registry.npmjs.org/kind-of/-/kind-of-6.0.3.tgz 0ms (cache hit)
784 http cache kind-of@https://registry.npmjs.org/kind-of/-/kind-of-6.0.3.tgz 0ms (cache hit)
785 http cache loader-utils@https://registry.npmjs.org/loader-utils/-/loader-utils-1.4.2.tgz 0ms (cache hit)
786 http cache json5@https://registry.npmjs.org/json5/-/json5-1.0.2.tgz 0ms (cache hit)
787 http cache react-is@https://registry.npmjs.org/react-is/-/react-is-16.13.1.tgz 0ms (cache hit)
788 http cache pify@https://registry.npmjs.org/pify/-/pify-2.3.0.tgz 0ms (cache hit)
789 http cache kind-of@https://registry.npmjs.org/kind-of/-/kind-of-4.0.0.tgz 0ms (cache hit)
790 http cache is-glob@https://registry.npmjs.org/is-glob/-/is-glob-3.1.0.tgz 0ms (cache hit)
791 http cache ms@https://registry.npmjs.org/ms/-/ms-2.0.0.tgz 0ms (cache hit)
792 http cache debug@https://registry.npmjs.org/debug/-/debug-2.6.9.tgz 0ms (cache hit)
793 http cache define-property@https://registry.npmjs.org/define-property/-/define-property-1.0.0.tgz 0ms (cache hit)
794 http cache path-to-regexp@https://registry.npmjs.org/path-to-regexp/-/path-to-regexp-0.1.7.tgz 0ms (cache hit)
795 http cache ms@https://registry.npmjs.org/ms/-/ms-2.0.0.tgz 0ms (cache hit)
796 http cache debug@https://registry.npmjs.org/debug/-/debug-2.6.9.tgz 0ms (cache hit)
797 http cache ms@https://registry.npmjs.org/ms/-/ms-2.0.0.tgz 0ms (cache hit)
798 http cache is-descriptor@https://registry.npmjs.org/is-descriptor/-/is-descriptor-0.1.6.tgz 0ms (cache hit)
799 http cache kind-of@https://registry.npmjs.org/kind-of/-/kind-of-5.1.0.tgz 0ms (cache hit)
800 http cache is-data-descriptor@https://registry.npmjs.org/is-data-descriptor/-/is-data-descriptor-0.1.4.tgz 0ms (cache hit)
801 http cache array-flatten@https://registry.npmjs.org/array-flatten/-/array-flatten-1.1.1.tgz 0ms (cache hit)
802 http cache define-property@https://registry.npmjs.org/define-property/-/define-property-0.2.5.tgz 0ms (cache hit)
803 http cache debug@https://registry.npmjs.org/debug/-/debug-2.6.9.tgz 0ms (cache hit)
804 http cache is-accessor-descriptor@https://registry.npmjs.org/is-accessor-descriptor/-/is-accessor-descriptor-0.1.6.tgz 0ms (cache hit)
805 http cache which@https://registry.npmjs.org/which/-/which-1.3.1.tgz 0ms (cache hit)
806 http cache shebang-command@https://registry.npmjs.org/shebang-command/-/shebang-command-1.2.0.tgz 0ms (cache hit)
807 http cache semver@https://registry.npmjs.org/semver/-/semver-5.7.1.tgz 0ms (cache hit)
808 http cache shebang-regex@https://registry.npmjs.org/shebang-regex/-/shebang-regex-1.0.0.tgz 0ms (cache hit)
809 http cache path-key@https://registry.npmjs.org/path-key/-/path-key-2.0.1.tgz 0ms (cache hit)
810 http cache cross-spawn@https://registry.npmjs.org/cross-spawn/-/cross-spawn-6.0.5.tgz 0ms (cache hit)
811 http cache estraverse@https://registry.npmjs.org/estraverse/-/estraverse-5.3.0.tgz 0ms (cache hit)
812 http cache tapable@https://registry.npmjs.org/tapable/-/tapable-2.2.1.tgz 0ms (cache hit)
813 http cache csstype@https://registry.npmjs.org/csstype/-/csstype-3.1.2.tgz 0ms (cache hit)
814 http cache yallist@https://registry.npmjs.org/yallist/-/yallist-4.0.0.tgz 0ms (cache hit)
815 http cache lru-cache@https://registry.npmjs.org/lru-cache/-/lru-cache-6.0.0.tgz 0ms (cache hit)
816 http cache safe-buffer@https://registry.npmjs.org/safe-buffer/-/safe-buffer-5.1.2.tgz 0ms (cache hit)
817 http cache ms@https://registry.npmjs.org/ms/-/ms-2.0.0.tgz 1ms (cache hit)
818 http cache semver@https://registry.npmjs.org/semver/-/semver-7.5.3.tgz 0ms (cache hit)
819 http cache debug@https://registry.npmjs.org/debug/-/debug-2.6.9.tgz 0ms (cache hit)
820 http cache schema-utils@https://registry.npmjs.org/schema-utils/-/schema-utils-3.3.0.tgz 0ms (cache hit)
821 http cache strip-ansi@https://registry.npmjs.org/strip-ansi/-/strip-ansi-5.2.0.tgz 0ms (cache hit)
822 http cache kind-of@https://registry.npmjs.org/kind-of/-/kind-of-6.0.3.tgz 0ms (cache hit)
823 http cache ansi-regex@https://registry.npmjs.org/ansi-regex/-/ansi-regex-4.1.1.tgz 0ms (cache hit)
824 http cache is-data-descriptor@https://registry.npmjs.org/is-data-descriptor/-/is-data-descriptor-0.1.4.tgz 0ms (cache hit)
825 http cache is-descriptor@https://registry.npmjs.org/is-descriptor/-/is-descriptor-0.1.6.tgz 0ms (cache hit)
826 http cache kind-of@https://registry.npmjs.org/kind-of/-/kind-of-5.1.0.tgz 0ms (cache hit)
827 http cache define-property@https://registry.npmjs.org/define-property/-/define-property-0.2.5.tgz 0ms (cache hit)
828 http cache anymatch@https://registry.npmjs.org/anymatch/-/anymatch-2.0.0.tgz 0ms (cache hit)
829 http cache normalize-path@https://registry.npmjs.org/normalize-path/-/normalize-path-2.1.1.tgz 0ms (cache hit)
830 http cache is-accessor-descriptor@https://registry.npmjs.org/is-accessor-descriptor/-/is-accessor-descriptor-0.1.6.tgz 0ms (cache hit)
831 http cache ms@https://registry.npmjs.org/ms/-/ms-2.0.0.tgz 0ms (cache hit)
832 http cache bytes@https://registry.npmjs.org/bytes/-/bytes-3.1.2.tgz 0ms (cache hit)
833 http cache debug@https://registry.npmjs.org/debug/-/debug-2.6.9.tgz 0ms (cache hit)
834 http cache define-property@https://registry.npmjs.org/define-property/-/define-property-1.0.0.tgz 0ms (cache hit)
835 http cache source-map@https://registry.npmjs.org/source-map/-/source-map-0.7.4.tgz 0ms (cache hit)
836 http cache @jridgewell/sourcemap-codec@https://registry.npmjs.org/@jridgewell/sourcemap-codec/-/sourcemap-codec-1.4.14.tgz 0ms (cache hit)
837 warn deprecated source-map-url@0.4.1: See https://github.com/lydell/source-map-url#deprecated
838 warn deprecated urix@0.1.0: Please see https://github.com/lydell/urix#deprecated
839 http fetch POST 200 https://registry.npmjs.org/-/npm/v1/security/advisories/bulk 723ms
840 silly audit report {
840 silly audit report   '@babel/core': [
840 silly audit report     {
840 silly audit report       id: 1123528,
840 silly audit report       url: 'https://github.com/advisories/GHSA-4x5r-pxfx-6jf8',
840 silly audit report       title: '@babel/core: Arbitrary File Read via sourceMappingURL Comment',
840 silly audit report       severity: 'low',
840 silly audit report       vulnerable_versions: '<=7.29.0',
840 silly audit report       cwe: [Array],
840 silly audit report       cvss: [Object]
840 silly audit report     }
840 silly audit report   ],
840 silly audit report   '@babel/helpers': [
840 silly audit report     {
840 silly audit report       id: 1104001,
840 silly audit report       url: 'https://github.com/advisories/GHSA-968p-4wvh-cqc8',
840 silly audit report       title: 'Babel has inefficient RegExp complexity in generated code with .replace when transpiling named capturing groups',
840 silly audit report       severity: 'moderate',
840 silly audit report       vulnerable_versions: '<7.26.10',
840 silly audit report       cwe: [Array],
840 silly audit report       cvss: [Object]
840 silly audit report     }
840 silly audit report   ],
840 silly audit report   '@babel/plugin-transform-modules-systemjs': [
840 silly audit report     {
840 silly audit report       id: 1120258,
840 silly audit report       url: 'https://github.com/advisories/GHSA-fv7c-fp4j-7gwp',
840 silly audit report       title: '@babel/plugin-transform-modules-systemjs generates arbitrary code when compiling malicious input',
840 silly audit report       severity: 'high',
840 silly audit report       vulnerable_versions: '>=7.12.0 <=7.29.3',
840 silly audit report       cwe: [Array],
840 silly audit report       cvss: [Object]
840 silly audit report     }
840 silly audit report   ],
840 silly audit report   '@babel/runtime': [
840 silly audit report     {
840 silly audit report       id: 1104000,
840 silly audit report       url: 'https://github.com/advisories/GHSA-968p-4wvh-cqc8',
840 silly audit report       title: 'Babel has inefficient RegExp complexity in generated code with .replace when transpiling named capturing groups',
840 silly audit report       severity: 'moderate',
840 silly audit report       vulnerable_versions: '<7.26.10',
840 silly audit report       cwe: [Array],
840 silly audit report       cvss: [Object]
840 silly audit report     }
840 silly audit report   ],
840 silly audit report   '@babel/traverse': [
840 silly audit report     {
840 silly audit report       id: 1117420,
840 silly audit report       url: 'https://github.com/advisories/GHSA-67hx-6x53-jw92',
840 silly audit report       title: 'Babel vulnerable to arbitrary code execution when compiling specifically crafted malicious code',
840 silly audit report       severity: 'critical',
840 silly audit report       vulnerable_versions: '<7.23.2',
840 silly audit report       cwe: [Array],
840 silly audit report       cvss: [Object]
840 silly audit report     }
840 silly audit report   ],
840 silly audit report   ajv: [
840 silly audit report     {
840 silly audit report       id: 1113714,
840 silly audit report       url: 'https://github.com/advisories/GHSA-2g4f-4pwh-qvx6',
840 silly audit report       title: 'ajv has ReDoS when using `$data` option',
840 silly audit report       severity: 'moderate',
840 silly audit report       vulnerable_versions: '<6.14.0',
840 silly audit report       cwe: [Array],
840 silly audit report       cvss: [Object]
840 silly audit report     }
840 silly audit report   ],
840 silly audit report   'body-parser': [
840 silly audit report     {
840 silly audit report       id: 1123977,
840 silly audit report       url: 'https://github.com/advisories/GHSA-v422-hmwv-36x6',
840 silly audit report       title: 'body-parser vulnerable to denial of service when invalid limit value silently disables size enforcement',
840 silly audit report       severity: 'low',
840 silly audit report       vulnerable_versions: '<1.20.6',
840 silly audit report       cwe: [Array],
840 silly audit report       cvss: [Object]
840 silly audit report     },
840 silly audit report     {
840 silly audit report       id: 1099520,
840 silly audit report       url: 'https://github.com/advisories/GHSA-qwcr-r2fm-qrc7',
840 silly audit report       title: 'body-parser vulnerable to denial of service when url encoding is enabled',
840 silly audit report       severity: 'high',
840 silly audit report       vulnerable_versions: '<1.20.3',
840 silly audit report       cwe: [Array],
840 silly audit report       cvss: [Object]
840 silly audit report     }
840 silly audit report   ],
840 silly audit report   'brace-expansion': [
840 silly audit report     {
840 silly audit report       id: 1105443,
840 silly audit report       url: 'https://github.com/advisories/GHSA-v6h2-p8h4-qcjw',
840 silly audit report       title: 'brace-expansion Regular Expression Denial of Service vulnerability',
840 silly audit report       severity: 'low',
840 silly audit report       vulnerable_versions: '>=1.0.0 <=1.1.11',
840 silly audit report       cwe: [Array],
840 silly audit report       cvss: [Object]
840 silly audit report     },
840 silly audit report     {
840 silly audit report       id: 1130588,
840 silly audit report       url: 'https://github.com/advisories/GHSA-mh99-v99m-4gvg',
840 silly audit report       title: 'brace-expansion: DoS via unbounded expansion length causing an out-of-memory process crash',
840 silly audit report       severity: 'high',
840 silly audit report       vulnerable_versions: '<1.1.17',
840 silly audit report       cwe: [Array],
840 silly audit report       cvss: [Object]
840 silly audit report     },
840 silly audit report     {
840 silly audit report       id: 1130737,
840 silly audit report       url: 'https://github.com/advisories/GHSA-rgw5-rvv9-x895',
840 silly audit report       title: 'brace-expansion: DoS via unbounded intermediate arrays, bypassing the CVE-2026-14257 mitigation',
840 silly audit report       severity: 'high',
840 silly audit report       vulnerable_versions: '<1.1.18',
840 silly audit report       cwe: [Array],
840 silly audit report       cvss: [Object]
840 silly audit report     },
840 silly audit report     {
840 silly audit report       id: 1115540,
840 silly audit report       url: 'https://github.com/advisories/GHSA-f886-m6hf-6m8v',
840 silly audit report       title: 'brace-expansion: Zero-step sequence causes process hang and memory exhaustion',
840 silly audit report       severity: 'moderate',
840 silly audit report       vulnerable_versions: '<1.1.13',
840 silly audit report       cwe: [Array],
840 silly audit report       cvss: [Object]
840 silly audit report     },
840 silly audit report     {
840 silly audit report       id: 1123897,
840 silly audit report       url: 'https://github.com/advisories/GHSA-3jxr-9vmj-r5cp',
840 silly audit report       title: 'brace-expansion: DoS via exponential-time expansion of consecutive non-expanding {} groups',
840 silly audit report       severity: 'high',
840 silly audit report       vulnerable_versions: '<1.1.16',
840 silly audit report       cwe: [Array],
840 silly audit report       cvss: [Object]
840 silly audit report     }
840 silly audit report   ],
840 silly audit report   braces: [
840 silly audit report     {
840 silly audit report       id: 1098094,
840 silly audit report       url: 'https://github.com/advisories/GHSA-grv7-fg5c-xmjg',
840 silly audit report       title: 'Uncontrolled resource consumption in braces',
840 silly audit report       severity: 'high',
840 silly audit report       vulnerable_versions: '<3.0.3',
840 silly audit report       cwe: [Array],
840 silly audit report       cvss: [Object]
840 silly audit report     }
840 silly audit report   ],
840 silly audit report   cookie: [
840 silly audit report     {
840 silly audit report       id: 1103907,
840 silly audit report       url: 'https://github.com/advisories/GHSA-pxg6-pf52-xh8x',
840 silly audit report       title: 'cookie accepts cookie name, path, and domain with out of bounds characters',
840 silly audit report       severity: 'low',
840 silly audit report       vulnerable_versions: '<0.7.0',
840 silly audit report       cwe: [Array],
840 silly audit report       cvss: [Object]
840 silly audit report     }
840 silly audit report   ],
840 silly audit report   'cross-spawn': [
840 silly audit report     {
840 silly audit report       id: 1104663,
840 silly audit report       url: 'https://github.com/advisories/GHSA-3xgq-45jj-v275',
840 silly audit report       title: 'Regular Expression Denial of Service (ReDoS) in cross-spawn',
840 silly audit report       severity: 'high',
840 silly audit report       vulnerable_versions: '<6.0.6',
840 silly audit report       cwe: [Array],
840 silly audit report       cvss: [Object]
840 silly audit report     },
840 silly audit report     {
840 silly audit report       id: 1104664,
840 silly audit report       url: 'https://github.com/advisories/GHSA-3xgq-45jj-v275',
840 silly audit report       title: 'Regular Expression Denial of Service (ReDoS) in cross-spawn',
840 silly audit report       severity: 'high',
840 silly audit report       vulnerable_versions: '>=7.0.0 <7.0.5',
840 silly audit report       cwe: [Array],
840 silly audit report       cvss: [Object]
840 silly audit report     }
840 silly audit report   ],
840 silly audit report   semver: [
840 silly audit report     {
840 silly audit report       id: 1112918,
840 silly audit report       url: 'https://github.com/advisories/GHSA-c2qf-rxjj-qqgw',
840 silly audit report       title: 'semver vulnerable to Regular Expression Denial of Service',
840 silly audit report       severity: 'high',
840 silly audit report       vulnerable_versions: '>=2.0.0-alpha <5.7.2',
840 silly audit report       cwe: [Array],
840 silly audit report       cvss: [Object]
840 silly audit report     },
840 silly audit report     {
840 silly audit report       id: 1112922,
840 silly audit report       url: 'https://github.com/advisories/GHSA-c2qf-rxjj-qqgw',
840 silly audit report       title: 'semver vulnerable to Regular Expression Denial of Service',
840 silly audit report       severity: 'high',
840 silly audit report       vulnerable_versions: '>=6.0.0 <6.3.1',
840 silly audit report       cwe: [Array],
840 silly audit report       cvss: [Object]
840 silly audit report     }
840 silly audit report   ],
840 silly audit report   express: [
840 silly audit report     {
840 silly audit report       id: 1100530,
840 silly audit report       url: 'https://github.com/advisories/GHSA-qw6h-vgh9-j6wx',
840 silly audit report       title: 'express vulnerable to XSS via response.redirect()',
840 silly audit report       severity: 'low',
840 silly audit report       vulnerable_versions: '<4.20.0',
840 silly audit report       cwe: [Array],
840 silly audit report       cvss: [Object]
840 silly audit report     },
840 silly audit report     {
840 silly audit report       id: 1111636,
840 silly audit report       url: 'https://github.com/advisories/GHSA-rv95-896h-c2vc',
840 silly audit report       title: 'Express.js Open Redirect in malformed URLs',
840 silly audit report       severity: 'moderate',
840 silly audit report       vulnerable_versions: '<4.19.2',
840 silly audit report       cwe: [Array],
840 silly audit report       cvss: [Object]
840 silly audit report     }
840 silly audit report   ],
840 silly audit report   'path-to-regexp': [
840 silly audit report     {
840 silly audit report       id: 1101849,
840 silly audit report       url: 'https://github.com/advisories/GHSA-9wv6-86v2-598j',
840 silly audit report       title: 'path-to-regexp outputs backtracking regular expressions',
840 silly audit report       severity: 'high',
840 silly audit report       vulnerable_versions: '>=0.2.0 <1.9.0',
840 silly audit report       cwe: [Array],
840 silly audit report       cvss: [Object]
840 silly audit report     },
840 silly audit report     {
840 silly audit report       id: 1101850,
840 silly audit report       url: 'https://github.com/advisories/GHSA-9wv6-86v2-598j',
840 silly audit report       title: 'path-to-regexp outputs backtracking regular expressions',
840 silly audit report       severity: 'high',
840 silly audit report       vulnerable_versions: '<0.1.10',
840 silly audit report       cwe: [Array],
840 silly audit report       cvss: [Object]
840 silly audit report     },
840 silly audit report     {
840 silly audit report       id: 1105199,
840 silly audit report       url: 'https://github.com/advisories/GHSA-rhx6-c78j-4q9w',
840 silly audit report       title: 'path-to-regexp contains a ReDoS',
840 silly audit report       severity: 'high',
840 silly audit report       vulnerable_versions: '<0.1.12',
840 silly audit report       cwe: [Array],
840 silly audit report       cvss: [Object]
840 silly audit report     },
840 silly audit report     {
840 silly audit report       id: 1115527,
840 silly audit report       url: 'https://github.com/advisories/GHSA-37ch-88jc-xwx2',
840 silly audit report       title: 'path-to-regexp vulnerable to Regular Expression Denial of Service via multiple route parameters',
840 silly audit report       severity: 'high',
840 silly audit report       vulnerable_versions: '<0.1.13',
840 silly audit report       cwe: [Array],
840 silly audit report       cvss: [Object]
840 silly audit report     }
840 silly audit report   ],
840 silly audit report   'follow-redirects': [
840 silly audit report     {
840 silly audit report       id: 1109569,
840 silly audit report       url: 'https://github.com/advisories/GHSA-jchw-25xp-jwwc',
840 silly audit report       title: 'Follow Redirects improperly handles URLs in the url.parse() function',
840 silly audit report       severity: 'moderate',
840 silly audit report       vulnerable_versions: '<1.15.4',
840 silly audit report       cwe: [Array],
840 silly audit report       cvss: [Object]
840 silly audit report     },
840 silly audit report     {
840 silly audit report       id: 1096856,
840 silly audit report       url: 'https://github.com/advisories/GHSA-cxjh-pqwp-8mfp',
840 silly audit report       title: "follow-redirects' Proxy-Authorization header kept across hosts",
840 silly audit report       severity: 'moderate',
840 silly audit report       vulnerable_versions: '<=1.15.5',
840 silly audit report       cwe: [Array],
840 silly audit report       cvss: [Object]
840 silly audit report     },
840 silly audit report     {
840 silly audit report       id: 1116560,
840 silly audit report       url: 'https://github.com/advisories/GHSA-r4q5-vmmm-2653',
840 silly audit report       title: 'follow-redirects leaks Custom Authentication Headers to Cross-Domain Redirect Targets',
840 silly audit report       severity: 'moderate',
840 silly audit report       vulnerable_versions: '<=1.15.11',
840 silly audit report       cwe: [Array],
840 silly audit report       cvss: [Object]
840 silly audit report     }
840 silly audit report   ],
840 silly audit report   'http-proxy-middleware': [
840 silly audit report     {
840 silly audit report       id: 1100223,
840 silly audit report       url: 'https://github.com/advisories/GHSA-c7qv-q95q-8v27',
840 silly audit report       title: 'Denial of service in http-proxy-middleware',
840 silly audit report       severity: 'high',
840 silly audit report       vulnerable_versions: '<2.0.7',
840 silly audit report       cwe: [Array],
840 silly audit report       cvss: [Object]
840 silly audit report     },
840 silly audit report     {
840 silly audit report       id: 1121360,
840 silly audit report       url: 'https://github.com/advisories/GHSA-64mm-vxmg-q3vj',
840 silly audit report       title: 'http-proxy-middleware `router` host+path substring matching allows Host-header-driven backend routing bypass',
840 silly audit report       severity: 'moderate',
840 silly audit report       vulnerable_versions: '>=0.16.0 <2.0.10',
840 silly audit report       cwe: [Array],
840 silly audit report       cvss: [Object]
840 silly audit report     }
840 silly audit report   ],
840 silly audit report   ip: [
840 silly audit report     {
840 silly audit report       id: 1101851,
840 silly audit report       url: 'https://github.com/advisories/GHSA-2p57-rm9w-gvfp',
840 silly audit report       title: 'ip SSRF improper categorization in isPublic',
840 silly audit report       severity: 'high',
840 silly audit report       vulnerable_versions: '<=2.0.1',
840 silly audit report       cwe: [Array],
840 silly audit report       cvss: [Object]
840 silly audit report     },
840 silly audit report     {
840 silly audit report       id: 1114831,
840 silly audit report       url: 'https://github.com/advisories/GHSA-78xj-cgh5-2h22',
840 silly audit report       title: 'NPM IP package incorrectly identifies some private IP addresses as public',
840 silly audit report       severity: 'low',
840 silly audit report       vulnerable_versions: '<1.1.9',
840 silly audit report       cwe: [Array],
840 silly audit report       cvss: [Object]
840 silly audit report     }
840 silly audit report   ],
840 silly audit report   lodash: [
840 silly audit report     {
840 silly audit report       id: 1120370,
840 silly audit report       url: 'https://github.com/advisories/GHSA-xxjr-mmjv-4gpg',
840 silly audit report       title: 'Lodash has Prototype Pollution Vulnerability in `_.unset` and `_.omit` functions',
840 silly audit report       severity: 'moderate',
840 silly audit report       vulnerable_versions: '>=4.0.0 <=4.17.22',
840 silly audit report       cwe: [Array],
840 silly audit report       cvss: [Object]
840 silly audit report     },
840 silly audit report     {
840 silly audit report       id: 1115806,
840 silly audit report       url: 'https://github.com/advisories/GHSA-r5fr-rjxr-66jc',
840 silly audit report       title: 'lodash vulnerable to Code Injection via `_.template` imports key names',
840 silly audit report       severity: 'high',
840 silly audit report       vulnerable_versions: '>=4.0.0 <=4.17.23',
840 silly audit report       cwe: [Array],
840 silly audit report       cvss: [Object]
840 silly audit report     },
840 silly audit report     {
840 silly audit report       id: 1115810,
840 silly audit report       url: 'https://github.com/advisories/GHSA-f23m-r3pf-42rh',
840 silly audit report       title: 'lodash vulnerable to Prototype Pollution via array path bypass in `_.unset` and `_.omit`',
840 silly audit report       severity: 'moderate',
840 silly audit report       vulnerable_versions: '<=4.17.23',
840 silly audit report       cwe: [Array],
840 silly audit report       cvss: [Object]
840 silly audit report     }
840 silly audit report   ],
840 silly audit report   micromatch: [
840 silly audit report     {
840 silly audit report       id: 1098681,
840 silly audit report       url: 'https://github.com/advisories/GHSA-952p-6rrq-rcjv',
840 silly audit report       title: 'Regular Expression Denial of Service (ReDoS) in micromatch',
840 silly audit report       severity: 'moderate',
840 silly audit report       vulnerable_versions: '<4.0.8',
840 silly audit report       cwe: [Array],
840 silly audit report       cvss: [Object]
840 silly audit report     }
840 silly audit report   ],
840 silly audit report   minimatch: [
840 silly audit report     {
840 silly audit report       id: 1113459,
840 silly audit report       url: 'https://github.com/advisories/GHSA-3ppc-4f35-3m26',
840 silly audit report       title: 'minimatch has a ReDoS via repeated wildcards with non-matching literal in pattern',
840 silly audit report       severity: 'high',
840 silly audit report       vulnerable_versions: '<3.1.3',
840 silly audit report       cwe: [Array],
840 silly audit report       cvss: [Object]
840 silly audit report     },
840 silly audit report     {
840 silly audit report       id: 1113538,
840 silly audit report       url: 'https://github.com/advisories/GHSA-7r86-cg39-jmmj',
840 silly audit report       title: 'minimatch has ReDoS: matchOne() combinatorial backtracking via multiple non-adjacent GLOBSTAR segments',
840 silly audit report       severity: 'high',
840 silly audit report       vulnerable_versions: '<3.1.3',
840 silly audit report       cwe: [Array],
840 silly audit report       cvss: [Object]
840 silly audit report     },
840 silly audit report     {
840 silly audit report       id: 1113546,
840 silly audit report       url: 'https://github.com/advisories/GHSA-23c5-xmqv-rm74',
840 silly audit report       title: 'minimatch ReDoS: nested *() extglobs generate catastrophically backtracking regular expressions',
840 silly audit report       severity: 'high',
840 silly audit report       vulnerable_versions: '<3.1.4',
840 silly audit report       cwe: [Array],
840 silly audit report       cvss: [Object]
840 silly audit report     }
840 silly audit report   ],
840 silly audit report   nanoid: [
840 silly audit report     {
840 silly audit report       id: 1109563,
840 silly audit report       url: 'https://github.com/advisories/GHSA-mwcw-c2x4-8c55',
840 silly audit report       title: 'Predictable results in nanoid generation when given non-integer values',
840 silly audit report       severity: 'moderate',
840 silly audit report       vulnerable_versions: '<3.3.8',
840 silly audit report       cwe: [Array],
840 silly audit report       cvss: [Object]
840 silly audit report     },
840 silly audit report     {
840 silly audit report       id: 1138811,
840 silly audit report       url: 'https://github.com/advisories/GHSA-28wg-ghj8-5hjv',
840 silly audit report       title: 'nanoid: non-secure generators can loop indefinitely with negative size',
840 silly audit report       severity: 'high',
840 silly audit report       vulnerable_versions: '<3.3.16',
840 silly audit report       cwe: [Array],
840 silly audit report       cvss: [Object]
840 silly audit report     },
840 silly audit report     {
840 silly audit report       id: 1138813,
840 silly audit report       url: 'https://github.com/advisories/GHSA-2v37-7h3g-55p8',
840 silly audit report       title: 'nanoid: custom generators can loop indefinitely when size is zero',
840 silly audit report       severity: 'high',
840 silly audit report       vulnerable_versions: '<3.3.17',
840 silly audit report       cwe: [Array],
840 silly audit report       cvss: [Object]
840 silly audit report     }
840 silly audit report   ],
840 silly audit report   'node-forge': [
840 silly audit report     {
840 silly audit report       id: 1102321,
840 silly audit report       url: 'https://github.com/advisories/GHSA-x4jg-mjrx-434g',
840 silly audit report       title: 'Improper Verification of Cryptographic Signature in node-forge',
840 silly audit report       severity: 'high',
840 silly audit report       vulnerable_versions: '<1.3.0',
840 silly audit report       cwe: [Array],
840 silly audit report       cvss: [Object]
840 silly audit report     },
840 silly audit report     {
840 silly audit report       id: 1102322,
840 silly audit report       url: 'https://github.com/advisories/GHSA-cfm4-qjh2-4765',
840 silly audit report       title: 'Improper Verification of Cryptographic Signature in node-forge',
840 silly audit report       severity: 'high',
840 silly audit report       vulnerable_versions: '<1.3.0',
840 silly audit report       cwe: [Array],
840 silly audit report       cvss: [Object]
840 silly audit report     },
840 silly audit report     {
840 silly audit report       id: 1110996,
840 silly audit report       url: 'https://github.com/advisories/GHSA-554w-wpv2-vw27',
840 silly audit report       title: 'node-forge has ASN.1 Unbounded Recursion',
840 silly audit report       severity: 'high',
840 silly audit report       vulnerable_versions: '<1.3.2',
840 silly audit report       cwe: [Array],
840 silly audit report       cvss: [Object]
840 silly audit report     },
840 silly audit report     {
840 silly audit report       id: 1110998,
840 silly audit report       url: 'https://github.com/advisories/GHSA-5gfm-wpxj-wjgq',
840 silly audit report       title: 'node-forge has an Interpretation Conflict vulnerability via its ASN.1 Validator Desynchronization',
840 silly audit report       severity: 'high',
840 silly audit report       vulnerable_versions: '<1.3.2',
840 silly audit report       cwe: [Array],
840 silly audit report       cvss: [Object]
840 silly audit report     },
840 silly audit report     {
840 silly audit report       id: 1111068,
840 silly audit report       url: 'https://github.com/advisories/GHSA-65ch-62r8-g69g',
840 silly audit report       title: 'node-forge is vulnerable to ASN.1 OID Integer Truncation',
840 silly audit report       severity: 'moderate',
840 silly audit report       vulnerable_versions: '<1.3.2',
840 silly audit report       cwe: [Array],
840 silly audit report       cvss: [Object]
840 silly audit report     },
840 silly audit report     {
840 silly audit report       id: 1088227,
840 silly audit report       url: 'https://github.com/advisories/GHSA-5rrq-pxf6-6jx5',
840 silly audit report       title: 'Prototype Pollution in node-forge debug API.',
840 silly audit report       severity: 'low',
840 silly audit report       vulnerable_versions: '<1.0.0',
840 silly audit report       cwe: [Array],
840 silly audit report       cvss: [Object]
840 silly audit report     },
840 silly audit report     {
840 silly audit report       id: 1088229,
840 silly audit report       url: 'https://github.com/advisories/GHSA-gf8q-jrpm-jvxq',
840 silly audit report       title: 'URL parsing in node-forge could lead to undesired behavior.',
840 silly audit report       severity: 'low',
840 silly audit report       vulnerable_versions: '<1.0.0',
840 silly audit report       cwe: [Array],
840 silly audit report       cvss: [Object]
840 silly audit report     },
840 silly audit report     {
840 silly audit report       id: 1115545,
840 silly audit report       url: 'https://github.com/advisories/GHSA-2328-f5f3-gj25',
840 silly audit report       title: 'Forge has a basicConstraints bypass in its certificate chain verification (RFC 5280 violation)',
840 silly audit report       severity: 'high',
840 silly audit report       vulnerable_versions: '<=1.3.3',
840 silly audit report       cwe: [Array],
840 silly audit report       cvss: [Object]
840 silly audit report     },
840 silly audit report     {
840 silly audit report       id: 1115546,
840 silly audit report       url: 'https://github.com/advisories/GHSA-q67f-28xg-22rw',
840 silly audit report       title: 'Forge has signature forgery in Ed25519 due to missing S > L check',
840 silly audit report       severity: 'high',
840 silly audit report       vulnerable_versions: '<1.4.0',
840 silly audit report       cwe: [Array],
840 silly audit report       cvss: [Object]
840 silly audit report     },
840 silly audit report     {
840 silly audit report       id: 1115548,
840 silly audit report       url: 'https://github.com/advisories/GHSA-5m6q-g25r-mvwx',
840 silly audit report       title: 'Forge has Denial of Service via Infinite Loop in BigInteger.modInverse() with Zero Input',
840 silly audit report       severity: 'high',
840 silly audit report       vulnerable_versions: '<1.4.0',
840 silly audit report       cwe: [Array],
840 silly audit report       cvss: [Object]
840 silly audit report     },
840 silly audit report     {
840 silly audit report       id: 1115612,
840 silly audit report       url: 'https://github.com/advisories/GHSA-ppp5-5v6c-4jwp',
840 silly audit report       title: 'Forge has signature forgery in RSA-PKCS due to ASN.1 extra field  ',
840 silly audit report       severity: 'high',
840 silly audit report       vulnerable_versions: '<1.4.0',
840 silly audit report       cwe: [Array],
840 silly audit report       cvss: [Object]
840 silly audit report     },
840 silly audit report     {
840 silly audit report       id: 1093719,
840 silly audit report       url: 'https://github.com/advisories/GHSA-8fr3-hfg3-gpgp',
840 silly audit report       title: 'Open Redirect in node-forge',
840 silly audit report       severity: 'moderate',
840 silly audit report       vulnerable_versions: '<1.0.0',
840 silly audit report       cwe: [Array],
840 silly audit report       cvss: [Object]
840 silly audit report     },
840 silly audit report     {
840 silly audit report       id: 1088746,
840 silly audit report       url: 'https://github.com/advisories/GHSA-2r2c-g63r-vccr',
840 silly audit report       title: 'Improper Verification of Cryptographic Signature in `node-forge`',
840 silly audit report       severity: 'moderate',
840 silly audit report       vulnerable_versions: '<1.3.0',
840 silly audit report       cwe: [Array],
840 silly audit report       cvss: [Object]
840 silly audit report     }
840 silly audit report   ],
840 silly audit report   'on-headers': [
840 silly audit report     {
840 silly audit report       id: 1106812,
840 silly audit report       url: 'https://github.com/advisories/GHSA-76c9-3jph-rj3q',
840 silly audit report       title: 'on-headers is vulnerable to http response header manipulation',
840 silly audit report       severity: 'low',
840 silly audit report       vulnerable_versions: '<1.1.0',
840 silly audit report       cwe: [Array],
840 silly audit report       cvss: [Object]
840 silly audit report     }
840 silly audit report   ],
840 silly audit report   picomatch: [
840 silly audit report     {
840 silly audit report       id: 1115549,
840 silly audit report       url: 'https://github.com/advisories/GHSA-3v7f-55p6-f55p',
840 silly audit report       title: 'Picomatch: Method Injection in POSIX Character Classes causes incorrect Glob Matching',
840 silly audit report       severity: 'moderate',
840 silly audit report       vulnerable_versions: '<2.3.2',
840 silly audit report       cwe: [Array],
840 silly audit report       cvss: [Object]
840 silly audit report     },
840 silly audit report     {
840 silly audit report       id: 1115552,
840 silly audit report       url: 'https://github.com/advisories/GHSA-c2c7-rcm5-vvqj',
840 silly audit report       title: 'Picomatch has a ReDoS vulnerability via extglob quantifiers',
840 silly audit report       severity: 'high',
840 silly audit report       vulnerable_versions: '<2.3.2',
840 silly audit report       cwe: [Array],
840 silly audit report       cvss: [Object]
840 silly audit report     }
840 silly audit report   ],
840 silly audit report   postcss: [
840 silly audit report     {
840 silly audit report       id: 1109574,
840 silly audit report       url: 'https://github.com/advisories/GHSA-7fh5-64p2-3v2j',
840 silly audit report       title: 'PostCSS line return parsing error',
840 silly audit report       severity: 'moderate',
840 silly audit report       vulnerable_versions: '<8.4.31',
840 silly audit report       cwe: [Array],
840 silly audit report       cvss: [Object]
840 silly audit report     },
840 silly audit report     {
840 silly audit report       id: 1130709,
840 silly audit report       url: 'https://github.com/advisories/GHSA-fxqj-rqcc-2cmp',
840 silly audit report       title: 'PostCSS: incomplete fix of GHSA-6g55-p6wh-862q — attacker-controlled sourceMappingURL reads arbitrary .map files when `from` is unset',
840 silly audit report       severity: 'moderate',
840 silly audit report       vulnerable_versions: '<=8.5.22',
840 silly audit report       cwe: [Array],
840 silly audit report       cvss: [Object]
840 silly audit report     },
840 silly audit report     {
840 silly audit report       id: 1117015,
840 silly audit report       url: 'https://github.com/advisories/GHSA-qx2v-qp2m-jg93',
840 silly audit report       title: 'PostCSS has XSS via Unescaped </style> in its CSS Stringify Output',
840 silly audit report       severity: 'moderate',
840 silly audit report       vulnerable_versions: '<8.5.10',
840 silly audit report       cwe: [Array],
840 silly audit report       cvss: [Object]
840 silly audit report     },
840 silly audit report     {
840 silly audit report       id: 1124252,
840 silly audit report       url: 'https://github.com/advisories/GHSA-6g55-p6wh-862q',
840 silly audit report       title: 'PostCSS: Arbitrary file read and information disclosure via attacker-controlled sourceMappingURL in CSS comments',
840 silly audit report       severity: 'high',
840 silly audit report       vulnerable_versions: '<=8.5.11',
840 silly audit report       cwe: [Array],
840 silly audit report       cvss: [Object]
840 silly audit report     },
840 silly audit report     {
840 silly audit report       id: 1124288,
840 silly audit report       url: 'https://github.com/advisories/GHSA-r28c-9q8g-f849',
840 silly audit report       title: 'PostCSS: Path Traversal in Previous Source Map Auto-Loading (sourceMappingURL) leads to Arbitrary .map File Disclosure',
840 silly audit report       severity: 'high',
840 silly audit report       vulnerable_versions: '<=8.5.17',
840 silly audit report       cwe: [Array],
840 silly audit report       cvss: [Object]
840 silly audit report     }
840 silly audit report   ],
840 silly audit report   qs: [
840 silly audit report     {
840 silly audit report       id: 1113161,
840 silly audit report       url: 'https://github.com/advisories/GHSA-w7fw-mjwx-w883',
840 silly audit report       title: "qs's arrayLimit bypass in comma parsing allows denial of service",
840 silly audit report       severity: 'low',
840 silly audit report       vulnerable_versions: '>=6.7.0 <=6.14.1',
840 silly audit report       cwe: [Array],
840 silly audit report       cvss: [Object]
840 silly audit report     },
840 silly audit report     {
840 silly audit report       id: 1113719,
840 silly audit report       url: 'https://github.com/advisories/GHSA-6rw7-vpxm-498p',
840 silly audit report       title: "qs's arrayLimit bypass in its bracket notation allows DoS via memory exhaustion",
840 silly audit report       severity: 'moderate',
840 silly audit report       vulnerable_versions: '<6.14.1',
840 silly audit report       cwe: [Array],
840 silly audit report       cvss: [Object]
840 silly audit report     }
840 silly audit report   ],
840 silly audit report   send: [
840 silly audit report     {
840 silly audit report       id: 1109556,
840 silly audit report       url: 'https://github.com/advisories/GHSA-m6fv-jmcg-4jfg',
840 silly audit report       title: 'send vulnerable to template injection that can lead to XSS',
840 silly audit report       severity: 'low',
840 silly audit report       vulnerable_versions: '<0.19.0',
840 silly audit report       cwe: [Array],
840 silly audit report       cvss: [Object]
840 silly audit report     }
840 silly audit report   ],
840 silly audit report   'serialize-javascript': [
840 silly audit report     {
840 silly audit report       id: 1119440,
840 silly audit report       url: 'https://github.com/advisories/GHSA-qj8w-gfj5-8c6v',
840 silly audit report       title: 'Serialize JavaScript has CPU Exhaustion Denial of Service via crafted array-like objects',
840 silly audit report       severity: 'moderate',
840 silly audit report       vulnerable_versions: '>=5.0.0 <7.0.5',
840 silly audit report       cwe: [Array],
840 silly audit report       cvss: [Object]
840 silly audit report     },
840 silly audit report     {
840 silly audit report       id: 1113686,
840 silly audit report       url: 'https://github.com/advisories/GHSA-5c6j-r48x-rmvq',
840 silly audit report       title: 'Serialize JavaScript is Vulnerable to RCE via RegExp.flags and Date.prototype.toISOString()',
840 silly audit report       severity: 'high',
840 silly audit report       vulnerable_versions: '<=7.0.2',
840 silly audit report       cwe: [Array],
840 silly audit report       cvss: [Object]
840 silly audit report     },
840 silly audit report     {
840 silly audit report       id: 1116766,
840 silly audit report       url: 'https://github.com/advisories/GHSA-76p7-773f-r4q5',
840 silly audit report       title: 'Cross-site Scripting (XSS) in serialize-javascript',
840 silly audit report       severity: 'moderate',
840 silly audit report       vulnerable_versions: '>=6.0.0 <6.0.2',
840 silly audit report       cwe: [Array],
840 silly audit report       cvss: [Object]
840 silly audit report     }
840 silly audit report   ],
840 silly audit report   'serve-static': [
840 silly audit report     {
840 silly audit report       id: 1100528,
840 silly audit report       url: 'https://github.com/advisories/GHSA-cm22-4g7w-348p',
840 silly audit report       title: 'serve-static vulnerable to template injection that can lead to XSS',
840 silly audit report       severity: 'low',
840 silly audit report       vulnerable_versions: '<1.16.0',
840 silly audit report       cwe: [Array],
840 silly audit report       cvss: [Object]
840 silly audit report     }
840 silly audit report   ],
840 silly audit report   uuid: [
840 silly audit report     {
840 silly audit report       id: 1119441,
840 silly audit report       url: 'https://github.com/advisories/GHSA-w5hq-g745-h8pq',
840 silly audit report       title: 'uuid: Missing buffer bounds check in v3/v5/v6 when buf is provided',
840 silly audit report       severity: 'moderate',
840 silly audit report       vulnerable_versions: '<11.1.1',
840 silly audit report       cwe: [Array],
840 silly audit report       cvss: [Object]
840 silly audit report     }
840 silly audit report   ],
840 silly audit report   webpack: [
840 silly audit report     {
840 silly audit report       id: 1113041,
840 silly audit report       url: 'https://github.com/advisories/GHSA-8fgc-7cc6-rx7x',
840 silly audit report       title: 'webpack buildHttp: allowedUris allow-list bypass via URL userinfo (@) leading to build-time SSRF behavior',
840 silly audit report       severity: 'low',
840 silly audit report       vulnerable_versions: '>=5.49.0 <=5.104.0',
840 silly audit report       cwe: [Array],
840 silly audit report       cvss: [Object]
840 silly audit report     },
840 silly audit report     {
840 silly audit report       id: 1113042,
840 silly audit report       url: 'https://github.com/advisories/GHSA-38r7-794h-5758',
840 silly audit report       title: 'webpack buildHttp HttpUriPlugin allowedUris bypass via HTTP redirects → SSRF + cache persistence',
840 silly audit report       severity: 'low',
840 silly audit report       vulnerable_versions: '>=5.49.0 <5.104.0',
840 silly audit report       cwe: [Array],
840 silly audit report       cvss: [Object]
840 silly audit report     },
840 silly audit report     {
840 silly audit report       id: 1099351,
840 silly audit report       url: 'https://github.com/advisories/GHSA-4vvj-4cpr-p986',
840 silly audit report       title: "Webpack's AutoPublicPathRuntimeModule has a DOM Clobbering Gadget that leads to XSS",
840 silly audit report       severity: 'moderate',
840 silly audit report       vulnerable_versions: '>=5.0.0-alpha.0 <5.94.0',
840 silly audit report       cwe: [Array],
840 silly audit report       cvss: [Object]
840 silly audit report     }
840 silly audit report   ],
840 silly audit report   'webpack-dev-middleware': [
840 silly audit report     {
840 silly audit report       id: 1096729,
840 silly audit report       url: 'https://github.com/advisories/GHSA-wr3j-pwj9-hqq6',
840 silly audit report       title: 'Path traversal in webpack-dev-middleware',
840 silly audit report       severity: 'high',
840 silly audit report       vulnerable_versions: '<=5.3.3',
840 silly audit report       cwe: [Array],
840 silly audit report       cvss: [Object]
840 silly audit report     }
840 silly audit report   ],
840 silly audit report   'webpack-dev-server': [
840 silly audit report     {
840 silly audit report       id: 1108429,
840 silly audit report       url: 'https://github.com/advisories/GHSA-9jgg-88mc-972h',
840 silly audit report       title: "webpack-dev-server users' source code may be stolen when they access a malicious web site with non-Chromium based browser",
840 silly audit report       severity: 'moderate',
840 silly audit report       vulnerable_versions: '<=5.2.0',
840 silly audit report       cwe: [Array],
840 silly audit report       cvss: [Object]
840 silly audit report     },
840 silly audit report     {
840 silly audit report       id: 1108430,
840 silly audit report       url: 'https://github.com/advisories/GHSA-4v9v-hfq4-rm2v',
840 silly audit report       title: "webpack-dev-server users' source code may be stolen when they access a malicious web site",
840 silly audit report       severity: 'moderate',
840 silly audit report       vulnerable_versions: '<=5.2.0',
840 silly audit report       cwe: [Array],
840 silly audit report       cvss: [Object]
840 silly audit report     },
840 silly audit report     {
840 silly audit report       id: 1119074,
840 silly audit report       url: 'https://github.com/advisories/GHSA-79cf-xcqc-c78w',
840 silly audit report       title: 'webpack-dev-server vulnerable to cross-origin source code exposure on non-HTTPS origins',
840 silly audit report       severity: 'moderate',
840 silly audit report       vulnerable_versions: '<=5.2.3',
840 silly audit report       cwe: [Array],
840 silly audit report       cvss: [Object]
840 silly audit report     },
840 silly audit report     {
840 silly audit report       id: 1121087,
840 silly audit report       url: 'https://github.com/advisories/GHSA-mx8g-39q3-5c79',
840 silly audit report       title: 'webpack-dev-server vulnerable to HMR WebSocket interception via permissive user proxies',
840 silly audit report       severity: 'moderate',
840 silly audit report       vulnerable_versions: '<5.2.5',
840 silly audit report       cwe: [Array],
840 silly audit report       cvss: [Object]
840 silly audit report     },
840 silly audit report     {
840 silly audit report       id: 1123965,
840 silly audit report       url: 'https://github.com/advisories/GHSA-f5vj-f2hx-8m93',
840 silly audit report       title: 'webpack-dev-server vulnerable to cross-site request forgery via internal developer endpoints',
840 silly audit report       severity: 'moderate',
840 silly audit report       vulnerable_versions: '<=5.2.5',
840 silly audit report       cwe: [Array],
840 silly audit report       cvss: [Object]
840 silly audit report     },
840 silly audit report     {
840 silly audit report       id: 1123966,
840 silly audit report       url: 'https://github.com/advisories/GHSA-m28w-2pqf-7qgj',
840 silly audit report       title: 'webpack-dev-server vulnerable to denial of service via a malformed Host or Origin header',
840 silly audit report       severity: 'moderate',
840 silly audit report       vulnerable_versions: '<=5.2.5',
840 silly audit report       cwe: [Array],
840 silly audit report       cvss: [Object]
840 silly audit report     }
840 silly audit report   ],
840 silly audit report   'websocket-driver': [
840 silly audit report     {
840 silly audit report       id: 1123482,
840 silly audit report       url: 'https://github.com/advisories/GHSA-mp7j-qc5w-4988',
840 silly audit report       title: 'websocket-driver: Resource limit bypass via message compression',
840 silly audit report       severity: 'moderate',
840 silly audit report       vulnerable_versions: '<0.7.5',
840 silly audit report       cwe: [Array],
840 silly audit report       cvss: [Object]
840 silly audit report     },
840 silly audit report     {
840 silly audit report       id: 1123483,
840 silly audit report       url: 'https://github.com/advisories/GHSA-xv26-6w52-cph6',
840 silly audit report       title: 'websocket-driver: Message corruption via abuse of protocol length headers',
840 silly audit report       severity: 'critical',
840 silly audit report       vulnerable_versions: '<0.7.5',
840 silly audit report       cwe: [Array],
840 silly audit report       cvss: [Object]
840 silly audit report     }
840 silly audit report   ],
840 silly audit report   ws: [
840 silly audit report     {
840 silly audit report       id: 1118730,
840 silly audit report       url: 'https://github.com/advisories/GHSA-3h5v-q93c-6h6q',
840 silly audit report       title: 'ws affected by a DoS when handling a request with many HTTP headers',
840 silly audit report       severity: 'high',
840 silly audit report       vulnerable_versions: '>=6.0.0 <6.2.3',
840 silly audit report       cwe: [Array],
840 silly audit report       cvss: [Object]
840 silly audit report     },
840 silly audit report     {
840 silly audit report       id: 1123261,
840 silly audit report       url: 'https://github.com/advisories/GHSA-96hv-2xvq-fx4p',
840 silly audit report       title: 'ws: Memory exhaustion DoS from tiny fragments and data chunks',
840 silly audit report       severity: 'high',
840 silly audit report       vulnerable_versions: '>=6.0.0 <6.2.4',
840 silly audit report       cwe: [Array],
840 silly audit report       cvss: [Object]
840 silly audit report     }
840 silly audit report   ]
840 silly audit report }
841 silly packumentCache corgi:https://registry.npmjs.org/@babel%2fcore cache-miss
842 silly packumentCache corgi:https://registry.npmjs.org/@babel%2fhelpers cache-miss
843 silly packumentCache corgi:https://registry.npmjs.org/@babel%2fplugin-transform-modules-systemjs cache-miss
844 silly packumentCache corgi:https://registry.npmjs.org/@babel%2fruntime cache-miss
845 silly packumentCache corgi:https://registry.npmjs.org/@babel%2ftraverse cache-miss
846 silly packumentCache corgi:https://registry.npmjs.org/ajv cache-miss
847 silly packumentCache corgi:https://registry.npmjs.org/body-parser cache-miss
848 silly packumentCache corgi:https://registry.npmjs.org/brace-expansion cache-miss
849 silly packumentCache corgi:https://registry.npmjs.org/braces cache-miss
850 silly packumentCache corgi:https://registry.npmjs.org/cookie cache-miss
851 silly packumentCache corgi:https://registry.npmjs.org/cross-spawn cache-miss
852 silly packumentCache corgi:https://registry.npmjs.org/semver cache-miss
853 silly packumentCache corgi:https://registry.npmjs.org/express cache-miss
854 silly packumentCache corgi:https://registry.npmjs.org/path-to-regexp cache-miss
855 silly packumentCache corgi:https://registry.npmjs.org/follow-redirects cache-miss
856 silly packumentCache corgi:https://registry.npmjs.org/http-proxy-middleware cache-miss
857 silly packumentCache corgi:https://registry.npmjs.org/ip cache-miss
858 silly packumentCache corgi:https://registry.npmjs.org/lodash cache-miss
859 silly packumentCache corgi:https://registry.npmjs.org/micromatch cache-miss
860 silly packumentCache corgi:https://registry.npmjs.org/minimatch cache-miss
861 silly packumentCache corgi:https://registry.npmjs.org/nanoid cache-miss
862 silly packumentCache corgi:https://registry.npmjs.org/node-forge cache-miss
863 silly packumentCache corgi:https://registry.npmjs.org/on-headers cache-miss
864 silly packumentCache corgi:https://registry.npmjs.org/picomatch cache-miss
865 silly packumentCache corgi:https://registry.npmjs.org/postcss cache-miss
866 silly packumentCache corgi:https://registry.npmjs.org/qs cache-miss
867 silly packumentCache corgi:https://registry.npmjs.org/send cache-miss
868 silly packumentCache corgi:https://registry.npmjs.org/serialize-javascript cache-miss
869 silly packumentCache corgi:https://registry.npmjs.org/serve-static cache-miss
870 silly packumentCache corgi:https://registry.npmjs.org/uuid cache-miss
871 silly packumentCache corgi:https://registry.npmjs.org/webpack cache-miss
872 silly packumentCache corgi:https://registry.npmjs.org/webpack-dev-middleware cache-miss
873 silly packumentCache corgi:https://registry.npmjs.org/webpack-dev-server cache-miss
874 silly packumentCache corgi:https://registry.npmjs.org/websocket-driver cache-miss
875 silly packumentCache corgi:https://registry.npmjs.org/ws cache-miss
876 warn deprecated resolve-url@0.2.1: https://github.com/lydell/resolve-url#deprecated
877 warn deprecated source-map-resolve@0.5.3: See https://github.com/lydell/source-map-resolve#deprecated
878 warn deprecated chokidar@2.1.8: Chokidar 2 does not receive security updates since 2019. Upgrade to chokidar 3 with 15x fewer dependencies
879 warn deprecated fsevents@1.2.13: The v1 package contains DANGEROUS / INSECURE binaries. Upgrade to safe fsevents v2
880 http cache https://registry.npmjs.org/@babel%2fcore 189ms (cache hit)
881 silly packumentCache corgi:https://registry.npmjs.org/@babel%2fcore set size:422446 disposed:false
882 http cache https://registry.npmjs.org/@babel%2ftraverse 190ms (cache hit)
883 silly packumentCache corgi:https://registry.npmjs.org/@babel%2ftraverse set size:304418 disposed:false
884 http cache https://registry.npmjs.org/@babel%2fhelpers 192ms (cache hit)
885 silly packumentCache corgi:https://registry.npmjs.org/@babel%2fhelpers set size:212239 disposed:false
886 http cache https://registry.npmjs.org/cookie 191ms (cache hit)
887 silly packumentCache corgi:https://registry.npmjs.org/cookie set size:25657 disposed:false
888 http cache https://registry.npmjs.org/@babel%2fplugin-transform-modules-systemjs 193ms (cache hit)
889 silly packumentCache corgi:https://registry.npmjs.org/@babel%2fplugin-transform-modules-systemjs set size:173070 disposed:false
890 http cache https://registry.npmjs.org/@babel%2fruntime 194ms (cache hit)
891 silly packumentCache corgi:https://registry.npmjs.org/@babel%2fruntime set size:225384 disposed:false
892 http cache https://registry.npmjs.org/cross-spawn 193ms (cache hit)
893 silly packumentCache corgi:https://registry.npmjs.org/cross-spawn set size:44626 disposed:false
894 http cache https://registry.npmjs.org/node-forge 193ms (cache hit)
895 silly packumentCache corgi:https://registry.npmjs.org/node-forge set size:106633 disposed:false
896 http cache https://registry.npmjs.org/path-to-regexp 195ms (cache hit)
897 silly packumentCache corgi:https://registry.npmjs.org/path-to-regexp set size:66575 disposed:false
898 http cache https://registry.npmjs.org/body-parser 197ms (cache hit)
899 silly packumentCache corgi:https://registry.npmjs.org/body-parser set size:81203 disposed:false
900 http cache https://registry.npmjs.org/ajv 198ms (cache hit)
901 silly packumentCache corgi:https://registry.npmjs.org/ajv set size:467559 disposed:false
902 http cache https://registry.npmjs.org/brace-expansion 200ms (cache hit)
903 silly packumentCache corgi:https://registry.npmjs.org/brace-expansion set size:34964 disposed:false
904 http cache https://registry.npmjs.org/follow-redirects 200ms (cache hit)
905 silly packumentCache corgi:https://registry.npmjs.org/follow-redirects set size:88479 disposed:false
906 http cache https://registry.npmjs.org/express 200ms (cache hit)
907 silly packumentCache corgi:https://registry.npmjs.org/express set size:339376 disposed:false
908 http cache https://registry.npmjs.org/micromatch 201ms (cache hit)
909 silly packumentCache corgi:https://registry.npmjs.org/micromatch set size:71776 disposed:false
910 http cache https://registry.npmjs.org/minimatch 202ms (cache hit)
911 silly packumentCache corgi:https://registry.npmjs.org/minimatch set size:169442 disposed:false
912 http cache https://registry.npmjs.org/nanoid 203ms (cache hit)
913 silly packumentCache corgi:https://registry.npmjs.org/nanoid set size:158420 disposed:false
914 http cache https://registry.npmjs.org/ip 204ms (cache hit)
915 silly packumentCache corgi:https://registry.npmjs.org/ip set size:17316 disposed:false
916 http cache https://registry.npmjs.org/on-headers 204ms (cache hit)
917 silly packumentCache corgi:https://registry.npmjs.org/on-headers set size:4386 disposed:false
918 http cache https://registry.npmjs.org/lodash 204ms (cache hit)
919 silly packumentCache corgi:https://registry.npmjs.org/lodash set size:69555 disposed:false
920 http cache https://registry.npmjs.org/serialize-javascript 205ms (cache hit)
921 silly packumentCache corgi:https://registry.npmjs.org/serialize-javascript set size:38638 disposed:false
922 http cache https://registry.npmjs.org/send 206ms (cache hit)
923 silly packumentCache corgi:https://registry.npmjs.org/send set size:63171 disposed:false
924 http cache https://registry.npmjs.org/http-proxy-middleware 206ms (cache hit)
925 silly packumentCache corgi:https://registry.npmjs.org/http-proxy-middleware set size:172463 disposed:false
926 http cache https://registry.npmjs.org/picomatch 208ms (cache hit)
927 silly packumentCache corgi:https://registry.npmjs.org/picomatch set size:45123 disposed:false
928 http cache https://registry.npmjs.org/braces 210ms (cache hit)
929 silly packumentCache corgi:https://registry.npmjs.org/braces set size:35919 disposed:false
930 http cache https://registry.npmjs.org/serve-static 209ms (cache hit)
931 silly packumentCache corgi:https://registry.npmjs.org/serve-static set size:58234 disposed:false
932 http cache https://registry.npmjs.org/qs 209ms (cache hit)
933 silly packumentCache corgi:https://registry.npmjs.org/qs set size:148003 disposed:false
934 http cache https://registry.npmjs.org/uuid 209ms (cache hit)
935 silly packumentCache corgi:https://registry.npmjs.org/uuid set size:82973 disposed:false
936 http cache https://registry.npmjs.org/postcss 211ms (cache hit)
937 silly packumentCache corgi:https://registry.npmjs.org/postcss set size:355680 disposed:false
938 http cache https://registry.npmjs.org/webpack-dev-middleware 215ms (cache hit)
939 silly packumentCache corgi:https://registry.npmjs.org/webpack-dev-middleware set size:183579 disposed:false
940 http cache https://registry.npmjs.org/webpack-dev-server 217ms (cache hit)
941 silly packumentCache corgi:https://registry.npmjs.org/webpack-dev-server set size:471651 disposed:false
942 http cache https://registry.npmjs.org/websocket-driver 219ms (cache hit)
943 silly packumentCache corgi:https://registry.npmjs.org/websocket-driver set size:19937 disposed:false
944 http cache https://registry.npmjs.org/ws 220ms (cache hit)
945 silly packumentCache corgi:https://registry.npmjs.org/ws set size:207962 disposed:false
946 http cache https://registry.npmjs.org/webpack 222ms (cache hit)
947 silly packumentCache corgi:https://registry.npmjs.org/webpack set size:2051227 disposed:false
948 http cache https://registry.npmjs.org/semver 235ms (cache hit)
949 silly packumentCache corgi:https://registry.npmjs.org/semver set size:101435 disposed:false
950 silly packumentCache corgi:https://registry.npmjs.org/@babel%2fhelper-compilation-targets cache-miss
951 silly packumentCache corgi:https://registry.npmjs.org/@babel%2fhelper-create-class-features-plugin cache-miss
952 silly packumentCache corgi:https://registry.npmjs.org/@babel%2fhelper-create-regexp-features-plugin cache-miss
953 silly packumentCache corgi:https://registry.npmjs.org/@babel%2fhelper-define-polyfill-provider cache-miss
954 silly packumentCache corgi:https://registry.npmjs.org/@babel%2fhelper-remap-async-to-generator cache-miss
955 silly packumentCache corgi:https://registry.npmjs.org/@babel%2fplugin-bugfix-safari-id-destructuring-collision-in-function-expression cache-miss
956 silly packumentCache corgi:https://registry.npmjs.org/@babel%2fplugin-bugfix-v8-spread-parameters-in-optional-chaining cache-miss
957 silly packumentCache corgi:https://registry.npmjs.org/@babel%2fplugin-proposal-private-property-in-object cache-miss
958 silly packumentCache corgi:https://registry.npmjs.org/@babel%2fplugin-proposal-unicode-property-regex cache-miss
959 silly packumentCache corgi:https://registry.npmjs.org/@babel%2fplugin-syntax-async-generators cache-miss
960 silly packumentCache corgi:https://registry.npmjs.org/@babel%2fplugin-syntax-class-properties cache-miss
961 silly packumentCache corgi:https://registry.npmjs.org/@babel%2fplugin-syntax-class-static-block cache-miss
962 silly packumentCache corgi:https://registry.npmjs.org/@babel%2fplugin-syntax-dynamic-import cache-miss
963 silly packumentCache corgi:https://registry.npmjs.org/@babel%2fplugin-syntax-export-namespace-from cache-miss
964 silly packumentCache corgi:https://registry.npmjs.org/@babel%2fplugin-syntax-import-assertions cache-miss
965 silly packumentCache corgi:https://registry.npmjs.org/@babel%2fplugin-syntax-import-attributes cache-miss
966 silly packumentCache corgi:https://registry.npmjs.org/@babel%2fplugin-syntax-import-meta cache-miss
967 silly packumentCache corgi:https://registry.npmjs.org/@babel%2fplugin-syntax-json-strings cache-miss
968 silly packumentCache corgi:https://registry.npmjs.org/@babel%2fplugin-syntax-jsx cache-miss
969 silly packumentCache corgi:https://registry.npmjs.org/@babel%2fplugin-syntax-logical-assignment-operators cache-miss
970 silly packumentCache corgi:https://registry.npmjs.org/@babel%2fplugin-syntax-nullish-coalescing-operator cache-miss
971 silly packumentCache corgi:https://registry.npmjs.org/@babel%2fplugin-syntax-numeric-separator cache-miss
972 silly packumentCache corgi:https://registry.npmjs.org/@babel%2fplugin-syntax-object-rest-spread cache-miss
973 silly packumentCache corgi:https://registry.npmjs.org/@babel%2fplugin-syntax-optional-catch-binding cache-miss
974 silly packumentCache corgi:https://registry.npmjs.org/@babel%2fplugin-syntax-optional-chaining cache-miss
975 silly packumentCache corgi:https://registry.npmjs.org/@babel%2fplugin-syntax-private-property-in-object cache-miss
976 silly packumentCache corgi:https://registry.npmjs.org/@babel%2fplugin-syntax-top-level-await cache-miss
977 silly packumentCache corgi:https://registry.npmjs.org/@babel%2fplugin-syntax-unicode-sets-regex cache-miss
978 silly packumentCache corgi:https://registry.npmjs.org/@babel%2fplugin-transform-arrow-functions cache-miss
979 silly packumentCache corgi:https://registry.npmjs.org/@babel%2fplugin-transform-async-generator-functions cache-miss
980 silly packumentCache corgi:https://registry.npmjs.org/@babel%2fplugin-transform-async-to-generator cache-miss
981 silly packumentCache corgi:https://registry.npmjs.org/@babel%2fplugin-transform-block-scoped-functions cache-miss
982 silly packumentCache corgi:https://registry.npmjs.org/@babel%2fplugin-transform-block-scoping cache-miss
983 silly packumentCache corgi:https://registry.npmjs.org/@babel%2fplugin-transform-class-properties cache-miss
984 silly packumentCache corgi:https://registry.npmjs.org/@babel%2fplugin-transform-class-static-block cache-miss
985 silly packumentCache corgi:https://registry.npmjs.org/@babel%2fplugin-transform-classes cache-miss
986 silly packumentCache corgi:https://registry.npmjs.org/@babel%2fplugin-transform-computed-properties cache-miss
987 silly packumentCache corgi:https://registry.npmjs.org/@babel%2fplugin-transform-destructuring cache-miss
988 silly packumentCache corgi:https://registry.npmjs.org/@babel%2fplugin-transform-dotall-regex cache-miss
989 silly packumentCache corgi:https://registry.npmjs.org/@babel%2fplugin-transform-duplicate-keys cache-miss
990 silly packumentCache corgi:https://registry.npmjs.org/@babel%2fplugin-transform-dynamic-import cache-miss
991 silly packumentCache corgi:https://registry.npmjs.org/@babel%2fplugin-transform-exponentiation-operator cache-miss
992 silly packumentCache corgi:https://registry.npmjs.org/@babel%2fplugin-transform-export-namespace-from cache-miss
993 silly packumentCache corgi:https://registry.npmjs.org/@babel%2fplugin-transform-for-of cache-miss
994 silly packumentCache corgi:https://registry.npmjs.org/@babel%2fplugin-transform-function-name cache-miss
995 silly packumentCache corgi:https://registry.npmjs.org/@babel%2fplugin-transform-json-strings cache-miss
996 silly packumentCache corgi:https://registry.npmjs.org/@babel%2fplugin-transform-literals cache-miss
997 silly packumentCache corgi:https://registry.npmjs.org/@babel%2fplugin-transform-logical-assignment-operators cache-miss
998 silly packumentCache corgi:https://registry.npmjs.org/@babel%2fplugin-transform-member-expression-literals cache-miss
999 silly packumentCache corgi:https://registry.npmjs.org/@babel%2fplugin-transform-modules-amd cache-miss
1000 silly packumentCache corgi:https://registry.npmjs.org/@babel%2fplugin-transform-modules-commonjs cache-miss
1001 silly packumentCache corgi:https://registry.npmjs.org/@babel%2fplugin-transform-modules-umd cache-miss
1002 silly packumentCache corgi:https://registry.npmjs.org/@babel%2fplugin-transform-named-capturing-groups-regex cache-miss
1003 silly packumentCache corgi:https://registry.npmjs.org/@babel%2fplugin-transform-new-target cache-miss
1004 silly packumentCache corgi:https://registry.npmjs.org/@babel%2fplugin-transform-nullish-coalescing-operator cache-miss
1005 silly packumentCache corgi:https://registry.npmjs.org/@babel%2fplugin-transform-numeric-separator cache-miss
1006 silly packumentCache corgi:https://registry.npmjs.org/@babel%2fplugin-transform-object-rest-spread cache-miss
1007 silly packumentCache corgi:https://registry.npmjs.org/@babel%2fplugin-transform-object-super cache-miss
1008 silly packumentCache corgi:https://registry.npmjs.org/@babel%2fplugin-transform-optional-catch-binding cache-miss
1009 silly packumentCache corgi:https://registry.npmjs.org/@babel%2fplugin-transform-optional-chaining cache-miss
1010 silly packumentCache corgi:https://registry.npmjs.org/@babel%2fplugin-transform-parameters cache-miss
1011 silly packumentCache corgi:https://registry.npmjs.org/@babel%2fplugin-transform-private-methods cache-miss
1012 silly packumentCache corgi:https://registry.npmjs.org/@babel%2fplugin-transform-private-property-in-object cache-miss
1013 silly packumentCache corgi:https://registry.npmjs.org/@babel%2fplugin-transform-property-literals cache-miss
1014 silly packumentCache corgi:https://registry.npmjs.org/@babel%2fplugin-transform-react-display-name cache-miss
1015 silly packumentCache corgi:https://registry.npmjs.org/@babel%2fplugin-transform-react-jsx cache-miss
1016 silly packumentCache corgi:https://registry.npmjs.org/@babel%2fplugin-transform-react-jsx-development cache-miss
1017 silly packumentCache corgi:https://registry.npmjs.org/@babel%2fplugin-transform-react-pure-annotations cache-miss
1018 silly packumentCache corgi:https://registry.npmjs.org/@babel%2fplugin-transform-regenerator cache-miss
1019 silly packumentCache corgi:https://registry.npmjs.org/@babel%2fplugin-transform-reserved-words cache-miss
1020 silly packumentCache corgi:https://registry.npmjs.org/@babel%2fplugin-transform-runtime cache-miss
1021 silly packumentCache corgi:https://registry.npmjs.org/@babel%2fplugin-transform-shorthand-properties cache-miss
1022 silly packumentCache corgi:https://registry.npmjs.org/@babel%2fplugin-transform-spread cache-miss
1023 silly packumentCache corgi:https://registry.npmjs.org/@babel%2fplugin-transform-sticky-regex cache-miss
1024 silly packumentCache corgi:https://registry.npmjs.org/@babel%2fplugin-transform-template-literals cache-miss
1025 silly packumentCache corgi:https://registry.npmjs.org/@babel%2fplugin-transform-typeof-symbol cache-miss
1026 silly packumentCache corgi:https://registry.npmjs.org/@babel%2fplugin-transform-unicode-escapes cache-miss
1027 silly packumentCache corgi:https://registry.npmjs.org/@babel%2fplugin-transform-unicode-property-regex cache-miss
1028 silly packumentCache corgi:https://registry.npmjs.org/@babel%2fplugin-transform-unicode-regex cache-miss
1029 silly packumentCache corgi:https://registry.npmjs.org/@babel%2fplugin-transform-unicode-sets-regex cache-miss
1030 silly packumentCache corgi:https://registry.npmjs.org/@babel%2fpreset-env cache-miss
1031 silly packumentCache corgi:https://registry.npmjs.org/@babel%2fpreset-modules cache-miss
1032 silly packumentCache corgi:https://registry.npmjs.org/@babel%2fpreset-react cache-miss
1033 silly packumentCache corgi:https://registry.npmjs.org/babel-loader cache-miss
1034 silly packumentCache corgi:https://registry.npmjs.org/babel-plugin-polyfill-corejs2 cache-miss
1035 silly packumentCache corgi:https://registry.npmjs.org/babel-plugin-polyfill-corejs3 cache-miss
1036 silly packumentCache corgi:https://registry.npmjs.org/babel-plugin-polyfill-regenerator cache-miss
1037 warn deprecated uuid@3.4.0: Please upgrade  to version 7 or higher.  Older versions may use Math.random() in certain circumstances, which is known to be problematic.  See https://v8.dev/blog/math-random for details.
1038 http cache https://registry.npmjs.org/@babel%2fplugin-bugfix-safari-id-destructuring-collision-in-function-expression 138ms (cache hit)
1039 silly packumentCache corgi:https://registry.npmjs.org/@babel%2fplugin-bugfix-safari-id-destructuring-collision-in-function-expression set size:62851 disposed:false
1040 http cache https://registry.npmjs.org/@babel%2fhelper-remap-async-to-generator 139ms (cache hit)
1041 silly packumentCache corgi:https://registry.npmjs.org/@babel%2fhelper-remap-async-to-generator set size:121738 disposed:false
1042 http cache https://registry.npmjs.org/@babel%2fhelper-compilation-targets 140ms (cache hit)
1043 silly packumentCache corgi:https://registry.npmjs.org/@babel%2fhelper-compilation-targets set size:128077 disposed:false
1044 http cache https://registry.npmjs.org/@babel%2fplugin-proposal-private-property-in-object 139ms (cache hit)
1045 silly packumentCache corgi:https://registry.npmjs.org/@babel%2fplugin-proposal-private-property-in-object set size:48496 disposed:false
1046 http cache https://registry.npmjs.org/@babel%2fhelper-create-regexp-features-plugin 140ms (cache hit)
1047 silly packumentCache corgi:https://registry.npmjs.org/@babel%2fhelper-create-regexp-features-plugin set size:102509 disposed:false
1048 http cache https://registry.npmjs.org/@babel%2fplugin-proposal-unicode-property-regex 139ms (cache hit)
1049 silly packumentCache corgi:https://registry.npmjs.org/@babel%2fplugin-proposal-unicode-property-regex set size:97236 disposed:false
1050 http cache https://registry.npmjs.org/@babel%2fplugin-bugfix-v8-spread-parameters-in-optional-chaining 141ms (cache hit)
1051 silly packumentCache corgi:https://registry.npmjs.org/@babel%2fplugin-bugfix-v8-spread-parameters-in-optional-chaining set size:75572 disposed:false
1052 http cache https://registry.npmjs.org/@babel%2fplugin-syntax-async-generators 140ms (cache hit)
1053 silly packumentCache corgi:https://registry.npmjs.org/@babel%2fplugin-syntax-async-generators set size:42446 disposed:false
1054 http cache https://registry.npmjs.org/@babel%2fhelper-define-polyfill-provider 141ms (cache hit)
1055 silly packumentCache corgi:https://registry.npmjs.org/@babel%2fhelper-define-polyfill-provider set size:62899 disposed:false
1056 http cache https://registry.npmjs.org/@babel%2fplugin-syntax-class-properties 141ms (cache hit)
1057 silly packumentCache corgi:https://registry.npmjs.org/@babel%2fplugin-syntax-class-properties set size:49030 disposed:false
1058 http cache https://registry.npmjs.org/@babel%2fplugin-syntax-dynamic-import 141ms (cache hit)
1059 silly packumentCache corgi:https://registry.npmjs.org/@babel%2fplugin-syntax-dynamic-import set size:42216 disposed:false
1060 http cache https://registry.npmjs.org/@babel%2fplugin-syntax-class-static-block 142ms (cache hit)
1061 silly packumentCache corgi:https://registry.npmjs.org/@babel%2fplugin-syntax-class-static-block set size:6594 disposed:false
1062 http cache https://registry.npmjs.org/@babel%2fplugin-syntax-json-strings 141ms (cache hit)
1063 silly packumentCache corgi:https://registry.npmjs.org/@babel%2fplugin-syntax-json-strings set size:26174 disposed:false
1064 http cache https://registry.npmjs.org/@babel%2fplugin-syntax-import-assertions 142ms (cache hit)
1065 silly packumentCache corgi:https://registry.npmjs.org/@babel%2fplugin-syntax-import-assertions set size:52563 disposed:false
1066 http cache https://registry.npmjs.org/@babel%2fplugin-syntax-import-meta 141ms (cache hit)
1067 silly packumentCache corgi:https://registry.npmjs.org/@babel%2fplugin-syntax-import-meta set size:40725 disposed:false
1068 http cache https://registry.npmjs.org/@babel%2fplugin-syntax-export-namespace-from 142ms (cache hit)
1069 silly packumentCache corgi:https://registry.npmjs.org/@babel%2fplugin-syntax-export-namespace-from set size:40473 disposed:false
1070 http cache https://registry.npmjs.org/@babel%2fplugin-syntax-object-rest-spread 142ms (cache hit)
1071 silly packumentCache corgi:https://registry.npmjs.org/@babel%2fplugin-syntax-object-rest-spread set size:42672 disposed:false
1072 http cache https://registry.npmjs.org/@babel%2fplugin-syntax-nullish-coalescing-operator 142ms (cache hit)
1073 silly packumentCache corgi:https://registry.npmjs.org/@babel%2fplugin-syntax-nullish-coalescing-operator set size:43711 disposed:false
1074 http cache https://registry.npmjs.org/@babel%2fplugin-syntax-optional-catch-binding 142ms (cache hit)
1075 silly packumentCache corgi:https://registry.npmjs.org/@babel%2fplugin-syntax-optional-catch-binding set size:43136 disposed:false
1076 http cache https://registry.npmjs.org/@babel%2fhelper-create-class-features-plugin 144ms (cache hit)
1077 silly packumentCache corgi:https://registry.npmjs.org/@babel%2fhelper-create-class-features-plugin set size:225140 disposed:false
1078 http cache https://registry.npmjs.org/@babel%2fplugin-syntax-import-attributes 143ms (cache hit)
1079 silly packumentCache corgi:https://registry.npmjs.org/@babel%2fplugin-syntax-import-attributes set size:31768 disposed:false
1080 http cache https://registry.npmjs.org/@babel%2fplugin-syntax-numeric-separator 143ms (cache hit)
1081 silly packumentCache corgi:https://registry.npmjs.org/@babel%2fplugin-syntax-numeric-separator set size:45856 disposed:false
1082 http cache https://registry.npmjs.org/@babel%2fplugin-syntax-private-property-in-object 142ms (cache hit)
1083 silly packumentCache corgi:https://registry.npmjs.org/@babel%2fplugin-syntax-private-property-in-object set size:3432 disposed:false
1084 http cache https://registry.npmjs.org/@babel%2fplugin-syntax-jsx 143ms (cache hit)
1085 silly packumentCache corgi:https://registry.npmjs.org/@babel%2fplugin-syntax-jsx set size:98808 disposed:false
1086 http cache https://registry.npmjs.org/@babel%2fplugin-syntax-optional-chaining 144ms (cache hit)
1087 silly packumentCache corgi:https://registry.npmjs.org/@babel%2fplugin-syntax-optional-chaining set size:42557 disposed:false
1088 http cache https://registry.npmjs.org/@babel%2fplugin-syntax-top-level-await 143ms (cache hit)
1089 silly packumentCache corgi:https://registry.npmjs.org/@babel%2fplugin-syntax-top-level-await set size:14914 disposed:false
1090 http cache https://registry.npmjs.org/@babel%2fplugin-syntax-logical-assignment-operators 144ms (cache hit)
1091 silly packumentCache corgi:https://registry.npmjs.org/@babel%2fplugin-syntax-logical-assignment-operators set size:38841 disposed:false
1092 http cache https://registry.npmjs.org/@babel%2fplugin-transform-async-to-generator 143ms (cache hit)
1093 silly packumentCache corgi:https://registry.npmjs.org/@babel%2fplugin-transform-async-to-generator set size:132919 disposed:false
1094 http cache https://registry.npmjs.org/@babel%2fplugin-transform-arrow-functions 144ms (cache hit)
1095 silly packumentCache corgi:https://registry.npmjs.org/@babel%2fplugin-transform-arrow-functions set size:115260 disposed:false
1096 http cache https://registry.npmjs.org/@babel%2fplugin-transform-block-scoped-functions 144ms (cache hit)
1097 silly packumentCache corgi:https://registry.npmjs.org/@babel%2fplugin-transform-block-scoped-functions set size:106398 disposed:false
1098 http cache https://registry.npmjs.org/@babel%2fplugin-syntax-unicode-sets-regex 144ms (cache hit)
1099 silly packumentCache corgi:https://registry.npmjs.org/@babel%2fplugin-syntax-unicode-sets-regex set size:13214 disposed:false
1100 http cache https://registry.npmjs.org/@babel%2fplugin-transform-classes 145ms (cache hit)
1101 silly packumentCache corgi:https://registry.npmjs.org/@babel%2fplugin-transform-classes set size:196090 disposed:false
1102 http cache https://registry.npmjs.org/@babel%2fplugin-transform-async-generator-functions 145ms (cache hit)
1103 silly packumentCache corgi:https://registry.npmjs.org/@babel%2fplugin-transform-async-generator-functions set size:62140 disposed:false
1104 http cache https://registry.npmjs.org/@babel%2fplugin-transform-block-scoping 145ms (cache hit)
1105 silly packumentCache corgi:https://registry.npmjs.org/@babel%2fplugin-transform-block-scoping set size:173595 disposed:false
1106 http cache https://registry.npmjs.org/@babel%2fplugin-transform-computed-properties 146ms (cache hit)
1107 silly packumentCache corgi:https://registry.npmjs.org/@babel%2fplugin-transform-computed-properties set size:117599 disposed:false
1108 http cache https://registry.npmjs.org/@babel%2fplugin-transform-exponentiation-operator 145ms (cache hit)
1109 silly packumentCache corgi:https://registry.npmjs.org/@babel%2fplugin-transform-exponentiation-operator set size:115695 disposed:false
1110 http cache https://registry.npmjs.org/@babel%2fplugin-transform-destructuring 147ms (cache hit)
1111 silly packumentCache corgi:https://registry.npmjs.org/@babel%2fplugin-transform-destructuring set size:158732 disposed:false
1112 http cache https://registry.npmjs.org/@babel%2fplugin-transform-function-name 146ms (cache hit)
1113 silly packumentCache corgi:https://registry.npmjs.org/@babel%2fplugin-transform-function-name set size:119337 disposed:false
1114 http cache https://registry.npmjs.org/@babel%2fplugin-transform-modules-amd 146ms (cache hit)
1115 silly packumentCache corgi:https://registry.npmjs.org/@babel%2fplugin-transform-modules-amd set size:136358 disposed:false
1116 http cache https://registry.npmjs.org/@babel%2fplugin-transform-duplicate-keys 147ms (cache hit)
1117 silly packumentCache corgi:https://registry.npmjs.org/@babel%2fplugin-transform-duplicate-keys set size:108702 disposed:false
1118 http cache https://registry.npmjs.org/@babel%2fplugin-transform-json-strings 148ms (cache hit)
1119 silly packumentCache corgi:https://registry.npmjs.org/@babel%2fplugin-transform-json-strings set size:40272 disposed:false
1120 http cache https://registry.npmjs.org/@babel%2fplugin-transform-for-of 148ms (cache hit)
1121 silly packumentCache corgi:https://registry.npmjs.org/@babel%2fplugin-transform-for-of set size:129658 disposed:false
1122 http cache https://registry.npmjs.org/@babel%2fplugin-transform-logical-assignment-operators 149ms (cache hit)
1123 silly packumentCache corgi:https://registry.npmjs.org/@babel%2fplugin-transform-logical-assignment-operators set size:47110 disposed:false
1124 http cache https://registry.npmjs.org/@babel%2fplugin-transform-class-static-block 150ms (cache hit)
1125 silly packumentCache corgi:https://registry.npmjs.org/@babel%2fplugin-transform-class-static-block set size:52503 disposed:false
1126 http cache https://registry.npmjs.org/@babel%2fplugin-transform-dotall-regex 150ms (cache hit)
1127 silly packumentCache corgi:https://registry.npmjs.org/@babel%2fplugin-transform-dotall-regex set size:113285 disposed:false
1128 http cache https://registry.npmjs.org/@babel%2fplugin-transform-member-expression-literals 150ms (cache hit)
1129 silly packumentCache corgi:https://registry.npmjs.org/@babel%2fplugin-transform-member-expression-literals set size:106683 disposed:false
1130 http cache https://registry.npmjs.org/@babel%2fplugin-transform-new-target 149ms (cache hit)
1131 silly packumentCache corgi:https://registry.npmjs.org/@babel%2fplugin-transform-new-target set size:119936 disposed:false
1132 http cache https://registry.npmjs.org/@babel%2fplugin-transform-nullish-coalescing-operator 150ms (cache hit)
1133 silly packumentCache corgi:https://registry.npmjs.org/@babel%2fplugin-transform-nullish-coalescing-operator set size:44314 disposed:false
1134 http cache https://registry.npmjs.org/@babel%2fplugin-transform-object-super 150ms (cache hit)
1135 silly packumentCache corgi:https://registry.npmjs.org/@babel%2fplugin-transform-object-super set size:110555 disposed:false
1136 http cache https://registry.npmjs.org/@babel%2fplugin-transform-export-namespace-from 151ms (cache hit)
1137 silly packumentCache corgi:https://registry.npmjs.org/@babel%2fplugin-transform-export-namespace-from set size:40837 disposed:false
1138 http cache https://registry.npmjs.org/@babel%2fplugin-transform-numeric-separator 150ms (cache hit)
1139 silly packumentCache corgi:https://registry.npmjs.org/@babel%2fplugin-transform-numeric-separator set size:43871 disposed:false
1140 http cache https://registry.npmjs.org/@babel%2fplugin-transform-optional-catch-binding 151ms (cache hit)
1141 silly packumentCache corgi:https://registry.npmjs.org/@babel%2fplugin-transform-optional-catch-binding set size:41822 disposed:false
1142 http cache https://registry.npmjs.org/@babel%2fplugin-transform-named-capturing-groups-regex 151ms (cache hit)
1143 silly packumentCache corgi:https://registry.npmjs.org/@babel%2fplugin-transform-named-capturing-groups-regex set size:100168 disposed:false
1144 http cache https://registry.npmjs.org/@babel%2fplugin-transform-object-rest-spread 151ms (cache hit)
1145 silly packumentCache corgi:https://registry.npmjs.org/@babel%2fplugin-transform-object-rest-spread set size:56819 disposed:false
1146 http cache https://registry.npmjs.org/@babel%2fplugin-transform-class-properties 153ms (cache hit)
1147 silly packumentCache corgi:https://registry.npmjs.org/@babel%2fplugin-transform-class-properties set size:41273 disposed:false
1148 http cache https://registry.npmjs.org/@babel%2fplugin-transform-literals 153ms (cache hit)
1149 silly packumentCache corgi:https://registry.npmjs.org/@babel%2fplugin-transform-literals set size:105944 disposed:false
1150 http cache https://registry.npmjs.org/@babel%2fplugin-transform-private-methods 152ms (cache hit)
1151 silly packumentCache corgi:https://registry.npmjs.org/@babel%2fplugin-transform-private-methods set size:41140 disposed:false
1152 http cache https://registry.npmjs.org/@babel%2fplugin-transform-modules-commonjs 154ms (cache hit)
1153 silly packumentCache corgi:https://registry.npmjs.org/@babel%2fplugin-transform-modules-commonjs set size:174466 disposed:false
1154 http cache https://registry.npmjs.org/@babel%2fplugin-transform-property-literals 154ms (cache hit)
1155 silly packumentCache corgi:https://registry.npmjs.org/@babel%2fplugin-transform-property-literals set size:104150 disposed:false
1156 http cache https://registry.npmjs.org/@babel%2fplugin-transform-react-pure-annotations 154ms (cache hit)
1157 silly packumentCache corgi:https://registry.npmjs.org/@babel%2fplugin-transform-react-pure-annotations set size:66307 disposed:false
1158 http cache https://registry.npmjs.org/@babel%2fplugin-transform-parameters 155ms (cache hit)
1159 silly packumentCache corgi:https://registry.npmjs.org/@babel%2fplugin-transform-parameters set size:149698 disposed:false
1160 http cache https://registry.npmjs.org/@babel%2fplugin-transform-private-property-in-object 155ms (cache hit)
1161 silly packumentCache corgi:https://registry.npmjs.org/@babel%2fplugin-transform-private-property-in-object set size:48379 disposed:false
1162 http cache https://registry.npmjs.org/@babel%2fplugin-transform-regenerator 155ms (cache hit)
1163 silly packumentCache corgi:https://registry.npmjs.org/@babel%2fplugin-transform-regenerator set size:150138 disposed:false
1164 http cache https://registry.npmjs.org/@babel%2fplugin-transform-react-jsx-development 155ms (cache hit)
1165 silly packumentCache corgi:https://registry.npmjs.org/@babel%2fplugin-transform-react-jsx-development set size:71535 disposed:false
1166 http cache https://registry.npmjs.org/@babel%2fplugin-transform-optional-chaining 157ms (cache hit)
1167 silly packumentCache corgi:https://registry.npmjs.org/@babel%2fplugin-transform-optional-chaining set size:56190 disposed:false
1168 http cache https://registry.npmjs.org/@babel%2fplugin-transform-react-display-name 156ms (cache hit)
1169 silly packumentCache corgi:https://registry.npmjs.org/@babel%2fplugin-transform-react-display-name set size:112167 disposed:false
1170 http cache https://registry.npmjs.org/@babel%2fplugin-transform-unicode-escapes 155ms (cache hit)
1171 silly packumentCache corgi:https://registry.npmjs.org/@babel%2fplugin-transform-unicode-escapes set size:65124 disposed:false
1172 http cache https://registry.npmjs.org/@babel%2fplugin-transform-react-jsx 157ms (cache hit)
1173 silly packumentCache corgi:https://registry.npmjs.org/@babel%2fplugin-transform-react-jsx set size:167859 disposed:false
1174 http cache https://registry.npmjs.org/@babel%2fplugin-transform-reserved-words 157ms (cache hit)
1175 silly packumentCache corgi:https://registry.npmjs.org/@babel%2fplugin-transform-reserved-words set size:105094 disposed:false
1176 http cache https://registry.npmjs.org/@babel%2fplugin-transform-shorthand-properties 158ms (cache hit)
1177 silly packumentCache corgi:https://registry.npmjs.org/@babel%2fplugin-transform-shorthand-properties set size:105139 disposed:false
1178 http cache https://registry.npmjs.org/@babel%2fplugin-transform-runtime 158ms (cache hit)
1179 silly packumentCache corgi:https://registry.npmjs.org/@babel%2fplugin-transform-runtime set size:256527 disposed:false
1180 http cache https://registry.npmjs.org/@babel%2fplugin-transform-unicode-regex 158ms (cache hit)
1181 silly packumentCache corgi:https://registry.npmjs.org/@babel%2fplugin-transform-unicode-regex set size:115729 disposed:false
1182 http cache https://registry.npmjs.org/@babel%2fplugin-transform-unicode-sets-regex 158ms (cache hit)
1183 silly packumentCache corgi:https://registry.npmjs.org/@babel%2fplugin-transform-unicode-sets-regex set size:41566 disposed:false
1184 http cache https://registry.npmjs.org/@babel%2fplugin-transform-dynamic-import 161ms (cache hit)
1185 silly packumentCache corgi:https://registry.npmjs.org/@babel%2fplugin-transform-dynamic-import set size:39773 disposed:false
1186 http cache https://registry.npmjs.org/@babel%2fplugin-transform-template-literals 159ms (cache hit)
1187 silly packumentCache corgi:https://registry.npmjs.org/@babel%2fplugin-transform-template-literals set size:119408 disposed:false
1188 http cache https://registry.npmjs.org/@babel%2fpreset-react 159ms (cache hit)
1189 silly packumentCache corgi:https://registry.npmjs.org/@babel%2fpreset-react set size:149700 disposed:false
1190 http cache https://registry.npmjs.org/babel-loader 159ms (cache hit)
1191 silly packumentCache corgi:https://registry.npmjs.org/babel-loader set size:114589 disposed:false
1192 http cache https://registry.npmjs.org/@babel%2fpreset-modules 160ms (cache hit)
1193 silly packumentCache corgi:https://registry.npmjs.org/@babel%2fpreset-modules set size:21335 disposed:false
1194 http cache https://registry.npmjs.org/@babel%2fplugin-transform-modules-umd 162ms (cache hit)
1195 silly packumentCache corgi:https://registry.npmjs.org/@babel%2fplugin-transform-modules-umd set size:121997 disposed:false
1196 http cache https://registry.npmjs.org/babel-plugin-polyfill-corejs2 160ms (cache hit)
1197 silly packumentCache corgi:https://registry.npmjs.org/babel-plugin-polyfill-corejs2 set size:66942 disposed:false
1198 http cache https://registry.npmjs.org/@babel%2fplugin-transform-typeof-symbol 161ms (cache hit)
1199 silly packumentCache corgi:https://registry.npmjs.org/@babel%2fplugin-transform-typeof-symbol set size:119490 disposed:false
1200 http cache https://registry.npmjs.org/@babel%2fplugin-transform-unicode-property-regex 161ms (cache hit)
1201 silly packumentCache corgi:https://registry.npmjs.org/@babel%2fplugin-transform-unicode-property-regex set size:41250 disposed:false
1202 http cache https://registry.npmjs.org/@babel%2fplugin-transform-sticky-regex 162ms (cache hit)
1203 silly packumentCache corgi:https://registry.npmjs.org/@babel%2fplugin-transform-sticky-regex set size:106218 disposed:false
1204 http cache https://registry.npmjs.org/babel-plugin-polyfill-corejs3 161ms (cache hit)
1205 silly packumentCache corgi:https://registry.npmjs.org/babel-plugin-polyfill-corejs3 set size:90382 disposed:false
1206 http cache https://registry.npmjs.org/@babel%2fpreset-env 163ms (cache hit)
1207 silly packumentCache corgi:https://registry.npmjs.org/@babel%2fpreset-env set size:966126 disposed:false
1208 http cache https://registry.npmjs.org/@babel%2fplugin-transform-spread 166ms (cache hit)
1209 silly packumentCache corgi:https://registry.npmjs.org/@babel%2fplugin-transform-spread set size:124964 disposed:false
1210 http cache https://registry.npmjs.org/babel-plugin-polyfill-regenerator 166ms (cache hit)
1211 silly packumentCache corgi:https://registry.npmjs.org/babel-plugin-polyfill-regenerator set size:55469 disposed:false
1212 silly packumentCache corgi:https://registry.npmjs.org/@material-ui%2fcore cache-miss
1213 silly packumentCache corgi:https://registry.npmjs.org/@material-ui%2ficons cache-miss
1214 silly packumentCache corgi:https://registry.npmjs.org/@material-ui%2fstyles cache-miss
1215 silly packumentCache corgi:https://registry.npmjs.org/@material-ui%2fsystem cache-miss
1216 silly packumentCache corgi:https://registry.npmjs.org/@material-ui%2futils cache-miss
1217 silly packumentCache corgi:https://registry.npmjs.org/css-vendor cache-miss
1218 silly packumentCache corgi:https://registry.npmjs.org/dom-helpers cache-miss
1219 silly packumentCache corgi:https://registry.npmjs.org/history cache-miss
1220 silly packumentCache corgi:https://registry.npmjs.org/jss cache-miss
1221 silly packumentCache corgi:https://registry.npmjs.org/jss-plugin-camel-case cache-miss
1222 silly packumentCache corgi:https://registry.npmjs.org/jss-plugin-default-unit cache-miss
1223 silly packumentCache corgi:https://registry.npmjs.org/jss-plugin-global cache-miss
1224 silly packumentCache corgi:https://registry.npmjs.org/jss-plugin-nested cache-miss
1225 silly packumentCache corgi:https://registry.npmjs.org/jss-plugin-props-sort cache-miss
1226 silly packumentCache corgi:https://registry.npmjs.org/jss-plugin-rule-value-function cache-miss
1227 silly packumentCache corgi:https://registry.npmjs.org/jss-plugin-vendor-prefixer cache-miss
1228 silly packumentCache corgi:https://registry.npmjs.org/react-router cache-miss
1229 silly packumentCache corgi:https://registry.npmjs.org/react-router-dom cache-miss
1230 silly packumentCache corgi:https://registry.npmjs.org/react-transition-group cache-miss
1231 silly packumentCache corgi:https://registry.npmjs.org/regenerator-transform cache-miss
1232 http cache https://registry.npmjs.org/history 45ms (cache hit)
1233 silly packumentCache corgi:https://registry.npmjs.org/history set size:129853 disposed:false
1234 http cache https://registry.npmjs.org/css-vendor 47ms (cache hit)
1235 silly packumentCache corgi:https://registry.npmjs.org/css-vendor set size:55187 disposed:false
1236 http cache https://registry.npmjs.org/@material-ui%2fcore 50ms (cache hit)
1237 silly packumentCache corgi:https://registry.npmjs.org/@material-ui%2fcore set size:379078 disposed:false
1238 http cache https://registry.npmjs.org/dom-helpers 50ms (cache hit)
1239 silly packumentCache corgi:https://registry.npmjs.org/dom-helpers set size:35093 disposed:false
1240 http cache https://registry.npmjs.org/jss-plugin-nested 50ms (cache hit)
1241 silly packumentCache corgi:https://registry.npmjs.org/jss-plugin-nested set size:79049 disposed:false
1242 http cache https://registry.npmjs.org/@material-ui%2fstyles 52ms (cache hit)
1243 silly packumentCache corgi:https://registry.npmjs.org/@material-ui%2fstyles set size:202463 disposed:false
1244 http cache https://registry.npmjs.org/@material-ui%2futils 53ms (cache hit)
1245 silly packumentCache corgi:https://registry.npmjs.org/@material-ui%2futils set size:85139 disposed:false
1246 http cache https://registry.npmjs.org/@material-ui%2ficons 53ms (cache hit)
1247 silly packumentCache corgi:https://registry.npmjs.org/@material-ui%2ficons set size:97704 disposed:false
1248 http cache https://registry.npmjs.org/jss-plugin-rule-value-function 52ms (cache hit)
1249 silly packumentCache corgi:https://registry.npmjs.org/jss-plugin-rule-value-function set size:76824 disposed:false
1250 http cache https://registry.npmjs.org/jss-plugin-camel-case 53ms (cache hit)
1251 silly packumentCache corgi:https://registry.npmjs.org/jss-plugin-camel-case set size:83180 disposed:false
1252 http cache https://registry.npmjs.org/jss 53ms (cache hit)
1253 silly packumentCache corgi:https://registry.npmjs.org/jss set size:264150 disposed:false
1254 http cache https://registry.npmjs.org/jss-plugin-vendor-prefixer 54ms (cache hit)
1255 silly packumentCache corgi:https://registry.npmjs.org/jss-plugin-vendor-prefixer set size:81797 disposed:false
1256 http cache https://registry.npmjs.org/@material-ui%2fsystem 56ms (cache hit)
1257 silly packumentCache corgi:https://registry.npmjs.org/@material-ui%2fsystem set size:134399 disposed:false
1258 http cache https://registry.npmjs.org/jss-plugin-props-sort 57ms (cache hit)
1259 silly packumentCache corgi:https://registry.npmjs.org/jss-plugin-props-sort set size:74997 disposed:false
1260 http cache https://registry.npmjs.org/jss-plugin-global 57ms (cache hit)
1261 silly packumentCache corgi:https://registry.npmjs.org/jss-plugin-global set size:77000 disposed:false
1262 http cache https://registry.npmjs.org/jss-plugin-default-unit 58ms (cache hit)
1263 silly packumentCache corgi:https://registry.npmjs.org/jss-plugin-default-unit set size:84496 disposed:false
1264 http cache https://registry.npmjs.org/react-transition-group 58ms (cache hit)
1265 silly packumentCache corgi:https://registry.npmjs.org/react-transition-group set size:56614 disposed:false
1266 http cache https://registry.npmjs.org/react-router 59ms (cache hit)
1267 silly packumentCache corgi:https://registry.npmjs.org/react-router set size:1352188 disposed:false
1268 http cache https://registry.npmjs.org/regenerator-transform 66ms (cache hit)
1269 silly packumentCache corgi:https://registry.npmjs.org/regenerator-transform set size:38635 disposed:false
1270 http cache https://registry.npmjs.org/react-router-dom 70ms (cache hit)
1271 silly packumentCache corgi:https://registry.npmjs.org/react-router-dom set size:1062690 disposed:false
1272 silly packumentCache corgi:https://registry.npmjs.org/@babel%2fhelper-module-transforms cache-miss
1273 silly packumentCache corgi:https://registry.npmjs.org/@babel%2fhelper-replace-supers cache-miss
1274 silly packumentCache corgi:https://registry.npmjs.org/@babel%2fhelper-wrap-function cache-miss
1275 http cache https://registry.npmjs.org/@babel%2fhelper-module-transforms 35ms (cache hit)
1276 silly packumentCache corgi:https://registry.npmjs.org/@babel%2fhelper-module-transforms set size:187739 disposed:false
1277 http cache https://registry.npmjs.org/@babel%2fhelper-wrap-function 36ms (cache hit)
1278 silly packumentCache corgi:https://registry.npmjs.org/@babel%2fhelper-wrap-function set size:115308 disposed:false
1279 http cache https://registry.npmjs.org/@babel%2fhelper-replace-supers 37ms (cache hit)
1280 silly packumentCache corgi:https://registry.npmjs.org/@babel%2fhelper-replace-supers set size:146043 disposed:false
1281 silly packumentCache corgi:https://registry.npmjs.org/ajv-errors cache-miss
1282 silly packumentCache corgi:https://registry.npmjs.org/ajv-keywords cache-miss
1283 silly packumentCache corgi:https://registry.npmjs.org/schema-utils cache-miss
1284 http cache https://registry.npmjs.org/ajv-errors 23ms (cache hit)
1285 silly packumentCache corgi:https://registry.npmjs.org/ajv-errors set size:15238 disposed:false
1286 http cache https://registry.npmjs.org/schema-utils 23ms (cache hit)
1287 silly packumentCache corgi:https://registry.npmjs.org/schema-utils set size:76871 disposed:false
1288 http cache https://registry.npmjs.org/ajv-keywords 25ms (cache hit)
1289 silly packumentCache corgi:https://registry.npmjs.org/ajv-keywords set size:53509 disposed:false
1290 silly packumentCache corgi:https://registry.npmjs.org/chokidar cache-miss
1291 http cache https://registry.npmjs.org/chokidar 15ms (cache hit)
1292 silly packumentCache corgi:https://registry.npmjs.org/chokidar set size:119454 disposed:false
1293 silly packumentCache corgi:https://registry.npmjs.org/execa cache-miss
1294 http cache https://registry.npmjs.org/execa 14ms (cache hit)
1295 silly packumentCache corgi:https://registry.npmjs.org/execa set size:91350 disposed:false
1296 silly packumentCache corgi:https://registry.npmjs.org/webpack-cli cache-miss
1297 http cache https://registry.npmjs.org/webpack-cli 15ms (cache hit)
1298 silly packumentCache corgi:https://registry.npmjs.org/webpack-cli set size:286642 disposed:false
1299 silly packumentCache corgi:https://registry.npmjs.org/make-dir cache-miss
1300 http cache https://registry.npmjs.org/make-dir 16ms (cache hit)
1301 silly packumentCache corgi:https://registry.npmjs.org/make-dir set size:16389 disposed:false
1302 silly packumentCache corgi:https://registry.npmjs.org/http-proxy cache-miss
1303 http cache https://registry.npmjs.org/http-proxy 13ms (cache hit)
1304 silly packumentCache corgi:https://registry.npmjs.org/http-proxy set size:66005 disposed:false
1305 silly packumentCache corgi:https://registry.npmjs.org/dns-packet cache-miss
1306 http cache https://registry.npmjs.org/dns-packet 10ms (cache hit)
1307 silly packumentCache corgi:https://registry.npmjs.org/dns-packet set size:47403 disposed:false
1308 silly packumentCache corgi:https://registry.npmjs.org/async cache-miss
1309 silly packumentCache corgi:https://registry.npmjs.org/html-webpack-plugin cache-miss
1310 silly packumentCache corgi:https://registry.npmjs.org/pretty-error cache-miss
1311 silly packumentCache corgi:https://registry.npmjs.org/renderkid cache-miss
1312 http cache https://registry.npmjs.org/pretty-error 19ms (cache hit)
1313 silly packumentCache corgi:https://registry.npmjs.org/pretty-error set size:27665 disposed:false
1314 http cache https://registry.npmjs.org/html-webpack-plugin 20ms (cache hit)
1315 silly packumentCache corgi:https://registry.npmjs.org/html-webpack-plugin set size:239196 disposed:false
1316 http cache https://registry.npmjs.org/async 21ms (cache hit)
1317 silly packumentCache corgi:https://registry.npmjs.org/async set size:98095 disposed:false
1318 http cache https://registry.npmjs.org/renderkid 22ms (cache hit)
1319 silly packumentCache corgi:https://registry.npmjs.org/renderkid set size:28799 disposed:false
1320 silly packumentCache corgi:https://registry.npmjs.org/anymatch cache-miss
1321 silly packumentCache corgi:https://registry.npmjs.org/readdirp cache-miss
1322 http cache https://registry.npmjs.org/anymatch 15ms (cache hit)
1323 silly packumentCache corgi:https://registry.npmjs.org/anymatch set size:18345 disposed:false
1324 http cache https://registry.npmjs.org/readdirp 14ms (cache hit)
1325 silly packumentCache corgi:https://registry.npmjs.org/readdirp set size:48044 disposed:false
1326 silly packumentCache corgi:https://registry.npmjs.org/glob cache-miss
1327 http cache https://registry.npmjs.org/glob 10ms (cache hit)
1328 silly packumentCache corgi:https://registry.npmjs.org/glob set size:199194 disposed:false
1329 silly packumentCache corgi:https://registry.npmjs.org/selfsigned cache-miss
1330 http cache https://registry.npmjs.org/selfsigned 9ms (cache hit)
1331 silly packumentCache corgi:https://registry.npmjs.org/selfsigned set size:37003 disposed:false
1332 silly packumentCache corgi:https://registry.npmjs.org/compression cache-miss
1333 http cache https://registry.npmjs.org/compression 10ms (cache hit)
1334 silly packumentCache corgi:https://registry.npmjs.org/compression set size:31993 disposed:false
1335 silly packumentCache corgi:https://registry.npmjs.org/css-loader cache-miss
1336 silly packumentCache corgi:https://registry.npmjs.org/icss-utils cache-miss
1337 silly packumentCache corgi:https://registry.npmjs.org/postcss-modules-extract-imports cache-miss
1338 silly packumentCache corgi:https://registry.npmjs.org/postcss-modules-local-by-default cache-miss
1339 silly packumentCache corgi:https://registry.npmjs.org/postcss-modules-scope cache-miss
1340 silly packumentCache corgi:https://registry.npmjs.org/postcss-modules-values cache-miss
1341 http cache https://registry.npmjs.org/postcss-modules-extract-imports 9ms (cache hit)
1342 silly packumentCache corgi:https://registry.npmjs.org/postcss-modules-extract-imports set size:20843 disposed:false
1343 http cache https://registry.npmjs.org/css-loader 11ms (cache hit)
1344 silly packumentCache corgi:https://registry.npmjs.org/css-loader set size:243401 disposed:false
1345 http cache https://registry.npmjs.org/postcss-modules-values 11ms (cache hit)
1346 silly packumentCache corgi:https://registry.npmjs.org/postcss-modules-values set size:22165 disposed:false
1347 http cache https://registry.npmjs.org/icss-utils 12ms (cache hit)
1348 silly packumentCache corgi:https://registry.npmjs.org/icss-utils set size:13079 disposed:false
1349 http cache https://registry.npmjs.org/postcss-modules-scope 12ms (cache hit)
1350 silly packumentCache corgi:https://registry.npmjs.org/postcss-modules-scope set size:31384 disposed:false
1351 http cache https://registry.npmjs.org/postcss-modules-local-by-default 12ms (cache hit)
1352 silly packumentCache corgi:https://registry.npmjs.org/postcss-modules-local-by-default set size:48451 disposed:false
1353 silly packumentCache corgi:https://registry.npmjs.org/url cache-miss
1354 http cache https://registry.npmjs.org/url 8ms (cache hit)
1355 silly packumentCache corgi:https://registry.npmjs.org/url set size:6951 disposed:false
1356 silly packumentCache corgi:https://registry.npmjs.org/terser-webpack-plugin cache-miss
1357 http cache https://registry.npmjs.org/terser-webpack-plugin 10ms (cache hit)
1358 silly packumentCache corgi:https://registry.npmjs.org/terser-webpack-plugin set size:213564 disposed:false
1359 silly packumentCache corgi:https://registry.npmjs.org/sockjs cache-miss
1360 silly packumentCache corgi:https://registry.npmjs.org/webpack-log cache-miss
1361 http cache https://registry.npmjs.org/sockjs 12ms (cache hit)
1362 silly packumentCache corgi:https://registry.npmjs.org/sockjs set size:25891 disposed:false
1363 http cache https://registry.npmjs.org/webpack-log 11ms (cache hit)
1364 silly packumentCache corgi:https://registry.npmjs.org/webpack-log set size:13044 disposed:false
1365 silly packumentCache corgi:https://registry.npmjs.org/@webpack-cli%2fconfigtest cache-miss
1366 silly packumentCache corgi:https://registry.npmjs.org/clean-webpack-plugin cache-miss
1367 silly packumentCache corgi:https://registry.npmjs.org/style-loader cache-miss
1368 http cache https://registry.npmjs.org/clean-webpack-plugin 16ms (cache hit)
1369 silly packumentCache corgi:https://registry.npmjs.org/clean-webpack-plugin set size:28829 disposed:false
1370 http cache https://registry.npmjs.org/style-loader 16ms (cache hit)
1371 silly packumentCache corgi:https://registry.npmjs.org/style-loader set size:87141 disposed:false
1372 http cache https://registry.npmjs.org/@webpack-cli%2fconfigtest 18ms (cache hit)
1373 silly packumentCache corgi:https://registry.npmjs.org/@webpack-cli%2fconfigtest set size:18021 disposed:false
1374 silly packumentCache corgi:https://registry.npmjs.org/faye-websocket cache-miss
1375 http cache https://registry.npmjs.org/faye-websocket 8ms (cache hit)
1376 silly packumentCache corgi:https://registry.npmjs.org/faye-websocket set size:19807 disposed:false
1377 warn deprecated @material-ui/styles@4.11.5: Material UI v4 doesn't receive active development since September 2021. See the guide https://mui.com/material-ui/migration/migration-v4/ to upgrade to v5.
1378 silly packumentCache corgi:https://registry.npmjs.org/multicast-dns cache-miss
1379 http cache https://registry.npmjs.org/multicast-dns 6ms (cache hit)
1380 silly packumentCache corgi:https://registry.npmjs.org/multicast-dns set size:33661 disposed:false
1381 silly packumentCache corgi:https://registry.npmjs.org/bonjour cache-miss
1382 http cache https://registry.npmjs.org/bonjour 6ms (cache hit)
1383 silly packumentCache corgi:https://registry.npmjs.org/bonjour set size:8878 disposed:false
1384 warn deprecated @material-ui/core@4.12.4: Material UI v4 doesn't receive active development since September 2021. See the guide https://mui.com/material-ui/migration/migration-v4/ to upgrade to v5.
1385 info run fsevents@1.2.13 install node_modules/fsevents node install.js
1386 info run fsevents@1.2.13 install { code: 0, signal: null }
1387 silly ADD node_modules/@types/react
1388 silly ADD node_modules/@types/react/node_modules/csstype
1389 silly ADD node_modules/yargs-parser
1390 silly ADD node_modules/yargs
1391 silly ADD node_modules/yargs/node_modules/path-exists
1392 silly ADD node_modules/yargs/node_modules/p-locate
1393 silly ADD node_modules/yargs/node_modules/locate-path
1394 silly ADD node_modules/yargs/node_modules/find-up
1395 silly ADD node_modules/yallist
1396 silly ADD node_modules/y18n
1397 silly ADD node_modules/ws
1398 silly ADD node_modules/wrappy
1399 silly ADD node_modules/wrap-ansi
1400 silly ADD node_modules/wrap-ansi/node_modules/strip-ansi
1401 silly ADD node_modules/wrap-ansi/node_modules/ansi-regex
1402 silly ADD node_modules/wildcard
1403 silly ADD node_modules/which-typed-array
1404 silly ADD node_modules/which-module
1405 silly ADD node_modules/which-boxed-primitive
1406 silly ADD node_modules/which
1407 silly ADD node_modules/websocket-extensions
1408 silly ADD node_modules/websocket-driver
1409 silly ADD node_modules/webpack-sources
1410 silly ADD node_modules/webpack-merge
1411 silly ADD node_modules/webpack-log
1412 silly ADD node_modules/webpack-log/node_modules/uuid
1413 silly ADD node_modules/webpack-dev-server
1414 silly ADD node_modules/webpack-dev-server/node_modules/supports-color
1415 silly ADD node_modules/webpack-dev-server/node_modules/schema-utils
1416 silly ADD node_modules/webpack-dev-server/node_modules/resolve-from
1417 silly ADD node_modules/webpack-dev-server/node_modules/resolve-cwd
1418 silly ADD node_modules/webpack-dev-server/node_modules/pkg-dir
1419 silly ADD node_modules/webpack-dev-server/node_modules/path-exists
1420 silly ADD node_modules/webpack-dev-server/node_modules/p-locate
1421 silly ADD node_modules/webpack-dev-server/node_modules/locate-path
1422 silly ADD node_modules/webpack-dev-server/node_modules/import-local
1423 silly ADD node_modules/webpack-dev-server/node_modules/find-up
1424 silly ADD node_modules/webpack-dev-middleware
1425 silly ADD node_modules/webpack-dev-middleware/node_modules/mime
1426 silly ADD node_modules/webpack-cli
1427 silly ADD node_modules/webpack-cli/node_modules/commander
1428 silly ADD node_modules/webpack
1429 silly ADD node_modules/webpack/node_modules/tapable
1430 silly ADD node_modules/webpack/node_modules/schema-utils
1431 silly ADD node_modules/wbuf
1432 silly ADD node_modules/watchpack
1433 silly ADD node_modules/vary
1434 silly ADD node_modules/value-equal
1435 silly ADD node_modules/uuid
1436 silly ADD node_modules/utils-merge
1437 silly ADD node_modules/utila
1438 silly ADD node_modules/util.promisify
1439 silly ADD node_modules/util-deprecate
1440 silly ADD node_modules/use
1441 silly ADD node_modules/url-parse
1442 silly ADD node_modules/url
1443 silly ADD node_modules/url/node_modules/punycode
1444 silly ADD node_modules/urix
1445 silly ADD node_modules/uri-js
1446 silly ADD node_modules/update-browserslist-db
1447 silly ADD node_modules/upath
1448 silly ADD node_modules/unset-value
1449 silly ADD node_modules/unset-value/node_modules/isarray
1450 silly ADD node_modules/unset-value/node_modules/has-values
1451 silly ADD node_modules/unset-value/node_modules/has-value
1452 silly ADD node_modules/unset-value/node_modules/has-value/node_modules/isobject
1453 silly ADD node_modules/unpipe
1454 silly ADD node_modules/union-value
1455 silly ADD node_modules/unicode-property-aliases-ecmascript
1456 silly ADD node_modules/unicode-match-property-value-ecmascript
1457 silly ADD node_modules/unicode-match-property-ecmascript
1458 silly ADD node_modules/unicode-canonical-property-names-ecmascript
1459 silly ADD node_modules/unbox-primitive
1460 silly ADD node_modules/typed-array-length
1461 silly ADD node_modules/type-is
1462 silly ADD node_modules/tslib
1463 silly ADD node_modules/toidentifier
1464 silly ADD node_modules/to-regex-range
1465 silly ADD node_modules/to-regex
1466 silly ADD node_modules/to-regex/node_modules/is-extendable
1467 silly ADD node_modules/to-regex/node_modules/extend-shallow
1468 silly ADD node_modules/to-object-path
1469 silly ADD node_modules/to-fast-properties
1470 silly ADD node_modules/tiny-warning
1471 silly ADD node_modules/tiny-invariant
1472 silly ADD node_modules/thunky
1473 silly ADD node_modules/terser-webpack-plugin
1474 silly ADD node_modules/terser-webpack-plugin/node_modules/terser
1475 silly ADD node_modules/terser-webpack-plugin/node_modules/schema-utils
1476 silly ADD node_modules/terser-webpack-plugin/node_modules/commander
1477 silly ADD node_modules/terser
1478 silly ADD node_modules/terser/node_modules/commander
1479 silly ADD node_modules/tapable
1480 silly ADD node_modules/supports-preserve-symlinks-flag
1481 silly ADD node_modules/supports-color
1482 silly ADD node_modules/style-loader
1483 silly ADD node_modules/style-loader/node_modules/schema-utils
1484 silly ADD node_modules/strip-eof
1485 silly ADD node_modules/strip-ansi
1486 silly ADD node_modules/string.prototype.trimstart
1487 silly ADD node_modules/string.prototype.trimend
1488 silly ADD node_modules/string.prototype.trim
1489 silly ADD node_modules/string-width
1490 silly ADD node_modules/string-width/node_modules/strip-ansi
1491 silly ADD node_modules/string-width/node_modules/ansi-regex
1492 silly ADD node_modules/string_decoder
1493 silly ADD node_modules/string_decoder/node_modules/safe-buffer
1494 silly ADD node_modules/statuses
1495 silly ADD node_modules/static-extend
1496 silly ADD node_modules/static-extend/node_modules/is-descriptor
1497 silly ADD node_modules/static-extend/node_modules/is-descriptor/node_modules/kind-of
1498 silly ADD node_modules/static-extend/node_modules/is-data-descriptor
1499 silly ADD node_modules/static-extend/node_modules/is-accessor-descriptor
1500 silly ADD node_modules/static-extend/node_modules/define-property
1501 silly ADD node_modules/split-string
1502 silly ADD node_modules/split-string/node_modules/is-extendable
1503 silly ADD node_modules/split-string/node_modules/extend-shallow
1504 silly ADD node_modules/spdy-transport
1505 silly ADD node_modules/spdy-transport/node_modules/readable-stream
1506 silly ADD node_modules/spdy
1507 silly ADD node_modules/source-map-url
1508 silly ADD node_modules/source-map-support
1509 silly ADD node_modules/source-map-resolve
1510 silly ADD node_modules/source-map-js
1511 silly ADD node_modules/source-map
1512 silly ADD node_modules/sockjs-client
1513 silly ADD node_modules/sockjs-client/node_modules/debug
1514 silly ADD node_modules/sockjs
1515 silly ADD node_modules/snapdragon-util
1516 silly ADD node_modules/snapdragon-node
1517 silly ADD node_modules/snapdragon-node/node_modules/define-property
1518 silly ADD node_modules/snapdragon
1519 silly ADD node_modules/snapdragon/node_modules/source-map
1520 silly ADD node_modules/snapdragon/node_modules/ms
1521 silly ADD node_modules/snapdragon/node_modules/is-descriptor
1522 silly ADD node_modules/snapdragon/node_modules/is-descriptor/node_modules/kind-of
1523 silly ADD node_modules/snapdragon/node_modules/is-data-descriptor
1524 silly ADD node_modules/snapdragon/node_modules/is-accessor-descriptor
1525 silly ADD node_modules/snapdragon/node_modules/define-property
1526 silly ADD node_modules/snapdragon/node_modules/debug
1527 silly ADD node_modules/signal-exit
1528 silly ADD node_modules/side-channel
1529 silly ADD node_modules/shebang-regex
1530 silly ADD node_modules/shebang-command
1531 silly ADD node_modules/shallow-clone
1532 silly ADD node_modules/shallow-clone/node_modules/kind-of
1533 silly ADD node_modules/setprototypeof
1534 silly ADD node_modules/set-value
1535 silly ADD node_modules/set-blocking
1536 silly ADD node_modules/serve-static
1537 silly ADD node_modules/serve-index
1538 silly ADD node_modules/serve-index/node_modules/statuses
1539 silly ADD node_modules/serve-index/node_modules/setprototypeof
1540 silly ADD node_modules/serve-index/node_modules/ms
1541 silly ADD node_modules/serve-index/node_modules/inherits
1542 silly ADD node_modules/serve-index/node_modules/http-errors
1543 silly ADD node_modules/serve-index/node_modules/depd
1544 silly ADD node_modules/serve-index/node_modules/debug
1545 silly ADD node_modules/serialize-javascript
1546 silly ADD node_modules/send
1547 silly ADD node_modules/send/node_modules/ms
1548 silly ADD node_modules/send/node_modules/debug
1549 silly ADD node_modules/send/node_modules/debug/node_modules/ms
1550 silly ADD node_modules/semver
1551 silly ADD node_modules/selfsigned
1552 silly ADD node_modules/select-hose
1553 silly ADD node_modules/schema-utils
1554 silly ADD node_modules/scheduler
1555 silly ADD node_modules/safer-buffer
1556 silly ADD node_modules/safe-regex-test
1557 silly ADD node_modules/safe-regex
1558 silly ADD node_modules/safe-buffer
1559 silly ADD node_modules/safe-array-concat
1560 silly ADD node_modules/safe-array-concat/node_modules/isarray
1561 silly ADD node_modules/rimraf
1562 silly ADD node_modules/retry
1563 silly ADD node_modules/ret
1564 silly ADD node_modules/resolve-url
1565 silly ADD node_modules/resolve-pathname
1566 silly ADD node_modules/resolve-from
1567 silly ADD node_modules/resolve-cwd
1568 silly ADD node_modules/resolve
1569 silly ADD node_modules/requires-port
1570 silly ADD node_modules/require-main-filename
1571 silly ADD node_modules/require-directory
1572 silly ADD node_modules/repeat-string
1573 silly ADD node_modules/repeat-element
1574 silly ADD node_modules/renderkid
1575 silly ADD node_modules/remove-trailing-separator
1576 silly ADD node_modules/relateurl
1577 silly ADD node_modules/regjsparser
1578 silly ADD node_modules/regjsparser/node_modules/jsesc
1579 silly ADD node_modules/regexpu-core
1580 silly ADD node_modules/regexp.prototype.flags
1581 silly ADD node_modules/regex-not
1582 silly ADD node_modules/regex-not/node_modules/is-extendable
1583 silly ADD node_modules/regex-not/node_modules/extend-shallow
1584 silly ADD node_modules/regenerator-transform
1585 silly ADD node_modules/regenerator-runtime
1586 silly ADD node_modules/regenerate-unicode-properties
1587 silly ADD node_modules/regenerate
1588 silly ADD node_modules/rechoir
1589 silly ADD node_modules/readdirp
1590 silly ADD node_modules/readable-stream
1591 silly ADD node_modules/readable-stream/node_modules/safe-buffer
1592 silly ADD node_modules/readable-stream/node_modules/isarray
1593 silly ADD node_modules/react-transition-group
1594 silly ADD node_modules/react-router-dom
1595 silly ADD node_modules/react-router
1596 silly ADD node_modules/react-router/node_modules/react-is
1597 silly ADD node_modules/react-is
1598 silly ADD node_modules/react-dom
1599 silly ADD node_modules/react
1600 silly ADD node_modules/raw-body
1601 silly ADD node_modules/raw-body/node_modules/bytes
1602 silly ADD node_modules/range-parser
1603 silly ADD node_modules/randombytes
1604 silly ADD node_modules/querystringify
1605 silly ADD node_modules/qs
1606 silly ADD node_modules/punycode
1607 silly ADD node_modules/pump
1608 silly ADD node_modules/prr
1609 silly ADD node_modules/proxy-addr
1610 silly ADD node_modules/prop-types
1611 silly ADD node_modules/prop-types/node_modules/react-is
1612 silly ADD node_modules/process-nextick-args
1613 silly ADD node_modules/pretty-error
1614 silly ADD node_modules/postcss-value-parser
1615 silly ADD node_modules/postcss-selector-parser
1616 silly ADD node_modules/postcss-modules-values
1617 silly ADD node_modules/postcss-modules-scope
1618 silly ADD node_modules/postcss-modules-local-by-default
1619 silly ADD node_modules/postcss-modules-extract-imports
1620 silly ADD node_modules/postcss
1621 silly ADD node_modules/posix-character-classes
1622 silly ADD node_modules/portfinder
1623 silly ADD node_modules/portfinder/node_modules/debug
1624 silly ADD node_modules/popper.js
1625 silly ADD node_modules/pkg-dir
1626 silly ADD node_modules/pinkie-promise
1627 silly ADD node_modules/pinkie
1628 silly ADD node_modules/pify
1629 silly ADD node_modules/picomatch
1630 silly ADD node_modules/picocolors
1631 silly ADD node_modules/path-to-regexp
1632 silly ADD node_modules/path-parse
1633 silly ADD node_modules/path-key
1634 silly ADD node_modules/path-is-inside
1635 silly ADD node_modules/path-is-absolute
1636 silly ADD node_modules/path-exists
1637 silly ADD node_modules/path-dirname
1638 silly ADD node_modules/pascalcase
1639 silly ADD node_modules/pascal-case
1640 silly ADD node_modules/parseurl
1641 silly ADD node_modules/param-case
1642 silly ADD node_modules/p-try
1643 silly ADD node_modules/p-retry
1644 silly ADD node_modules/p-map
1645 silly ADD node_modules/p-locate
1646 silly ADD node_modules/p-limit
1647 silly ADD node_modules/p-finally
1648 silly ADD node_modules/opn
1649 silly ADD node_modules/once
1650 silly ADD node_modules/on-headers
1651 silly ADD node_modules/on-finished
1652 silly ADD node_modules/obuf
1653 silly ADD node_modules/object.pick
1654 silly ADD node_modules/object.getownpropertydescriptors
1655 silly ADD node_modules/object.assign
1656 silly ADD node_modules/object-visit
1657 silly ADD node_modules/object-keys
1658 silly ADD node_modules/object-is
1659 silly ADD node_modules/object-inspect
1660 silly ADD node_modules/object-copy
1661 silly ADD node_modules/object-copy/node_modules/is-descriptor
1662 silly ADD node_modules/object-copy/node_modules/is-descriptor/node_modules/kind-of
1663 silly ADD node_modules/object-copy/node_modules/is-data-descriptor
1664 silly ADD node_modules/object-copy/node_modules/is-accessor-descriptor
1665 silly ADD node_modules/object-copy/node_modules/define-property
1666 silly ADD node_modules/object-assign
1667 silly ADD node_modules/nth-check
1668 silly ADD node_modules/npm-run-path
1669 silly ADD node_modules/npm-run-path/node_modules/path-key
1670 silly ADD node_modules/normalize-path
1671 silly ADD node_modules/node-releases
1672 silly ADD node_modules/node-forge
1673 silly ADD node_modules/no-case
1674 silly ADD node_modules/nice-try
1675 silly ADD node_modules/neo-async
1676 silly ADD node_modules/negotiator
1677 silly ADD node_modules/nanomatch
1678 silly ADD node_modules/nanomatch/node_modules/kind-of
1679 silly ADD node_modules/nanomatch/node_modules/is-extendable
1680 silly ADD node_modules/nanomatch/node_modules/extend-shallow
1681 silly ADD node_modules/nanoid
1682 silly ADD node_modules/nan
1683 silly ADD node_modules/multicast-dns-service-types
1684 silly ADD node_modules/multicast-dns
1685 silly ADD node_modules/ms
1686 silly ADD node_modules/mkdirp
1687 silly ADD node_modules/mixin-deep
1688 silly ADD node_modules/mixin-deep/node_modules/is-extendable
1689 silly ADD node_modules/minimist
1690 silly ADD node_modules/minimatch
1691 silly ADD node_modules/minimalistic-assert
1692 silly ADD node_modules/mime-types
1693 silly ADD node_modules/mime-db
1694 silly ADD node_modules/mime
1695 silly ADD node_modules/micromatch
1696 silly ADD node_modules/micromatch/node_modules/kind-of
1697 silly ADD node_modules/micromatch/node_modules/is-extendable
1698 silly ADD node_modules/micromatch/node_modules/extend-shallow
1699 silly ADD node_modules/methods
1700 silly ADD node_modules/merge-stream
1701 silly ADD node_modules/merge-descriptors
1702 silly ADD node_modules/memory-fs
1703 silly ADD node_modules/media-typer
1704 silly ADD node_modules/map-visit
1705 silly ADD node_modules/map-cache
1706 silly ADD node_modules/make-dir
1707 silly ADD node_modules/lru-cache
1708 silly ADD node_modules/lower-case
1709 silly ADD node_modules/loose-envify
1710 silly ADD node_modules/loglevel
1711 silly ADD node_modules/lodash.debounce
1712 silly ADD node_modules/lodash
1713 silly ADD node_modules/locate-path
1714 silly ADD node_modules/loader-utils
1715 silly ADD node_modules/loader-runner
1716 silly ADD node_modules/kind-of
1717 silly ADD node_modules/killable
1718 silly ADD node_modules/jss-plugin-vendor-prefixer
1719 silly ADD node_modules/jss-plugin-rule-value-function
1720 silly ADD node_modules/jss-plugin-props-sort
1721 silly ADD node_modules/jss-plugin-nested
1722 silly ADD node_modules/jss-plugin-global
1723 silly ADD node_modules/jss-plugin-default-unit
1724 silly ADD node_modules/jss-plugin-camel-case
1725 silly ADD node_modules/jss
1726 silly ADD node_modules/jss/node_modules/csstype
1727 silly ADD node_modules/json5
1728 silly ADD node_modules/json-schema-traverse
1729 silly ADD node_modules/json-parse-even-better-errors
1730 silly ADD node_modules/jsesc
1731 silly ADD node_modules/js-tokens
1732 silly ADD node_modules/jest-worker
1733 silly ADD node_modules/jest-worker/node_modules/supports-color
1734 silly ADD node_modules/jest-worker/node_modules/has-flag
1735 silly ADD node_modules/isobject
1736 silly ADD node_modules/isexe
1737 silly ADD node_modules/isarray
1738 silly ADD node_modules/is-wsl
1739 silly ADD node_modules/is-windows
1740 silly ADD node_modules/is-weakref
1741 silly ADD node_modules/is-typed-array
1742 silly ADD node_modules/is-symbol
1743 silly ADD node_modules/is-string
1744 silly ADD node_modules/is-stream
1745 silly ADD node_modules/is-shared-array-buffer
1746 silly ADD node_modules/is-regex
1747 silly ADD node_modules/is-plain-object
1748 silly ADD node_modules/is-path-inside
1749 silly ADD node_modules/is-path-in-cwd
1750 silly ADD node_modules/is-path-cwd
1751 silly ADD node_modules/is-number-object
1752 silly ADD node_modules/is-number
1753 silly ADD node_modules/is-negative-zero
1754 silly ADD node_modules/is-in-browser
1755 silly ADD node_modules/is-glob
1756 silly ADD node_modules/is-fullwidth-code-point
1757 silly ADD node_modules/is-extglob
1758 silly ADD node_modules/is-extendable
1759 silly ADD node_modules/is-descriptor
1760 silly ADD node_modules/is-descriptor/node_modules/kind-of
1761 silly ADD node_modules/is-date-object
1762 silly ADD node_modules/is-data-descriptor
1763 silly ADD node_modules/is-data-descriptor/node_modules/kind-of
1764 silly ADD node_modules/is-core-module
1765 silly ADD node_modules/is-callable
1766 silly ADD node_modules/is-buffer
1767 silly ADD node_modules/is-boolean-object
1768 silly ADD node_modules/is-binary-path
1769 silly ADD node_modules/is-bigint
1770 silly ADD node_modules/is-array-buffer
1771 silly ADD node_modules/is-arguments
1772 silly ADD node_modules/is-accessor-descriptor
1773 silly ADD node_modules/is-accessor-descriptor/node_modules/kind-of
1774 silly ADD node_modules/is-absolute-url
1775 silly ADD node_modules/ipaddr.js
1776 silly ADD node_modules/ip-regex
1777 silly ADD node_modules/ip
1778 silly ADD node_modules/interpret
1779 silly ADD node_modules/internal-slot
1780 silly ADD node_modules/internal-ip
1781 silly ADD node_modules/inherits
1782 silly ADD node_modules/inflight
1783 silly ADD node_modules/import-local
1784 silly ADD node_modules/icss-utils
1785 silly ADD node_modules/iconv-lite
1786 silly ADD node_modules/hyphenate-style-name
1787 silly ADD node_modules/http-proxy-middleware
1788 silly ADD node_modules/http-proxy
1789 silly ADD node_modules/http-parser-js
1790 silly ADD node_modules/http-errors
1791 silly ADD node_modules/http-deceiver
1792 silly ADD node_modules/htmlparser2
1793 silly ADD node_modules/html-webpack-plugin
1794 silly ADD node_modules/html-webpack-plugin/node_modules/loader-utils
1795 silly ADD node_modules/html-webpack-plugin/node_modules/json5
1796 silly ADD node_modules/html-minifier-terser
1797 silly ADD node_modules/html-entities
1798 silly ADD node_modules/hpack.js
1799 silly ADD node_modules/hoist-non-react-statics
1800 silly ADD node_modules/hoist-non-react-statics/node_modules/react-is
1801 silly ADD node_modules/history
1802 silly ADD node_modules/he
1803 silly ADD node_modules/has-values
1804 silly ADD node_modules/has-values/node_modules/kind-of
1805 silly ADD node_modules/has-value
1806 silly ADD node_modules/has-tostringtag
1807 silly ADD node_modules/has-symbols
1808 silly ADD node_modules/has-proto
1809 silly ADD node_modules/has-property-descriptors
1810 silly ADD node_modules/has-flag
1811 silly ADD node_modules/has-bigints
1812 silly ADD node_modules/has
1813 silly ADD node_modules/handle-thing
1814 silly ADD node_modules/graceful-fs
1815 silly ADD node_modules/gopd
1816 silly ADD node_modules/globby
1817 silly ADD node_modules/globby/node_modules/pify
1818 silly ADD node_modules/globalthis
1819 silly ADD node_modules/globals
1820 silly ADD node_modules/glob-to-regexp
1821 silly ADD node_modules/glob-parent
1822 silly ADD node_modules/glob-parent/node_modules/is-glob
1823 silly ADD node_modules/glob
1824 silly ADD node_modules/get-value
1825 silly ADD node_modules/get-symbol-description
1826 silly ADD node_modules/get-stream
1827 silly ADD node_modules/get-intrinsic
1828 silly ADD node_modules/get-caller-file
1829 silly ADD node_modules/gensync
1830 silly ADD node_modules/functions-have-names
1831 silly ADD node_modules/function.prototype.name
1832 silly ADD node_modules/function-bind
1833 silly ADD node_modules/fsevents
1834 silly ADD node_modules/fs.realpath
1835 silly ADD node_modules/fresh
1836 silly ADD node_modules/fragment-cache
1837 silly ADD node_modules/forwarded
1838 silly ADD node_modules/for-in
1839 silly ADD node_modules/for-each
1840 silly ADD node_modules/follow-redirects
1841 silly ADD node_modules/find-up
1842 silly ADD node_modules/find-cache-dir
1843 silly ADD node_modules/finalhandler
1844 silly ADD node_modules/finalhandler/node_modules/ms
1845 silly ADD node_modules/finalhandler/node_modules/debug
1846 silly ADD node_modules/fill-range
1847 silly ADD node_modules/file-uri-to-path
1848 silly ADD node_modules/faye-websocket
1849 silly ADD node_modules/fastest-levenshtein
1850 silly ADD node_modules/fast-json-stable-stringify
1851 silly ADD node_modules/fast-deep-equal
1852 silly ADD node_modules/extglob
1853 silly ADD node_modules/extglob/node_modules/define-property
1854 silly ADD node_modules/extend-shallow
1855 silly ADD node_modules/express
1856 silly ADD node_modules/express/node_modules/path-to-regexp
1857 silly ADD node_modules/express/node_modules/ms
1858 silly ADD node_modules/express/node_modules/debug
1859 silly ADD node_modules/express/node_modules/array-flatten
1860 silly ADD node_modules/expand-brackets
1861 silly ADD node_modules/expand-brackets/node_modules/ms
1862 silly ADD node_modules/expand-brackets/node_modules/is-descriptor
1863 silly ADD node_modules/expand-brackets/node_modules/is-descriptor/node_modules/kind-of
1864 silly ADD node_modules/expand-brackets/node_modules/is-data-descriptor
1865 silly ADD node_modules/expand-brackets/node_modules/is-accessor-descriptor
1866 silly ADD node_modules/expand-brackets/node_modules/define-property
1867 silly ADD node_modules/expand-brackets/node_modules/debug
1868 silly ADD node_modules/execa
1869 silly ADD node_modules/execa/node_modules/which
1870 silly ADD node_modules/execa/node_modules/shebang-regex
1871 silly ADD node_modules/execa/node_modules/shebang-command
1872 silly ADD node_modules/execa/node_modules/semver
1873 silly ADD node_modules/execa/node_modules/path-key
1874 silly ADD node_modules/execa/node_modules/cross-spawn
1875 silly ADD node_modules/eventsource
1876 silly ADD node_modules/events
1877 silly ADD node_modules/eventemitter3
1878 silly ADD node_modules/etag
1879 silly ADD node_modules/esutils
1880 silly ADD node_modules/estraverse
1881 silly ADD node_modules/esrecurse
1882 silly ADD node_modules/esrecurse/node_modules/estraverse
1883 silly ADD node_modules/eslint-scope
1884 silly ADD node_modules/escape-string-regexp
1885 silly ADD node_modules/escape-html
1886 silly ADD node_modules/escalade
1887 silly ADD node_modules/es-to-primitive
1888 silly ADD node_modules/es-set-tostringtag
1889 silly ADD node_modules/es-module-lexer
1890 silly ADD node_modules/es-array-method-boxes-properly
1891 silly ADD node_modules/es-abstract
1892 silly ADD node_modules/errno
1893 silly ADD node_modules/envinfo
1894 silly ADD node_modules/entities
1895 silly ADD node_modules/enhanced-resolve
1896 silly ADD node_modules/enhanced-resolve/node_modules/tapable
1897 silly ADD node_modules/end-of-stream
1898 silly ADD node_modules/encodeurl
1899 silly ADD node_modules/emojis-list
1900 silly ADD node_modules/emoji-regex
1901 silly ADD node_modules/electron-to-chromium
1902 silly ADD node_modules/ee-first
1903 silly ADD node_modules/dot-case
1904 silly ADD node_modules/domutils
1905 silly ADD node_modules/domhandler
1906 silly ADD node_modules/domelementtype
1907 silly ADD node_modules/dom-serializer
1908 silly ADD node_modules/dom-helpers
1909 silly ADD node_modules/dom-helpers/node_modules/csstype
1910 silly ADD node_modules/dom-converter
1911 silly ADD node_modules/dns-txt
1912 silly ADD node_modules/dns-packet
1913 silly ADD node_modules/dns-equal
1914 silly ADD node_modules/detect-node
1915 silly ADD node_modules/destroy
1916 silly ADD node_modules/depd
1917 silly ADD node_modules/del
1918 silly ADD node_modules/define-property
1919 silly ADD node_modules/define-properties
1920 silly ADD node_modules/default-gateway
1921 silly ADD node_modules/deep-equal
1922 silly ADD node_modules/decode-uri-component
1923 silly ADD node_modules/decamelize
1924 silly ADD node_modules/debug
1925 silly ADD node_modules/csstype
1926 silly ADD node_modules/cssesc
1927 silly ADD node_modules/css-what
1928 silly ADD node_modules/css-vendor
1929 silly ADD node_modules/css-select
1930 silly ADD node_modules/css-loader
1931 silly ADD node_modules/css-loader/node_modules/yallist
1932 silly ADD node_modules/css-loader/node_modules/semver
1933 silly ADD node_modules/css-loader/node_modules/schema-utils
1934 silly ADD node_modules/css-loader/node_modules/lru-cache
1935 silly ADD node_modules/cross-spawn
1936 silly ADD node_modules/core-util-is
1937 silly ADD node_modules/core-js-compat
1938 silly ADD node_modules/copy-descriptor
1939 silly ADD node_modules/cookie-signature
1940 silly ADD node_modules/cookie
1941 silly ADD node_modules/convert-source-map
1942 silly ADD node_modules/content-type
1943 silly ADD node_modules/content-disposition
1944 silly ADD node_modules/connect-history-api-fallback
1945 silly ADD node_modules/concat-map
1946 silly ADD node_modules/compression
1947 silly ADD node_modules/compression/node_modules/safe-buffer
1948 silly ADD node_modules/compression/node_modules/ms
1949 silly ADD node_modules/compression/node_modules/debug
1950 silly ADD node_modules/compressible
1951 silly ADD node_modules/component-emitter
1952 silly ADD node_modules/commondir
1953 silly ADD node_modules/commander
1954 silly ADD node_modules/colorette
1955 silly ADD node_modules/color-name
1956 silly ADD node_modules/color-convert
1957 silly ADD node_modules/collection-visit
1958 silly ADD node_modules/clsx
1959 silly ADD node_modules/clone-deep
1960 silly ADD node_modules/clone-deep/node_modules/kind-of
1961 silly ADD node_modules/cliui
1962 silly ADD node_modules/cliui/node_modules/strip-ansi
1963 silly ADD node_modules/cliui/node_modules/ansi-regex
1964 silly ADD node_modules/clean-webpack-plugin
1965 silly ADD node_modules/clean-css
1966 silly ADD node_modules/class-utils
1967 silly ADD node_modules/class-utils/node_modules/is-descriptor
1968 silly ADD node_modules/class-utils/node_modules/is-descriptor/node_modules/kind-of
1969 silly ADD node_modules/class-utils/node_modules/is-data-descriptor
1970 silly ADD node_modules/class-utils/node_modules/is-accessor-descriptor
1971 silly ADD node_modules/class-utils/node_modules/define-property
1972 silly ADD node_modules/chrome-trace-event
1973 silly ADD node_modules/chokidar
1974 silly ADD node_modules/chokidar/node_modules/anymatch
1975 silly ADD node_modules/chokidar/node_modules/anymatch/node_modules/normalize-path
1976 silly ADD node_modules/chalk
1977 silly ADD node_modules/caniuse-lite
1978 silly ADD node_modules/camelcase
1979 silly ADD node_modules/camel-case
1980 silly ADD node_modules/call-bind
1981 silly ADD node_modules/cache-base
1982 silly ADD node_modules/bytes
1983 silly ADD node_modules/buffer-indexof
1984 silly ADD node_modules/buffer-from
1985 silly ADD node_modules/browserslist
1986 silly ADD node_modules/braces
1987 silly ADD node_modules/brace-expansion
1988 silly ADD node_modules/boolbase
1989 silly ADD node_modules/bonjour
1990 silly ADD node_modules/body-parser
1991 silly ADD node_modules/body-parser/node_modules/ms
1992 silly ADD node_modules/body-parser/node_modules/debug
1993 silly ADD node_modules/body-parser/node_modules/bytes
1994 silly ADD node_modules/bindings
1995 silly ADD node_modules/binary-extensions
1996 silly ADD node_modules/big.js
1997 silly ADD node_modules/batch
1998 silly ADD node_modules/base
1999 silly ADD node_modules/base/node_modules/define-property
2000 silly ADD node_modules/balanced-match
2001 silly ADD node_modules/babel-plugin-polyfill-regenerator
2002 silly ADD node_modules/babel-plugin-polyfill-corejs3
2003 silly ADD node_modules/babel-plugin-polyfill-corejs2
2004 silly ADD node_modules/babel-loader
2005 silly ADD node_modules/available-typed-arrays
2006 silly ADD node_modules/atob
2007 silly ADD node_modules/async-limiter
2008 silly ADD node_modules/async-each
2009 silly ADD node_modules/async
2010 silly ADD node_modules/assign-symbols
2011 silly ADD node_modules/array.prototype.reduce
2012 silly ADD node_modules/array-unique
2013 silly ADD node_modules/array-uniq
2014 silly ADD node_modules/array-union
2015 silly ADD node_modules/array-flatten
2016 silly ADD node_modules/array-buffer-byte-length
2017 silly ADD node_modules/arr-union
2018 silly ADD node_modules/arr-flatten
2019 silly ADD node_modules/arr-diff
2020 silly ADD node_modules/anymatch
2021 silly ADD node_modules/ansi-styles
2022 silly ADD node_modules/ansi-regex
2023 silly ADD node_modules/ansi-html-community
2024 silly ADD node_modules/ansi-colors
2025 silly ADD node_modules/ajv-keywords
2026 silly ADD node_modules/ajv-errors
2027 silly ADD node_modules/ajv
2028 silly ADD node_modules/acorn-import-assertions
2029 silly ADD node_modules/acorn
2030 silly ADD node_modules/accepts
2031 silly ADD node_modules/@xtuc/long
2032 silly ADD node_modules/@xtuc/ieee754
2033 silly ADD node_modules/@webpack-cli/serve
2034 silly ADD node_modules/@webpack-cli/info
2035 silly ADD node_modules/@webpack-cli/configtest
2036 silly ADD node_modules/@webassemblyjs/wast-printer
2037 silly ADD node_modules/@webassemblyjs/wasm-parser
2038 silly ADD node_modules/@webassemblyjs/wasm-opt
2039 silly ADD node_modules/@webassemblyjs/wasm-gen
2040 silly ADD node_modules/@webassemblyjs/wasm-edit
2041 silly ADD node_modules/@webassemblyjs/utf8
2042 silly ADD node_modules/@webassemblyjs/leb128
2043 silly ADD node_modules/@webassemblyjs/ieee754
2044 silly ADD node_modules/@webassemblyjs/helper-wasm-section
2045 silly ADD node_modules/@webassemblyjs/helper-wasm-bytecode
2046 silly ADD node_modules/@webassemblyjs/helper-numbers
2047 silly ADD node_modules/@webassemblyjs/helper-buffer
2048 silly ADD node_modules/@webassemblyjs/helper-api-error
2049 silly ADD node_modules/@webassemblyjs/floating-point-hex-parser
2050 silly ADD node_modules/@webassemblyjs/ast
2051 silly ADD node_modules/@types/webpack-sources
2052 silly ADD node_modules/@types/webpack-sources/node_modules/source-map
2053 silly ADD node_modules/@types/webpack
2054 silly ADD node_modules/@types/uglify-js
2055 silly ADD node_modules/@types/tapable
2056 silly ADD node_modules/@types/source-list-map
2057 silly ADD node_modules/@types/scheduler
2058 silly ADD node_modules/@types/react-transition-group
2059 silly ADD node_modules/@types/prop-types
2060 silly ADD node_modules/@types/node
2061 silly ADD node_modules/@types/minimatch
2062 silly ADD node_modules/@types/json-schema
2063 silly ADD node_modules/@types/html-minifier-terser
2064 silly ADD node_modules/@types/glob
2065 silly ADD node_modules/@types/estree
2066 silly ADD node_modules/@types/eslint-scope
2067 silly ADD node_modules/@types/eslint
2068 silly ADD node_modules/@material-ui/utils
2069 silly ADD node_modules/@material-ui/types
2070 silly ADD node_modules/@material-ui/system
2071 silly ADD node_modules/@material-ui/styles
2072 silly ADD node_modules/@material-ui/icons
2073 silly ADD node_modules/@material-ui/core
2074 silly ADD node_modules/@jridgewell/trace-mapping
2075 silly ADD node_modules/@jridgewell/trace-mapping/node_modules/@jridgewell/sourcemap-codec
2076 silly ADD node_modules/@jridgewell/sourcemap-codec
2077 silly ADD node_modules/@jridgewell/source-map
2078 silly ADD node_modules/@jridgewell/set-array
2079 silly ADD node_modules/@jridgewell/resolve-uri
2080 silly ADD node_modules/@jridgewell/gen-mapping
2081 silly ADD node_modules/@emotion/hash
2082 silly ADD node_modules/@discoveryjs/json-ext
2083 silly ADD node_modules/@babel/types
2084 silly ADD node_modules/@babel/traverse
2085 silly ADD node_modules/@babel/template
2086 silly ADD node_modules/@babel/runtime
2087 silly ADD node_modules/@babel/regjsgen
2088 silly ADD node_modules/@babel/preset-react
2089 silly ADD node_modules/@babel/preset-modules
2090 silly ADD node_modules/@babel/preset-env
2091 silly ADD node_modules/@babel/plugin-transform-unicode-sets-regex
2092 silly ADD node_modules/@babel/plugin-transform-unicode-regex
2093 silly ADD node_modules/@babel/plugin-transform-unicode-property-regex
2094 silly ADD node_modules/@babel/plugin-transform-unicode-escapes
2095 silly ADD node_modules/@babel/plugin-transform-typeof-symbol
2096 silly ADD node_modules/@babel/plugin-transform-template-literals
2097 silly ADD node_modules/@babel/plugin-transform-sticky-regex
2098 silly ADD node_modules/@babel/plugin-transform-spread
2099 silly ADD node_modules/@babel/plugin-transform-shorthand-properties
2100 silly ADD node_modules/@babel/plugin-transform-runtime
2101 silly ADD node_modules/@babel/plugin-transform-reserved-words
2102 silly ADD node_modules/@babel/plugin-transform-regenerator
2103 silly ADD node_modules/@babel/plugin-transform-react-pure-annotations
2104 silly ADD node_modules/@babel/plugin-transform-react-jsx-development
2105 silly ADD node_modules/@babel/plugin-transform-react-jsx
2106 silly ADD node_modules/@babel/plugin-transform-react-display-name
2107 silly ADD node_modules/@babel/plugin-transform-property-literals
2108 silly ADD node_modules/@babel/plugin-transform-private-property-in-object
2109 silly ADD node_modules/@babel/plugin-transform-private-methods
2110 silly ADD node_modules/@babel/plugin-transform-parameters
2111 silly ADD node_modules/@babel/plugin-transform-optional-chaining
2112 silly ADD node_modules/@babel/plugin-transform-optional-catch-binding
2113 silly ADD node_modules/@babel/plugin-transform-object-super
2114 silly ADD node_modules/@babel/plugin-transform-object-rest-spread
2115 silly ADD node_modules/@babel/plugin-transform-numeric-separator
2116 silly ADD node_modules/@babel/plugin-transform-nullish-coalescing-operator
2117 silly ADD node_modules/@babel/plugin-transform-new-target
2118 silly ADD node_modules/@babel/plugin-transform-named-capturing-groups-regex
2119 silly ADD node_modules/@babel/plugin-transform-modules-umd
2120 silly ADD node_modules/@babel/plugin-transform-modules-systemjs
2121 silly ADD node_modules/@babel/plugin-transform-modules-commonjs
2122 silly ADD node_modules/@babel/plugin-transform-modules-amd
2123 silly ADD node_modules/@babel/plugin-transform-member-expression-literals
2124 silly ADD node_modules/@babel/plugin-transform-logical-assignment-operators
2125 silly ADD node_modules/@babel/plugin-transform-literals
2126 silly ADD node_modules/@babel/plugin-transform-json-strings
2127 silly ADD node_modules/@babel/plugin-transform-function-name
2128 silly ADD node_modules/@babel/plugin-transform-for-of
2129 silly ADD node_modules/@babel/plugin-transform-export-namespace-from
2130 silly ADD node_modules/@babel/plugin-transform-exponentiation-operator
2131 silly ADD node_modules/@babel/plugin-transform-dynamic-import
2132 silly ADD node_modules/@babel/plugin-transform-duplicate-keys
2133 silly ADD node_modules/@babel/plugin-transform-dotall-regex
2134 silly ADD node_modules/@babel/plugin-transform-destructuring
2135 silly ADD node_modules/@babel/plugin-transform-computed-properties
2136 silly ADD node_modules/@babel/plugin-transform-classes
2137 silly ADD node_modules/@babel/plugin-transform-class-static-block
2138 silly ADD node_modules/@babel/plugin-transform-class-properties
2139 silly ADD node_modules/@babel/plugin-transform-block-scoping
2140 silly ADD node_modules/@babel/plugin-transform-block-scoped-functions
2141 silly ADD node_modules/@babel/plugin-transform-async-to-generator
2142 silly ADD node_modules/@babel/plugin-transform-async-generator-functions
2143 silly ADD node_modules/@babel/plugin-transform-arrow-functions
2144 silly ADD node_modules/@babel/plugin-syntax-unicode-sets-regex
2145 silly ADD node_modules/@babel/plugin-syntax-top-level-await
2146 silly ADD node_modules/@babel/plugin-syntax-private-property-in-object
2147 silly ADD node_modules/@babel/plugin-syntax-optional-chaining
2148 silly ADD node_modules/@babel/plugin-syntax-optional-catch-binding
2149 silly ADD node_modules/@babel/plugin-syntax-object-rest-spread
2150 silly ADD node_modules/@babel/plugin-syntax-numeric-separator
2151 silly ADD node_modules/@babel/plugin-syntax-nullish-coalescing-operator
2152 silly ADD node_modules/@babel/plugin-syntax-logical-assignment-operators
2153 silly ADD node_modules/@babel/plugin-syntax-jsx
2154 silly ADD node_modules/@babel/plugin-syntax-json-strings
2155 silly ADD node_modules/@babel/plugin-syntax-import-meta
2156 silly ADD node_modules/@babel/plugin-syntax-import-attributes
2157 silly ADD node_modules/@babel/plugin-syntax-import-assertions
2158 silly ADD node_modules/@babel/plugin-syntax-export-namespace-from
2159 silly ADD node_modules/@babel/plugin-syntax-dynamic-import
2160 silly ADD node_modules/@babel/plugin-syntax-class-static-block
2161 silly ADD node_modules/@babel/plugin-syntax-class-properties
2162 silly ADD node_modules/@babel/plugin-syntax-async-generators
2163 silly ADD node_modules/@babel/plugin-proposal-unicode-property-regex
2164 silly ADD node_modules/@babel/plugin-proposal-private-property-in-object
2165 silly ADD node_modules/@babel/plugin-bugfix-v8-spread-parameters-in-optional-chaining
2166 silly ADD node_modules/@babel/plugin-bugfix-safari-id-destructuring-collision-in-function-expression
2167 silly ADD node_modules/@babel/parser
2168 silly ADD node_modules/@babel/highlight
2169 silly ADD node_modules/@babel/helpers
2170 silly ADD node_modules/@babel/helper-wrap-function
2171 silly ADD node_modules/@babel/helper-validator-option
2172 silly ADD node_modules/@babel/helper-validator-identifier
2173 silly ADD node_modules/@babel/helper-string-parser
2174 silly ADD node_modules/@babel/helper-split-export-declaration
2175 silly ADD node_modules/@babel/helper-skip-transparent-expression-wrappers
2176 silly ADD node_modules/@babel/helper-simple-access
2177 silly ADD node_modules/@babel/helper-replace-supers
2178 silly ADD node_modules/@babel/helper-remap-async-to-generator
2179 silly ADD node_modules/@babel/helper-plugin-utils
2180 silly ADD node_modules/@babel/helper-optimise-call-expression
2181 silly ADD node_modules/@babel/helper-module-transforms
2182 silly ADD node_modules/@babel/helper-module-imports
2183 silly ADD node_modules/@babel/helper-member-expression-to-functions
2184 silly ADD node_modules/@babel/helper-hoist-variables
2185 silly ADD node_modules/@babel/helper-function-name
2186 silly ADD node_modules/@babel/helper-environment-visitor
2187 silly ADD node_modules/@babel/helper-define-polyfill-provider
2188 silly ADD node_modules/@babel/helper-create-regexp-features-plugin
2189 silly ADD node_modules/@babel/helper-create-class-features-plugin
2190 silly ADD node_modules/@babel/helper-compilation-targets
2191 silly ADD node_modules/@babel/helper-builder-binary-assignment-operator-visitor
2192 silly ADD node_modules/@babel/helper-annotate-as-pure
2193 silly ADD node_modules/@babel/generator
2194 silly ADD node_modules/@babel/core
2195 silly ADD node_modules/@babel/compat-data
2196 silly ADD node_modules/@babel/code-frame
2197 silly ADD node_modules/@ampproject/remapping
2198 warn allow-scripts 1 package has install scripts not yet covered by allowScripts:
2198 warn allow-scripts   fsevents@1.2.13 (install: node install.js)
2198 warn allow-scripts
2198 warn allow-scripts Run `npm approve-scripts --allow-scripts-pending` to review, or `npm approve-scripts <pkg>` to allow.
2199 verbose cwd /Users/dilliswararaogalala/workspace/personal/micro-frontend/mfp/packages/marketing
2200 verbose os Darwin 25.6.0
2201 verbose node v26.3.1
2202 verbose npm  v11.16.0
2203 verbose exit 0
2204 info ok
