0 verbose cli /opt/homebrew/Cellar/node/26.3.1/bin/node /opt/homebrew/bin/npm
1 info using npm@11.16.0
2 info using node@v26.3.1
3 silly config load:file:/opt/homebrew/lib/node_modules/npm/npmrc
4 silly config load:file:/Users/dilliswararaogalala/workspace/personal/micro-frontend/mfp/packages/dashboard/.npmrc
5 silly config load:file:/Users/dilliswararaogalala/.npmrc
6 silly config load:file:/opt/homebrew/etc/npmrc
7 verbose title npm install
8 verbose argv "install" "--cache" "/Users/dilliswararaogalala/workspace/personal/micro-frontend/mfp/.npm-cache"
9 verbose logfile logs-max:10 dir:/Users/dilliswararaogalala/workspace/personal/micro-frontend/mfp/.npm-cache/_logs/2026-08-10T05_29_44_247Z-
10 verbose logfile /Users/dilliswararaogalala/workspace/personal/micro-frontend/mfp/.npm-cache/_logs/2026-08-10T05_29_44_247Z-debug-0.log
11 silly logfile done cleaning log files
12 silly packumentCache heap:4395630592 maxSize:1098907648 maxEntrySize:549453824
13 silly idealTree buildDeps
14 silly reify moves {}
15 silly audit bulk request {
15 silly audit   '@ampproject/remapping': [ '2.3.0' ],
15 silly audit   '@babel/code-frame': [ '7.25.7' ],
15 silly audit   '@babel/compat-data': [ '7.25.8' ],
15 silly audit   '@babel/core': [ '7.25.8' ],
15 silly audit   '@babel/generator': [ '7.25.7' ],
15 silly audit   '@babel/helper-annotate-as-pure': [ '7.25.7' ],
15 silly audit   '@babel/helper-builder-binary-assignment-operator-visitor': [ '7.25.7' ],
15 silly audit   '@babel/helper-compilation-targets': [ '7.25.7' ],
15 silly audit   '@babel/helper-create-class-features-plugin': [ '7.25.7' ],
15 silly audit   '@babel/helper-create-regexp-features-plugin': [ '7.25.7' ],
15 silly audit   '@babel/helper-define-polyfill-provider': [ '0.6.2' ],
15 silly audit   '@babel/helper-member-expression-to-functions': [ '7.25.7' ],
15 silly audit   '@babel/helper-module-imports': [ '7.25.7' ],
15 silly audit   '@babel/helper-module-transforms': [ '7.25.7' ],
15 silly audit   '@babel/helper-optimise-call-expression': [ '7.25.7' ],
15 silly audit   '@babel/helper-plugin-utils': [ '7.25.7' ],
15 silly audit   '@babel/helper-remap-async-to-generator': [ '7.25.7' ],
15 silly audit   '@babel/helper-replace-supers': [ '7.25.7' ],
15 silly audit   '@babel/helper-simple-access': [ '7.25.7' ],
15 silly audit   '@babel/helper-skip-transparent-expression-wrappers': [ '7.25.7' ],
15 silly audit   '@babel/helper-string-parser': [ '7.25.7' ],
15 silly audit   '@babel/helper-validator-identifier': [ '7.25.7' ],
15 silly audit   '@babel/helper-validator-option': [ '7.25.7' ],
15 silly audit   '@babel/helper-wrap-function': [ '7.25.7' ],
15 silly audit   '@babel/helpers': [ '7.25.7' ],
15 silly audit   '@babel/highlight': [ '7.25.7' ],
15 silly audit   '@babel/parser': [ '7.25.8' ],
15 silly audit   '@babel/plugin-bugfix-firefox-class-in-computed-class-key': [ '7.25.7' ],
15 silly audit   '@babel/plugin-bugfix-safari-class-field-initializer-scope': [ '7.25.7' ],
15 silly audit   '@babel/plugin-bugfix-safari-id-destructuring-collision-in-function-expression': [ '7.25.7' ],
15 silly audit   '@babel/plugin-bugfix-v8-spread-parameters-in-optional-chaining': [ '7.25.7' ],
15 silly audit   '@babel/plugin-bugfix-v8-static-class-fields-redefine-readonly': [ '7.25.7' ],
15 silly audit   '@babel/plugin-proposal-private-property-in-object': [ '7.21.0-placeholder-for-preset-env.2' ],
15 silly audit   '@babel/plugin-syntax-import-assertions': [ '7.25.7' ],
15 silly audit   '@babel/plugin-syntax-import-attributes': [ '7.25.7' ],
15 silly audit   '@babel/plugin-syntax-unicode-sets-regex': [ '7.18.6' ],
15 silly audit   '@babel/plugin-transform-arrow-functions': [ '7.25.7' ],
15 silly audit   '@babel/plugin-transform-async-generator-functions': [ '7.25.8' ],
15 silly audit   '@babel/plugin-transform-async-to-generator': [ '7.25.7' ],
15 silly audit   '@babel/plugin-transform-block-scoped-functions': [ '7.25.7' ],
15 silly audit   '@babel/plugin-transform-block-scoping': [ '7.25.7' ],
15 silly audit   '@babel/plugin-transform-class-properties': [ '7.25.7' ],
15 silly audit   '@babel/plugin-transform-class-static-block': [ '7.25.8' ],
15 silly audit   '@babel/plugin-transform-classes': [ '7.25.7' ],
15 silly audit   '@babel/plugin-transform-computed-properties': [ '7.25.7' ],
15 silly audit   '@babel/plugin-transform-destructuring': [ '7.25.7' ],
15 silly audit   '@babel/plugin-transform-dotall-regex': [ '7.25.7' ],
15 silly audit   '@babel/plugin-transform-duplicate-keys': [ '7.25.7' ],
15 silly audit   '@babel/plugin-transform-duplicate-named-capturing-groups-regex': [ '7.25.7' ],
15 silly audit   '@babel/plugin-transform-dynamic-import': [ '7.25.8' ],
15 silly audit   '@babel/plugin-transform-exponentiation-operator': [ '7.25.7' ],
15 silly audit   '@babel/plugin-transform-export-namespace-from': [ '7.25.8' ],
15 silly audit   '@babel/plugin-transform-for-of': [ '7.25.7' ],
15 silly audit   '@babel/plugin-transform-function-name': [ '7.25.7' ],
15 silly audit   '@babel/plugin-transform-json-strings': [ '7.25.8' ],
15 silly audit   '@babel/plugin-transform-literals': [ '7.25.7' ],
15 silly audit   '@babel/plugin-transform-logical-assignment-operators': [ '7.25.8' ],
15 silly audit   '@babel/plugin-transform-member-expression-literals': [ '7.25.7' ],
15 silly audit   '@babel/plugin-transform-modules-amd': [ '7.25.7' ],
15 silly audit   '@babel/plugin-transform-modules-commonjs': [ '7.25.7' ],
15 silly audit   '@babel/plugin-transform-modules-systemjs': [ '7.25.7' ],
15 silly audit   '@babel/plugin-transform-modules-umd': [ '7.25.7' ],
15 silly audit   '@babel/plugin-transform-named-capturing-groups-regex': [ '7.25.7' ],
15 silly audit   '@babel/plugin-transform-new-target': [ '7.25.7' ],
15 silly audit   '@babel/plugin-transform-nullish-coalescing-operator': [ '7.25.8' ],
15 silly audit   '@babel/plugin-transform-numeric-separator': [ '7.25.8' ],
15 silly audit   '@babel/plugin-transform-object-rest-spread': [ '7.25.8' ],
15 silly audit   '@babel/plugin-transform-object-super': [ '7.25.7' ],
15 silly audit   '@babel/plugin-transform-optional-catch-binding': [ '7.25.8' ],
15 silly audit   '@babel/plugin-transform-optional-chaining': [ '7.25.8' ],
15 silly audit   '@babel/plugin-transform-parameters': [ '7.25.7' ],
15 silly audit   '@babel/plugin-transform-private-methods': [ '7.25.7' ],
15 silly audit   '@babel/plugin-transform-private-property-in-object': [ '7.25.8' ],
15 silly audit   '@babel/plugin-transform-property-literals': [ '7.25.7' ],
15 silly audit   '@babel/plugin-transform-regenerator': [ '7.25.7' ],
15 silly audit   '@babel/plugin-transform-reserved-words': [ '7.25.7' ],
15 silly audit   '@babel/plugin-transform-runtime': [ '7.25.7' ],
15 silly audit   '@babel/plugin-transform-shorthand-properties': [ '7.25.7' ],
15 silly audit   '@babel/plugin-transform-spread': [ '7.25.7' ],
15 silly audit   '@babel/plugin-transform-sticky-regex': [ '7.25.7' ],
15 silly audit   '@babel/plugin-transform-template-literals': [ '7.25.7' ],
15 silly audit   '@babel/plugin-transform-typeof-symbol': [ '7.25.7' ],
15 silly audit   '@babel/plugin-transform-unicode-escapes': [ '7.25.7' ],
15 silly audit   '@babel/plugin-transform-unicode-property-regex': [ '7.25.7' ],
15 silly audit   '@babel/plugin-transform-unicode-regex': [ '7.25.7' ],
15 silly audit   '@babel/plugin-transform-unicode-sets-regex': [ '7.25.7' ],
15 silly audit   '@babel/preset-env': [ '7.25.8' ],
15 silly audit   '@babel/preset-modules': [ '0.1.6-no-external-plugins' ],
15 silly audit   '@babel/runtime': [ '7.25.7' ],
15 silly audit   '@babel/template': [ '7.25.7' ],
15 silly audit   '@babel/traverse': [ '7.25.7' ],
15 silly audit   '@babel/types': [ '7.25.8' ],
15 silly audit   '@discoveryjs/json-ext': [ '0.5.7' ],
15 silly audit   '@jridgewell/gen-mapping': [ '0.3.5' ],
15 silly audit   '@jridgewell/resolve-uri': [ '3.1.2' ],
15 silly audit   '@jridgewell/set-array': [ '1.2.1' ],
15 silly audit   '@jridgewell/source-map': [ '0.3.6' ],
15 silly audit   '@jridgewell/sourcemap-codec': [ '1.5.0' ],
15 silly audit   '@jridgewell/trace-mapping': [ '0.3.25' ],
15 silly audit   '@parcel/watcher': [ '2.4.1' ],
15 silly audit   '@parcel/watcher-android-arm64': [ '2.4.1' ],
15 silly audit   '@parcel/watcher-darwin-arm64': [ '2.4.1' ],
15 silly audit   '@parcel/watcher-darwin-x64': [ '2.4.1' ],
15 silly audit   '@parcel/watcher-freebsd-x64': [ '2.4.1' ],
15 silly audit   '@parcel/watcher-linux-arm-glibc': [ '2.4.1' ],
15 silly audit   '@parcel/watcher-linux-arm64-glibc': [ '2.4.1' ],
15 silly audit   '@parcel/watcher-linux-arm64-musl': [ '2.4.1' ],
15 silly audit   '@parcel/watcher-linux-x64-glibc': [ '2.4.1' ],
15 silly audit   '@parcel/watcher-linux-x64-musl': [ '2.4.1' ],
15 silly audit   '@parcel/watcher-win32-arm64': [ '2.4.1' ],
15 silly audit   '@parcel/watcher-win32-ia32': [ '2.4.1' ],
15 silly audit   '@parcel/watcher-win32-x64': [ '2.4.1' ],
15 silly audit   '@types/estree': [ '1.0.6' ],
15 silly audit   '@types/glob': [ '7.2.0' ],
15 silly audit   '@types/html-minifier-terser': [ '5.1.2' ],
15 silly audit   '@types/json-schema': [ '7.0.15' ],
15 silly audit   '@types/minimatch': [ '5.1.2' ],
15 silly audit   '@types/node': [ '22.7.5' ],
15 silly audit   '@types/source-list-map': [ '0.1.6' ],
15 silly audit   '@types/tapable': [ '1.0.12' ],
15 silly audit   '@types/uglify-js': [ '3.17.5' ],
15 silly audit   '@types/webpack': [ '4.41.39' ],
15 silly audit   '@types/webpack-sources': [ '3.2.3' ],
15 silly audit   'source-map': [ '0.7.4', '0.5.7', '0.6.1' ],
15 silly audit   '@vue/compiler-core': [ '3.5.12', '3.2.31' ],
15 silly audit   '@vue/compiler-dom': [ '3.5.12', '3.2.31' ],
15 silly audit   '@vue/compiler-sfc': [ '3.5.12', '3.2.31' ],
15 silly audit   '@vue/compiler-ssr': [ '3.5.12', '3.2.31' ],
15 silly audit   '@vue/reactivity': [ '3.2.31' ],
15 silly audit   '@vue/reactivity-transform': [ '3.2.31' ],
15 silly audit   '@vue/shared': [ '3.2.31', '3.5.12' ],
15 silly audit   'magic-string': [ '0.25.9', '0.30.12' ],
15 silly audit   '@vue/runtime-core': [ '3.2.31' ],
15 silly audit   '@vue/runtime-dom': [ '3.2.31' ],
15 silly audit   '@vue/server-renderer': [ '3.2.31' ],
15 silly audit   '@webassemblyjs/ast': [ '1.12.1' ],
15 silly audit   '@webassemblyjs/floating-point-hex-parser': [ '1.11.6' ],
15 silly audit   '@webassemblyjs/helper-api-error': [ '1.11.6' ],
15 silly audit   '@webassemblyjs/helper-buffer': [ '1.12.1' ],
15 silly audit   '@webassemblyjs/helper-numbers': [ '1.11.6' ],
15 silly audit   '@webassemblyjs/helper-wasm-bytecode': [ '1.11.6' ],
15 silly audit   '@webassemblyjs/helper-wasm-section': [ '1.12.1' ],
15 silly audit   '@webassemblyjs/ieee754': [ '1.11.6' ],
15 silly audit   '@webassemblyjs/leb128': [ '1.11.6' ],
15 silly audit   '@webassemblyjs/utf8': [ '1.11.6' ],
15 silly audit   '@webassemblyjs/wasm-edit': [ '1.12.1' ],
15 silly audit   '@webassemblyjs/wasm-gen': [ '1.12.1' ],
15 silly audit   '@webassemblyjs/wasm-opt': [ '1.12.1' ],
15 silly audit   '@webassemblyjs/wasm-parser': [ '1.12.1' ],
15 silly audit   '@webassemblyjs/wast-printer': [ '1.12.1' ],
15 silly audit   '@webpack-cli/configtest': [ '1.2.0' ],
15 silly audit   '@webpack-cli/info': [ '1.5.0' ],
15 silly audit   '@webpack-cli/serve': [ '1.7.0' ],
15 silly audit   '@xtuc/ieee754': [ '1.2.0' ],
15 silly audit   '@xtuc/long': [ '4.2.2' ],
15 silly audit   accepts: [ '1.3.8' ],
15 silly audit   acorn: [ '8.13.0' ],
15 silly audit   'acorn-import-attributes': [ '1.9.5' ],
15 silly audit   ajv: [ '6.12.6' ],
15 silly audit   'ajv-errors': [ '1.0.1' ],
15 silly audit   'ajv-keywords': [ '3.5.2' ],
15 silly audit   'ansi-colors': [ '3.2.4' ],
15 silly audit   'ansi-html-community': [ '0.0.8' ],
15 silly audit   'ansi-regex': [ '2.1.1', '4.1.1' ],
15 silly audit   'ansi-styles': [ '3.2.1', '4.3.0' ],
15 silly audit   anymatch: [ '3.1.3', '2.0.0' ],
15 silly audit   'arr-diff': [ '4.0.0' ],
15 silly audit   'arr-flatten': [ '1.1.0' ],
15 silly audit   'arr-union': [ '3.1.0' ],
15 silly audit   'array-buffer-byte-length': [ '1.0.1' ],
15 silly audit   'array-flatten': [ '2.1.2', '1.1.1' ],
15 silly audit   'array-union': [ '1.0.2' ],
15 silly audit   'array-uniq': [ '1.0.3' ],
15 silly audit   'array-unique': [ '0.3.2' ],
15 silly audit   'array.prototype.reduce': [ '1.0.7' ],
15 silly audit   'arraybuffer.prototype.slice': [ '1.0.3' ],
15 silly audit   'assign-symbols': [ '1.0.0' ],
15 silly audit   async: [ '2.6.4' ],
15 silly audit   'async-each': [ '1.0.6' ],
15 silly audit   'async-limiter': [ '1.0.1' ],
15 silly audit   atob: [ '2.1.2' ],
15 silly audit   'available-typed-arrays': [ '1.0.7' ],
15 silly audit   'babel-loader': [ '8.4.1' ],
15 silly audit   'babel-plugin-polyfill-corejs2': [ '0.4.11' ],
15 silly audit   'babel-plugin-polyfill-corejs3': [ '0.10.6' ],
15 silly audit   'babel-plugin-polyfill-regenerator': [ '0.6.2' ],
15 silly audit   'balanced-match': [ '1.0.2' ],
15 silly audit   base: [ '0.11.2' ],
15 silly audit   'define-property': [ '1.0.0', '0.2.5', '2.0.2' ],
15 silly audit   batch: [ '0.6.1' ],
15 silly audit   'big.js': [ '5.2.2' ],
15 silly audit   'binary-extensions': [ '1.13.1' ],
15 silly audit   bindings: [ '1.5.0' ],
15 silly audit   'body-parser': [ '1.20.3' ],
15 silly audit   bytes: [ '3.1.2', '3.0.0' ],
15 silly audit   debug: [ '2.6.9', '4.3.7', '3.2.7' ],
15 silly audit   ms: [ '2.0.0', '2.1.3' ],
15 silly audit   bonjour: [ '3.5.0' ],
15 silly audit   boolbase: [ '1.0.0' ],
15 silly audit   'brace-expansion': [ '1.1.11' ],
15 silly audit   braces: [ '3.0.3', '2.3.2' ],
15 silly audit   browserslist: [ '4.24.0' ],
15 silly audit   'buffer-from': [ '1.1.2' ],
15 silly audit   'buffer-indexof': [ '1.1.1' ],
15 silly audit   'cache-base': [ '1.0.1' ],
15 silly audit   'call-bind': [ '1.0.7' ],
15 silly audit   'camel-case': [ '4.1.2' ],
15 silly audit   camelcase: [ '5.3.1' ],
15 silly audit   'caniuse-lite': [ '1.0.30001669' ],
15 silly audit   chalk: [ '2.4.2', '4.1.2' ],
15 silly audit   'chart.js': [ '3.7.1' ],
15 silly audit   chokidar: [ '4.0.1', '2.1.8' ],
15 silly audit   'chrome-trace-event': [ '1.0.4' ],
15 silly audit   'class-utils': [ '0.3.6' ],
15 silly audit   'is-descriptor': [ '0.1.7', '1.0.3' ],
15 silly audit   'clean-css': [ '4.2.4' ],
15 silly audit   cliui: [ '5.0.0' ],
15 silly audit   'strip-ansi': [ '5.2.0', '3.0.1' ],
15 silly audit   'clone-deep': [ '4.0.1' ],
15 silly audit   'collection-visit': [ '1.0.0' ],
15 silly audit   'color-convert': [ '1.9.3', '2.0.1' ],
15 silly audit   'color-name': [ '1.1.3', '1.1.4' ],
15 silly audit   colorette: [ '2.0.20' ],
15 silly audit   commander: [ '4.1.1', '2.20.3', '7.2.0' ],
15 silly audit   commondir: [ '1.0.1' ],
15 silly audit   'component-emitter': [ '1.3.1' ],
15 silly audit   compressible: [ '2.0.18' ],
15 silly audit   compression: [ '1.7.4' ],
15 silly audit   'safe-buffer': [ '5.1.2', '5.2.1' ],
15 silly audit   'concat-map': [ '0.0.1' ],
15 silly audit   'connect-history-api-fallback': [ '1.6.0' ],
15 silly audit   'content-disposition': [ '0.5.4' ],
15 silly audit   'content-type': [ '1.0.5' ],
15 silly audit   'convert-source-map': [ '2.0.0' ],
15 silly audit   cookie: [ '0.7.1' ],
15 silly audit   'cookie-signature': [ '1.0.6' ],
15 silly audit   'copy-descriptor': [ '0.1.1' ],
15 silly audit   'core-js-compat': [ '3.38.1' ],
15 silly audit   'core-util-is': [ '1.0.3' ],
15 silly audit   'cross-spawn': [ '7.0.3', '6.0.5' ],
15 silly audit   'css-loader': [ '5.2.7' ],
15 silly audit   'schema-utils': [ '3.3.0', '2.7.1', '1.0.0' ],
15 silly audit   semver: [ '7.6.3', '5.7.2', '6.3.1' ],
15 silly audit   'css-select': [ '4.3.0' ],
15 silly audit   'css-what': [ '6.1.0' ],
15 silly audit   cssesc: [ '3.0.0' ],
15 silly audit   csstype: [ '2.6.21' ],
15 silly audit   'data-view-buffer': [ '1.0.1' ],
15 silly audit   'data-view-byte-length': [ '1.0.1' ],
15 silly audit   'data-view-byte-offset': [ '1.0.0' ],
15 silly audit   decamelize: [ '1.2.0' ],
15 silly audit   'decode-uri-component': [ '0.2.2' ],
15 silly audit   'deep-equal': [ '1.1.2' ],
15 silly audit   'default-gateway': [ '4.2.0' ],
15 silly audit   'define-data-property': [ '1.1.4' ],
15 silly audit   'define-properties': [ '1.2.1' ],
15 silly audit   del: [ '4.1.1' ],
15 silly audit   depd: [ '2.0.0', '1.1.2' ],
15 silly audit   destroy: [ '1.2.0' ],
15 silly audit   'detect-libc': [ '1.0.3' ],
15 silly audit   'detect-node': [ '2.1.0' ],
15 silly audit   'dns-equal': [ '1.0.0' ],
15 silly audit   'dns-packet': [ '1.3.4' ],
15 silly audit   'dns-txt': [ '2.0.2' ],
15 silly audit   'dom-converter': [ '0.2.0' ],
15 silly audit   'dom-serializer': [ '1.4.1' ],
15 silly audit   entities: [ '2.2.0', '4.5.0' ],
15 silly audit   domelementtype: [ '2.3.0' ],
15 silly audit   domhandler: [ '4.3.1' ],
15 silly audit   domutils: [ '2.8.0' ],
15 silly audit   'dot-case': [ '3.0.4' ],
15 silly audit   'ee-first': [ '1.1.1' ],
15 silly audit   'electron-to-chromium': [ '1.5.39' ],
15 silly audit   'emoji-regex': [ '7.0.3' ],
15 silly audit   'emojis-list': [ '3.0.0' ],
15 silly audit   encodeurl: [ '2.0.0', '1.0.2' ],
15 silly audit   'end-of-stream': [ '1.4.4' ],
15 silly audit   'enhanced-resolve': [ '5.17.1' ],
15 silly audit   tapable: [ '2.2.1', '1.1.3' ],
15 silly audit   envinfo: [ '7.14.0' ],
15 silly audit   errno: [ '0.1.8' ],
15 silly audit   'es-abstract': [ '1.23.3' ],
15 silly audit   'es-array-method-boxes-properly': [ '1.0.0' ],
15 silly audit   'es-define-property': [ '1.0.0' ],
15 silly audit   'es-errors': [ '1.3.0' ],
15 silly audit   'es-module-lexer': [ '1.5.4' ],
15 silly audit   'es-object-atoms': [ '1.0.0' ],
15 silly audit   'es-set-tostringtag': [ '2.0.3' ],
15 silly audit   'es-to-primitive': [ '1.2.1' ],
15 silly audit   escalade: [ '3.2.0' ],
15 silly audit   'escape-html': [ '1.0.3' ],
15 silly audit   'escape-string-regexp': [ '1.0.5' ],
15 silly audit   'eslint-scope': [ '5.1.1' ],
15 silly audit   esrecurse: [ '4.3.0' ],
15 silly audit   estraverse: [ '5.3.0', '4.3.0' ],
15 silly audit   'estree-walker': [ '2.0.2' ],
15 silly audit   esutils: [ '2.0.3' ],
15 silly audit   etag: [ '1.8.1' ],
15 silly audit   eventemitter3: [ '4.0.7' ],
15 silly audit   events: [ '3.3.0' ],
15 silly audit   eventsource: [ '2.0.2' ],
15 silly audit   execa: [ '1.0.0' ],
15 silly audit   'path-key': [ '2.0.1', '3.1.1' ],
15 silly audit   'shebang-command': [ '1.2.0', '2.0.0' ],
15 silly audit   'shebang-regex': [ '1.0.0', '3.0.0' ],
15 silly audit   which: [ '1.3.1', '2.0.2' ],
15 silly audit   'expand-brackets': [ '2.1.4' ],
15 silly audit   'extend-shallow': [ '2.0.1', '3.0.2' ],
15 silly audit   'is-extendable': [ '0.1.1', '1.0.1' ],
15 silly audit   express: [ '4.21.1' ],
15 silly audit   extglob: [ '2.0.4' ],
15 silly audit   'fast-deep-equal': [ '3.1.3' ],
15 silly audit   'fast-json-stable-stringify': [ '2.1.0' ],
15 silly audit   'fastest-levenshtein': [ '1.0.16' ],
15 silly audit   'faye-websocket': [ '0.11.4' ],
15 silly audit   'file-loader': [ '6.2.0' ],
15 silly audit   'file-uri-to-path': [ '1.0.0' ],
15 silly audit   'fill-range': [ '7.1.1', '4.0.0' ],
15 silly audit   finalhandler: [ '1.3.1' ],
15 silly audit   'find-cache-dir': [ '3.3.2' ],
15 silly audit   'find-up': [ '4.1.0', '3.0.0' ],
15 silly audit   flat: [ '5.0.2' ],
15 silly audit   'follow-redirects': [ '1.15.9' ],
15 silly audit   'for-each': [ '0.3.3' ],
15 silly audit   'for-in': [ '1.0.2' ],
15 silly audit   forwarded: [ '0.2.0' ],
15 silly audit   'fragment-cache': [ '0.2.1' ],
15 silly audit   fresh: [ '0.5.2' ],
15 silly audit   'fs.realpath': [ '1.0.0' ],
15 silly audit   fsevents: [ '1.2.13' ],
15 silly audit   'function-bind': [ '1.1.2' ],
15 silly audit   'function.prototype.name': [ '1.1.6' ],
15 silly audit   'functions-have-names': [ '1.2.3' ],
15 silly audit   gensync: [ '1.0.0-beta.2' ],
15 silly audit   'get-caller-file': [ '2.0.5' ],
15 silly audit   'get-intrinsic': [ '1.2.4' ],
15 silly audit   'get-stream': [ '4.1.0' ],
15 silly audit   'get-symbol-description': [ '1.0.2' ],
15 silly audit   'get-value': [ '2.0.6' ],
15 silly audit   glob: [ '7.2.3' ],
15 silly audit   'glob-parent': [ '3.1.0' ],
15 silly audit   'is-glob': [ '3.1.0', '4.0.3' ],
15 silly audit   'glob-to-regexp': [ '0.4.1' ],
15 silly audit   globals: [ '11.12.0' ],
15 silly audit   globalthis: [ '1.0.4' ],
15 silly audit   globby: [ '6.1.0' ],
15 silly audit   pify: [ '2.3.0', '4.0.1' ],
15 silly audit   gopd: [ '1.0.1' ],
15 silly audit   'graceful-fs': [ '4.2.11' ],
15 silly audit   'handle-thing': [ '2.0.1' ],
15 silly audit   'has-bigints': [ '1.0.2' ],
15 silly audit   'has-flag': [ '3.0.0', '4.0.0' ],
15 silly audit   'has-property-descriptors': [ '1.0.2' ],
15 silly audit   'has-proto': [ '1.0.3' ],
15 silly audit   'has-symbols': [ '1.0.3' ],
15 silly audit   'has-tostringtag': [ '1.0.2' ],
15 silly audit   'has-value': [ '1.0.0', '0.3.1' ],
15 silly audit   'has-values': [ '1.0.0', '0.1.4' ],
15 silly audit   'is-number': [ '3.0.0', '7.0.0' ],
15 silly audit   'kind-of': [ '3.2.2', '4.0.0', '6.0.3' ],
15 silly audit   'hash-sum': [ '2.0.0', '1.0.2' ],
15 silly audit   hasown: [ '2.0.2' ],
15 silly audit   he: [ '1.2.0' ],
15 silly audit   'hpack.js': [ '2.1.6' ],
15 silly audit   isarray: [ '1.0.0', '2.0.5' ],
15 silly audit   'readable-stream': [ '2.3.8', '3.6.2' ],
15 silly audit   string_decoder: [ '1.1.1', '1.3.0' ],
15 silly audit   'html-entities': [ '1.4.0' ],
15 silly audit   'html-minifier-terser': [ '5.1.1' ],
15 silly audit   'html-webpack-plugin': [ '4.5.2' ],
15 silly audit   json5: [ '1.0.2', '2.2.3' ],
15 silly audit   'loader-utils': [ '1.4.2', '2.0.4' ],
15 silly audit   htmlparser2: [ '6.1.0' ],
15 silly audit   'http-deceiver': [ '1.2.7' ],
15 silly audit   'http-errors': [ '2.0.0', '1.6.3' ],
15 silly audit   'http-parser-js': [ '0.5.8' ],
15 silly audit   'http-proxy': [ '1.18.1' ],
15 silly audit   'http-proxy-middleware': [ '0.19.1' ],
15 silly audit   micromatch: [ '3.1.10', '4.0.8' ],
15 silly audit   'to-regex-range': [ '2.1.1', '5.0.1' ],
15 silly audit   'iconv-lite': [ '0.4.24' ],
15 silly audit   'icss-utils': [ '5.1.0' ],
15 silly audit   immutable: [ '4.3.7' ],
15 silly audit   'import-local': [ '3.2.0', '2.0.0' ],
15 silly audit   inflight: [ '1.0.6' ],
15 silly audit   inherits: [ '2.0.4', '2.0.3' ],
15 silly audit   'internal-ip': [ '4.3.0' ],
15 silly audit   'internal-slot': [ '1.0.7' ],
15 silly audit   interpret: [ '2.2.0' ],
15 silly audit   ip: [ '1.1.9' ],
15 silly audit   'ip-regex': [ '2.1.0' ],
15 silly audit   'ipaddr.js': [ '1.9.1' ],
15 silly audit   'is-absolute-url': [ '3.0.3' ],
15 silly audit   'is-accessor-descriptor': [ '1.0.1' ],
15 silly audit   'is-arguments': [ '1.1.1' ],
15 silly audit   'is-array-buffer': [ '3.0.4' ],
15 silly audit   'is-bigint': [ '1.0.4' ],
15 silly audit   'is-binary-path': [ '1.0.1' ],
15 silly audit   'is-boolean-object': [ '1.1.2' ],
15 silly audit   'is-buffer': [ '1.1.6' ],
15 silly audit   'is-callable': [ '1.2.7' ],
15 silly audit   'is-core-module': [ '2.15.1' ],
15 silly audit   'is-data-descriptor': [ '1.0.1' ],
15 silly audit   'is-data-view': [ '1.0.1' ],
15 silly audit   'is-date-object': [ '1.0.5' ],
15 silly audit   'is-extglob': [ '2.1.1' ],
15 silly audit   'is-fullwidth-code-point': [ '2.0.0' ],
15 silly audit   'is-negative-zero': [ '2.0.3' ],
15 silly audit   'is-number-object': [ '1.0.7' ],
15 silly audit   'is-path-cwd': [ '2.2.0' ],
15 silly audit   'is-path-in-cwd': [ '2.1.0' ],
15 silly audit   'is-path-inside': [ '2.1.0' ],
15 silly audit   'is-plain-object': [ '2.0.4' ],
15 silly audit   'is-regex': [ '1.1.4' ],
15 silly audit   'is-shared-array-buffer': [ '1.0.3' ],
15 silly audit   'is-stream': [ '1.1.0' ],
15 silly audit   'is-string': [ '1.0.7' ],
15 silly audit   'is-symbol': [ '1.0.4' ],
15 silly audit   'is-typed-array': [ '1.1.13' ],
15 silly audit   'is-weakref': [ '1.0.2' ],
15 silly audit   'is-windows': [ '1.0.2' ],
15 silly audit   'is-wsl': [ '1.1.0' ],
15 silly audit   isexe: [ '2.0.0' ],
15 silly audit   isobject: [ '3.0.1', '2.1.0' ],
15 silly audit   'jest-worker': [ '27.5.1' ],
15 silly audit   'supports-color': [ '8.1.1', '5.5.0', '7.2.0', '6.1.0' ],
15 silly audit   'js-tokens': [ '4.0.0' ],
15 silly audit   jsesc: [ '3.0.2' ],
15 silly audit   'json-parse-even-better-errors': [ '2.3.1' ],
15 silly audit   'json-schema-traverse': [ '0.4.1' ],
15 silly audit   killable: [ '1.0.1' ],
15 silly audit   'loader-runner': [ '4.3.0' ],
15 silly audit   'locate-path': [ '5.0.0', '3.0.0' ],
15 silly audit   lodash: [ '4.17.21' ],
15 silly audit   'lodash.debounce': [ '4.0.8' ],
15 silly audit   loglevel: [ '1.9.2' ],
15 silly audit   'lower-case': [ '2.0.2' ],
15 silly audit   'lru-cache': [ '5.1.1' ],
15 silly audit   'make-dir': [ '3.1.0' ],
15 silly audit   'map-cache': [ '0.2.2' ],
15 silly audit   'map-visit': [ '1.0.0' ],
15 silly audit   'media-typer': [ '0.3.0' ],
15 silly audit   'memory-fs': [ '0.4.1' ],
15 silly audit   'merge-descriptors': [ '1.0.3' ],
15 silly audit   'merge-stream': [ '2.0.0' ],
15 silly audit   methods: [ '1.1.2' ],
15 silly audit   mime: [ '1.6.0', '2.6.0' ],
15 silly audit   'mime-db': [ '1.52.0' ],
15 silly audit   'mime-types': [ '2.1.35' ],
15 silly audit   'minimalistic-assert': [ '1.0.1' ],
15 silly audit   minimatch: [ '3.1.2' ],
15 silly audit   minimist: [ '1.2.8' ],
15 silly audit   'mixin-deep': [ '1.3.2' ],
15 silly audit   mkdirp: [ '0.5.6' ],
15 silly audit   'multicast-dns': [ '6.2.3' ],
15 silly audit   'multicast-dns-service-types': [ '1.1.0' ],
15 silly audit   nan: [ '2.22.0' ],
15 silly audit   nanoid: [ '3.3.7' ],
15 silly audit   nanomatch: [ '1.2.13' ],
15 silly audit   negotiator: [ '0.6.3' ],
15 silly audit   'neo-async': [ '2.6.2' ],
15 silly audit   'nice-try': [ '1.0.5' ],
15 silly audit   'no-case': [ '3.0.4' ],
15 silly audit   'node-addon-api': [ '7.1.1' ],
15 silly audit   'node-forge': [ '0.10.0' ],
15 silly audit   'node-releases': [ '2.0.18' ],
15 silly audit   'normalize-path': [ '3.0.0', '2.1.1' ],
15 silly audit   'npm-run-path': [ '2.0.2' ],
15 silly audit   'nth-check': [ '2.1.1' ],
15 silly audit   'object-assign': [ '4.1.1' ],
15 silly audit   'object-copy': [ '0.1.0' ],
15 silly audit   'object-inspect': [ '1.13.2' ],
15 silly audit   'object-is': [ '1.1.6' ],
15 silly audit   'object-keys': [ '1.1.1' ],
15 silly audit   'object-visit': [ '1.0.1' ],
15 silly audit   'object.assign': [ '4.1.5' ],
15 silly audit   'object.getownpropertydescriptors': [ '2.1.8' ],
15 silly audit   'object.pick': [ '1.3.0' ],
15 silly audit   obuf: [ '1.1.2' ],
15 silly audit   'on-finished': [ '2.4.1' ],
15 silly audit   'on-headers': [ '1.0.2' ],
15 silly audit   once: [ '1.4.0' ],
15 silly audit   opn: [ '5.5.0' ],
15 silly audit   'p-finally': [ '1.0.0' ],
15 silly audit   'p-limit': [ '2.3.0' ],
15 silly audit   'p-locate': [ '4.1.0', '3.0.0' ],
15 silly audit   'p-map': [ '2.1.0' ],
15 silly audit   'p-retry': [ '3.0.1' ],
15 silly audit   'p-try': [ '2.2.0' ],
15 silly audit   'param-case': [ '3.0.4' ],
15 silly audit   parseurl: [ '1.3.3' ],
15 silly audit   'pascal-case': [ '3.1.2' ],
15 silly audit   pascalcase: [ '0.1.1' ],
15 silly audit   'path-dirname': [ '1.0.2' ],
15 silly audit   'path-exists': [ '4.0.0', '3.0.0' ],
15 silly audit   'path-is-absolute': [ '1.0.1' ],
15 silly audit   'path-is-inside': [ '1.0.2' ],
15 silly audit   'path-parse': [ '1.0.7' ],
15 silly audit   'path-to-regexp': [ '0.1.10' ],
15 silly audit   picocolors: [ '1.1.0' ],
15 silly audit   picomatch: [ '2.3.1' ],
15 silly audit   pinkie: [ '2.0.4' ],
15 silly audit   'pinkie-promise': [ '2.0.1' ],
15 silly audit   'pkg-dir': [ '4.2.0', '3.0.0' ],
15 silly audit   portfinder: [ '1.0.32' ],
15 silly audit   'posix-character-classes': [ '0.1.1' ],
15 silly audit   'possible-typed-array-names': [ '1.0.0' ],
15 silly audit   postcss: [ '8.4.47' ],
15 silly audit   'postcss-modules-extract-imports': [ '3.1.0' ],
15 silly audit   'postcss-modules-local-by-default': [ '4.0.5' ],
15 silly audit   'postcss-modules-scope': [ '3.2.0' ],
15 silly audit   'postcss-modules-values': [ '4.0.0' ],
15 silly audit   'postcss-selector-parser': [ '6.1.2' ],
15 silly audit   'postcss-value-parser': [ '4.2.0' ],
15 silly audit   'pretty-error': [ '2.1.2' ],
15 silly audit   primeflex: [ '3.1.3' ],
15 silly audit   primeicons: [ '5.0.0' ],
15 silly audit   primevue: [ '3.12.0' ],
15 silly audit   'process-nextick-args': [ '2.0.1' ],
15 silly audit   'proxy-addr': [ '2.0.7' ],
15 silly audit   prr: [ '1.0.1' ],
15 silly audit   pump: [ '3.0.2' ],
15 silly audit   punycode: [ '2.3.1', '1.4.1' ],
15 silly audit   qs: [ '6.13.0' ],
15 silly audit   querystringify: [ '2.2.0' ],
15 silly audit   randombytes: [ '2.1.0' ],
15 silly audit   'range-parser': [ '1.2.1' ],
15 silly audit   'raw-body': [ '2.5.2' ],
15 silly audit   readdirp: [ '4.0.2', '2.2.1' ],
15 silly audit   rechoir: [ '0.7.1' ],
15 silly audit   regenerate: [ '1.4.2' ],
15 silly audit   'regenerate-unicode-properties': [ '10.2.0' ],
15 silly audit   'regenerator-runtime': [ '0.14.1' ],
15 silly audit   'regenerator-transform': [ '0.15.2' ],
15 silly audit   'regex-not': [ '1.0.2' ],
15 silly audit   'regexp.prototype.flags': [ '1.5.3' ],
15 silly audit   'regexpu-core': [ '6.1.1' ],
15 silly audit   regjsgen: [ '0.8.0' ],
15 silly audit   regjsparser: [ '0.11.1' ],
15 silly audit   relateurl: [ '0.2.7' ],
15 silly audit   'remove-trailing-separator': [ '1.1.0' ],
15 silly audit   renderkid: [ '2.0.7' ],
15 silly audit   'repeat-element': [ '1.1.4' ],
15 silly audit   'repeat-string': [ '1.6.1' ],
15 silly audit   'require-directory': [ '2.1.1' ],
15 silly audit   'require-main-filename': [ '2.0.0' ],
15 silly audit   'requires-port': [ '1.0.0' ],
15 silly audit   resolve: [ '1.22.8' ],
15 silly audit   'resolve-cwd': [ '3.0.0', '2.0.0' ],
15 silly audit   'resolve-from': [ '5.0.0', '3.0.0' ],
15 silly audit   'resolve-url': [ '0.2.1' ],
15 silly audit   ret: [ '0.1.15' ],
15 silly audit   retry: [ '0.12.0' ],
15 silly audit   rimraf: [ '2.7.1' ],
15 silly audit   'safe-array-concat': [ '1.1.2' ],
15 silly audit   'safe-regex': [ '1.1.0' ],
15 silly audit   'safe-regex-test': [ '1.0.3' ],
15 silly audit   'safer-buffer': [ '2.1.2' ],
15 silly audit   sass: [ '1.79.5' ],
15 silly audit   'sass-loader': [ '16.0.2' ],
15 silly audit   'select-hose': [ '2.0.0' ],
15 silly audit   selfsigned: [ '1.10.14' ],
15 silly audit   send: [ '0.19.0' ],
15 silly audit   'serialize-javascript': [ '6.0.2' ],
15 silly audit   'serve-index': [ '1.9.1' ],
15 silly audit   setprototypeof: [ '1.1.0', '1.2.0' ],
15 silly audit   statuses: [ '1.5.0', '2.0.1' ],
15 silly audit   'serve-static': [ '1.16.2' ],
15 silly audit   'set-blocking': [ '2.0.0' ],
15 silly audit   'set-function-length': [ '1.2.2' ],
15 silly audit   'set-function-name': [ '2.0.2' ],
15 silly audit   'set-value': [ '2.0.1' ],
15 silly audit   'shallow-clone': [ '3.0.1' ],
15 silly audit   'side-channel': [ '1.0.6' ],
15 silly audit   'signal-exit': [ '3.0.7' ],
15 silly audit   snapdragon: [ '0.8.2' ],
15 silly audit   'snapdragon-node': [ '2.1.1' ],
15 silly audit   'snapdragon-util': [ '3.0.1' ],
15 silly audit   sockjs: [ '0.3.24' ],
15 silly audit   'sockjs-client': [ '1.6.1' ],
15 silly audit   'source-map-js': [ '1.2.1' ],
15 silly audit   'source-map-resolve': [ '0.5.3' ],
15 silly audit   'source-map-support': [ '0.5.21' ],
15 silly audit   'source-map-url': [ '0.4.1' ],
15 silly audit   'sourcemap-codec': [ '1.4.8' ],
15 silly audit   spdy: [ '4.0.2' ],
15 silly audit   'spdy-transport': [ '3.0.0' ],
15 silly audit   'split-string': [ '3.1.0' ],
15 silly audit   'static-extend': [ '0.1.2' ],
15 silly audit   'string-width': [ '3.1.0' ],
15 silly audit   'string.prototype.trim': [ '1.2.9' ],
15 silly audit   'string.prototype.trimend': [ '1.0.8' ],
15 silly audit   'string.prototype.trimstart': [ '1.0.8' ],
15 silly audit   'strip-eof': [ '1.0.0' ],
15 silly audit   'style-loader': [ '2.0.0' ],
15 silly audit   'supports-preserve-symlinks-flag': [ '1.0.0' ],
15 silly audit   terser: [ '4.8.1', '5.36.0' ],
15 silly audit   'terser-webpack-plugin': [ '5.3.10' ],
15 silly audit   thunky: [ '1.1.0' ],
15 silly audit   'to-fast-properties': [ '2.0.0' ],
15 silly audit   'to-object-path': [ '0.3.0' ],
15 silly audit   'to-regex': [ '3.0.2' ],
15 silly audit   toidentifier: [ '1.0.1' ],
15 silly audit   tslib: [ '2.8.0' ],
15 silly audit   'type-is': [ '1.6.18' ],
15 silly audit   'typed-array-buffer': [ '1.0.2' ],
15 silly audit   'typed-array-byte-length': [ '1.0.1' ],
15 silly audit   'typed-array-byte-offset': [ '1.0.2' ],
15 silly audit   'typed-array-length': [ '1.0.6' ],
15 silly audit   'unbox-primitive': [ '1.0.2' ],
15 silly audit   'undici-types': [ '6.19.8' ],
15 silly audit   'unicode-canonical-property-names-ecmascript': [ '2.0.1' ],
15 silly audit   'unicode-match-property-ecmascript': [ '2.0.0' ],
15 silly audit   'unicode-match-property-value-ecmascript': [ '2.2.0' ],
15 silly audit   'unicode-property-aliases-ecmascript': [ '2.1.0' ],
15 silly audit   'union-value': [ '1.0.1' ],
15 silly audit   unpipe: [ '1.0.0' ],
15 silly audit   'unset-value': [ '1.0.0' ],
15 silly audit   upath: [ '1.2.0' ],
15 silly audit   'update-browserslist-db': [ '1.1.1' ],
15 silly audit   'uri-js': [ '4.4.1' ],
15 silly audit   urix: [ '0.1.0' ],
15 silly audit   url: [ '0.11.4' ],
15 silly audit   'url-parse': [ '1.5.10' ],
15 silly audit   use: [ '3.1.1' ],
15 silly audit   'util-deprecate': [ '1.0.2' ],
15 silly audit   'util.promisify': [ '1.0.0' ],
15 silly audit   utila: [ '0.4.0' ],
15 silly audit   'utils-merge': [ '1.0.1' ],
15 silly audit   uuid: [ '8.3.2', '3.4.0' ],
15 silly audit   vary: [ '1.1.2' ],
15 silly audit   vue: [ '3.2.31' ],
15 silly audit   'vue-loader': [ '16.8.3' ],
15 silly audit   'vue-style-loader': [ '4.1.3' ],
15 silly audit   watchpack: [ '2.4.2' ],
15 silly audit   wbuf: [ '1.7.3' ],
15 silly audit   webpack: [ '5.95.0' ],
15 silly audit   'webpack-cli': [ '4.10.0' ],
15 silly audit   'webpack-dev-middleware': [ '3.7.3' ],
15 silly audit   'webpack-dev-server': [ '3.11.3' ],
15 silly audit   'webpack-log': [ '2.0.0' ],
15 silly audit   'webpack-merge': [ '5.10.0' ],
15 silly audit   'webpack-sources': [ '3.2.3' ],
15 silly audit   'websocket-driver': [ '0.7.4' ],
15 silly audit   'websocket-extensions': [ '0.1.4' ],
15 silly audit   'which-boxed-primitive': [ '1.0.2' ],
15 silly audit   'which-module': [ '2.0.1' ],
15 silly audit   'which-typed-array': [ '1.1.15' ],
15 silly audit   wildcard: [ '2.0.1' ],
15 silly audit   'wrap-ansi': [ '5.1.0' ],
15 silly audit   wrappy: [ '1.0.2' ],
15 silly audit   ws: [ '6.2.3' ],
15 silly audit   y18n: [ '4.0.3' ],
15 silly audit   yallist: [ '3.1.1' ],
15 silly audit   yargs: [ '13.3.2' ],
15 silly audit   'yargs-parser': [ '13.1.2' ]
15 silly audit }
16 http cache yargs-parser@https://registry.npmjs.org/yargs-parser/-/yargs-parser-13.1.2.tgz 0ms (cache hit)
17 http cache yargs@https://registry.npmjs.org/yargs/-/yargs-13.3.2.tgz 0ms (cache hit)
18 http cache ws@https://registry.npmjs.org/ws/-/ws-6.2.3.tgz 0ms (cache hit)
19 http cache wrap-ansi@https://registry.npmjs.org/wrap-ansi/-/wrap-ansi-5.1.0.tgz 0ms (cache hit)
20 http cache wrappy@https://registry.npmjs.org/wrappy/-/wrappy-1.0.2.tgz 0ms (cache hit)
21 http cache which-typed-array@https://registry.npmjs.org/which-typed-array/-/which-typed-array-1.1.15.tgz 0ms (cache hit)
22 http cache y18n@https://registry.npmjs.org/y18n/-/y18n-4.0.3.tgz 0ms (cache hit)
23 http cache which-module@https://registry.npmjs.org/which-module/-/which-module-2.0.1.tgz 0ms (cache hit)
24 http cache wildcard@https://registry.npmjs.org/wildcard/-/wildcard-2.0.1.tgz 0ms (cache hit)
25 http cache which@https://registry.npmjs.org/which/-/which-2.0.2.tgz 0ms (cache hit)
26 http cache websocket-extensions@https://registry.npmjs.org/websocket-extensions/-/websocket-extensions-0.1.4.tgz 0ms (cache hit)
27 http cache websocket-driver@https://registry.npmjs.org/websocket-driver/-/websocket-driver-0.7.4.tgz 0ms (cache hit)
28 http cache webpack-sources@https://registry.npmjs.org/webpack-sources/-/webpack-sources-3.2.3.tgz 0ms (cache hit)
29 http cache yallist@https://registry.npmjs.org/yallist/-/yallist-3.1.1.tgz 0ms (cache hit)
30 http cache webpack-dev-server@https://registry.npmjs.org/webpack-dev-server/-/webpack-dev-server-3.11.3.tgz 0ms (cache hit)
31 http cache which-boxed-primitive@https://registry.npmjs.org/which-boxed-primitive/-/which-boxed-primitive-1.0.2.tgz 0ms (cache hit)
32 http cache webpack-merge@https://registry.npmjs.org/webpack-merge/-/webpack-merge-5.10.0.tgz 0ms (cache hit)
33 http cache webpack-dev-middleware@https://registry.npmjs.org/webpack-dev-middleware/-/webpack-dev-middleware-3.7.3.tgz 0ms (cache hit)
34 http cache webpack-cli@https://registry.npmjs.org/webpack-cli/-/webpack-cli-4.10.0.tgz 0ms (cache hit)
35 http cache webpack@https://registry.npmjs.org/webpack/-/webpack-5.95.0.tgz 0ms (cache hit)
36 http cache watchpack@https://registry.npmjs.org/watchpack/-/watchpack-2.4.2.tgz 0ms (cache hit)
37 http cache webpack-log@https://registry.npmjs.org/webpack-log/-/webpack-log-2.0.0.tgz 0ms (cache hit)
38 http cache wbuf@https://registry.npmjs.org/wbuf/-/wbuf-1.7.3.tgz 0ms (cache hit)
39 http cache vue-style-loader@https://registry.npmjs.org/vue-style-loader/-/vue-style-loader-4.1.3.tgz 0ms (cache hit)
40 http cache vue@https://registry.npmjs.org/vue/-/vue-3.2.31.tgz 0ms (cache hit)
41 http cache vue-loader@https://registry.npmjs.org/vue-loader/-/vue-loader-16.8.3.tgz 0ms (cache hit)
42 http cache uuid@https://registry.npmjs.org/uuid/-/uuid-8.3.2.tgz 0ms (cache hit)
43 http cache utila@https://registry.npmjs.org/utila/-/utila-0.4.0.tgz 0ms (cache hit)
44 http cache util.promisify@https://registry.npmjs.org/util.promisify/-/util.promisify-1.0.0.tgz 0ms (cache hit)
45 http cache vary@https://registry.npmjs.org/vary/-/vary-1.1.2.tgz 0ms (cache hit)
46 http cache utils-merge@https://registry.npmjs.org/utils-merge/-/utils-merge-1.0.1.tgz 0ms (cache hit)
47 http cache use@https://registry.npmjs.org/use/-/use-3.1.1.tgz 0ms (cache hit)
48 http cache url@https://registry.npmjs.org/url/-/url-0.11.4.tgz 0ms (cache hit)
49 http cache urix@https://registry.npmjs.org/urix/-/urix-0.1.0.tgz 0ms (cache hit)
50 http cache update-browserslist-db@https://registry.npmjs.org/update-browserslist-db/-/update-browserslist-db-1.1.1.tgz 0ms (cache hit)
51 http cache uri-js@https://registry.npmjs.org/uri-js/-/uri-js-4.4.1.tgz 0ms (cache hit)
52 http cache upath@https://registry.npmjs.org/upath/-/upath-1.2.0.tgz 0ms (cache hit)
53 http cache util-deprecate@https://registry.npmjs.org/util-deprecate/-/util-deprecate-1.0.2.tgz 0ms (cache hit)
54 http cache unset-value@https://registry.npmjs.org/unset-value/-/unset-value-1.0.0.tgz 0ms (cache hit)
55 http cache url-parse@https://registry.npmjs.org/url-parse/-/url-parse-1.5.10.tgz 0ms (cache hit)
56 http cache unpipe@https://registry.npmjs.org/unpipe/-/unpipe-1.0.0.tgz 0ms (cache hit)
57 http cache union-value@https://registry.npmjs.org/union-value/-/union-value-1.0.1.tgz 0ms (cache hit)
58 http cache unicode-match-property-value-ecmascript@https://registry.npmjs.org/unicode-match-property-value-ecmascript/-/unicode-match-property-value-ecmascript-2.2.0.tgz 0ms (cache hit)
59 http cache unicode-property-aliases-ecmascript@https://registry.npmjs.org/unicode-property-aliases-ecmascript/-/unicode-property-aliases-ecmascript-2.1.0.tgz 0ms (cache hit)
60 http cache unicode-canonical-property-names-ecmascript@https://registry.npmjs.org/unicode-canonical-property-names-ecmascript/-/unicode-canonical-property-names-ecmascript-2.0.1.tgz 0ms (cache hit)
61 http cache undici-types@https://registry.npmjs.org/undici-types/-/undici-types-6.19.8.tgz 0ms (cache hit)
62 http cache unbox-primitive@https://registry.npmjs.org/unbox-primitive/-/unbox-primitive-1.0.2.tgz 0ms (cache hit)
63 http cache typed-array-length@https://registry.npmjs.org/typed-array-length/-/typed-array-length-1.0.6.tgz 0ms (cache hit)
64 http cache typed-array-byte-offset@https://registry.npmjs.org/typed-array-byte-offset/-/typed-array-byte-offset-1.0.2.tgz 0ms (cache hit)
65 http cache typed-array-buffer@https://registry.npmjs.org/typed-array-buffer/-/typed-array-buffer-1.0.2.tgz 0ms (cache hit)
66 http cache typed-array-byte-length@https://registry.npmjs.org/typed-array-byte-length/-/typed-array-byte-length-1.0.1.tgz 0ms (cache hit)
67 http cache type-is@https://registry.npmjs.org/type-is/-/type-is-1.6.18.tgz 0ms (cache hit)
68 http cache unicode-match-property-ecmascript@https://registry.npmjs.org/unicode-match-property-ecmascript/-/unicode-match-property-ecmascript-2.0.0.tgz 0ms (cache hit)
69 http cache tslib@https://registry.npmjs.org/tslib/-/tslib-2.8.0.tgz 0ms (cache hit)
70 http cache toidentifier@https://registry.npmjs.org/toidentifier/-/toidentifier-1.0.1.tgz 0ms (cache hit)
71 http cache to-regex-range@https://registry.npmjs.org/to-regex-range/-/to-regex-range-5.0.1.tgz 0ms (cache hit)
72 http cache to-regex@https://registry.npmjs.org/to-regex/-/to-regex-3.0.2.tgz 0ms (cache hit)
73 http cache to-object-path@https://registry.npmjs.org/to-object-path/-/to-object-path-0.3.0.tgz 0ms (cache hit)
74 http cache to-fast-properties@https://registry.npmjs.org/to-fast-properties/-/to-fast-properties-2.0.0.tgz 0ms (cache hit)
75 http cache thunky@https://registry.npmjs.org/thunky/-/thunky-1.1.0.tgz 0ms (cache hit)
76 http cache terser-webpack-plugin@https://registry.npmjs.org/terser-webpack-plugin/-/terser-webpack-plugin-5.3.10.tgz 0ms (cache hit)
77 http cache terser@https://registry.npmjs.org/terser/-/terser-4.8.1.tgz 0ms (cache hit)
78 http cache tapable@https://registry.npmjs.org/tapable/-/tapable-1.1.3.tgz 0ms (cache hit)
79 http cache supports-preserve-symlinks-flag@https://registry.npmjs.org/supports-preserve-symlinks-flag/-/supports-preserve-symlinks-flag-1.0.0.tgz 0ms (cache hit)
80 http cache supports-color@https://registry.npmjs.org/supports-color/-/supports-color-5.5.0.tgz 0ms (cache hit)
81 http cache strip-eof@https://registry.npmjs.org/strip-eof/-/strip-eof-1.0.0.tgz 0ms (cache hit)
82 http cache style-loader@https://registry.npmjs.org/style-loader/-/style-loader-2.0.0.tgz 0ms (cache hit)
83 http cache strip-ansi@https://registry.npmjs.org/strip-ansi/-/strip-ansi-3.0.1.tgz 0ms (cache hit)
84 http cache string.prototype.trimstart@https://registry.npmjs.org/string.prototype.trimstart/-/string.prototype.trimstart-1.0.8.tgz 0ms (cache hit)
85 http cache string.prototype.trimend@https://registry.npmjs.org/string.prototype.trimend/-/string.prototype.trimend-1.0.8.tgz 0ms (cache hit)
86 http cache statuses@https://registry.npmjs.org/statuses/-/statuses-2.0.1.tgz 0ms (cache hit)
87 http cache string-width@https://registry.npmjs.org/string-width/-/string-width-3.1.0.tgz 0ms (cache hit)
88 http cache string.prototype.trim@https://registry.npmjs.org/string.prototype.trim/-/string.prototype.trim-1.2.9.tgz 0ms (cache hit)
89 http cache split-string@https://registry.npmjs.org/split-string/-/split-string-3.1.0.tgz 0ms (cache hit)
90 http cache spdy-transport@https://registry.npmjs.org/spdy-transport/-/spdy-transport-3.0.0.tgz 0ms (cache hit)
91 http cache static-extend@https://registry.npmjs.org/static-extend/-/static-extend-0.1.2.tgz 0ms (cache hit)
92 http cache string_decoder@https://registry.npmjs.org/string_decoder/-/string_decoder-1.3.0.tgz 0ms (cache hit)
93 http cache spdy@https://registry.npmjs.org/spdy/-/spdy-4.0.2.tgz 0ms (cache hit)
94 http cache sourcemap-codec@https://registry.npmjs.org/sourcemap-codec/-/sourcemap-codec-1.4.8.tgz 0ms (cache hit)
95 http cache source-map-url@https://registry.npmjs.org/source-map-url/-/source-map-url-0.4.1.tgz 0ms (cache hit)
96 http cache source-map-resolve@https://registry.npmjs.org/source-map-resolve/-/source-map-resolve-0.5.3.tgz 0ms (cache hit)
97 http cache source-map-support@https://registry.npmjs.org/source-map-support/-/source-map-support-0.5.21.tgz 0ms (cache hit)
98 http cache source-map@https://registry.npmjs.org/source-map/-/source-map-0.6.1.tgz 0ms (cache hit)
99 http cache source-map-js@https://registry.npmjs.org/source-map-js/-/source-map-js-1.2.1.tgz 0ms (cache hit)
100 http cache sockjs-client@https://registry.npmjs.org/sockjs-client/-/sockjs-client-1.6.1.tgz 0ms (cache hit)
101 http cache sockjs@https://registry.npmjs.org/sockjs/-/sockjs-0.3.24.tgz 0ms (cache hit)
102 http cache signal-exit@https://registry.npmjs.org/signal-exit/-/signal-exit-3.0.7.tgz 0ms (cache hit)
103 http cache side-channel@https://registry.npmjs.org/side-channel/-/side-channel-1.0.6.tgz 0ms (cache hit)
104 http cache snapdragon-util@https://registry.npmjs.org/snapdragon-util/-/snapdragon-util-3.0.1.tgz 0ms (cache hit)
105 http cache snapdragon-node@https://registry.npmjs.org/snapdragon-node/-/snapdragon-node-2.1.1.tgz 0ms (cache hit)
106 http cache shebang-command@https://registry.npmjs.org/shebang-command/-/shebang-command-2.0.0.tgz 0ms (cache hit)
107 http cache shebang-regex@https://registry.npmjs.org/shebang-regex/-/shebang-regex-3.0.0.tgz 0ms (cache hit)
108 http cache setprototypeof@https://registry.npmjs.org/setprototypeof/-/setprototypeof-1.2.0.tgz 0ms (cache hit)
109 http cache shallow-clone@https://registry.npmjs.org/shallow-clone/-/shallow-clone-3.0.1.tgz 0ms (cache hit)
110 http cache snapdragon@https://registry.npmjs.org/snapdragon/-/snapdragon-0.8.2.tgz 0ms (cache hit)
111 http cache set-value@https://registry.npmjs.org/set-value/-/set-value-2.0.1.tgz 0ms (cache hit)
112 http cache set-function-name@https://registry.npmjs.org/set-function-name/-/set-function-name-2.0.2.tgz 0ms (cache hit)
113 http cache set-function-length@https://registry.npmjs.org/set-function-length/-/set-function-length-1.2.2.tgz 0ms (cache hit)
114 http cache set-blocking@https://registry.npmjs.org/set-blocking/-/set-blocking-2.0.0.tgz 0ms (cache hit)
115 http cache serve-index@https://registry.npmjs.org/serve-index/-/serve-index-1.9.1.tgz 0ms (cache hit)
116 http cache serialize-javascript@https://registry.npmjs.org/serialize-javascript/-/serialize-javascript-6.0.2.tgz 0ms (cache hit)
117 http cache schema-utils@https://registry.npmjs.org/schema-utils/-/schema-utils-2.7.1.tgz 0ms (cache hit)
118 http cache select-hose@https://registry.npmjs.org/select-hose/-/select-hose-2.0.0.tgz 0ms (cache hit)
119 http cache selfsigned@https://registry.npmjs.org/selfsigned/-/selfsigned-1.10.14.tgz 0ms (cache hit)
120 http cache sass-loader@https://registry.npmjs.org/sass-loader/-/sass-loader-16.0.2.tgz 0ms (cache hit)
121 http cache safer-buffer@https://registry.npmjs.org/safer-buffer/-/safer-buffer-2.1.2.tgz 0ms (cache hit)
122 http cache send@https://registry.npmjs.org/send/-/send-0.19.0.tgz 0ms (cache hit)
123 http cache sass@https://registry.npmjs.org/sass/-/sass-1.79.5.tgz 0ms (cache hit)
124 http cache safe-regex-test@https://registry.npmjs.org/safe-regex-test/-/safe-regex-test-1.0.3.tgz 0ms (cache hit)
125 http cache semver@https://registry.npmjs.org/semver/-/semver-6.3.1.tgz 0ms (cache hit)
126 http cache safe-regex@https://registry.npmjs.org/safe-regex/-/safe-regex-1.1.0.tgz 0ms (cache hit)
127 http cache safe-buffer@https://registry.npmjs.org/safe-buffer/-/safe-buffer-5.2.1.tgz 0ms (cache hit)
128 http cache safe-array-concat@https://registry.npmjs.org/safe-array-concat/-/safe-array-concat-1.1.2.tgz 0ms (cache hit)
129 http cache rimraf@https://registry.npmjs.org/rimraf/-/rimraf-2.7.1.tgz 0ms (cache hit)
130 http cache retry@https://registry.npmjs.org/retry/-/retry-0.12.0.tgz 0ms (cache hit)
131 http cache ret@https://registry.npmjs.org/ret/-/ret-0.1.15.tgz 0ms (cache hit)
132 http cache resolve-url@https://registry.npmjs.org/resolve-url/-/resolve-url-0.2.1.tgz 0ms (cache hit)
133 http cache resolve-from@https://registry.npmjs.org/resolve-from/-/resolve-from-5.0.0.tgz 0ms (cache hit)
134 http cache resolve@https://registry.npmjs.org/resolve/-/resolve-1.22.8.tgz 0ms (cache hit)
135 http cache resolve-cwd@https://registry.npmjs.org/resolve-cwd/-/resolve-cwd-3.0.0.tgz 0ms (cache hit)
136 http cache requires-port@https://registry.npmjs.org/requires-port/-/requires-port-1.0.0.tgz 0ms (cache hit)
137 http cache require-main-filename@https://registry.npmjs.org/require-main-filename/-/require-main-filename-2.0.0.tgz 0ms (cache hit)
138 http cache repeat-string@https://registry.npmjs.org/repeat-string/-/repeat-string-1.6.1.tgz 0ms (cache hit)
139 http cache renderkid@https://registry.npmjs.org/renderkid/-/renderkid-2.0.7.tgz 0ms (cache hit)
140 http cache repeat-element@https://registry.npmjs.org/repeat-element/-/repeat-element-1.1.4.tgz 0ms (cache hit)
141 http cache require-directory@https://registry.npmjs.org/require-directory/-/require-directory-2.1.1.tgz 0ms (cache hit)
142 http cache remove-trailing-separator@https://registry.npmjs.org/remove-trailing-separator/-/remove-trailing-separator-1.1.0.tgz 0ms (cache hit)
143 http cache relateurl@https://registry.npmjs.org/relateurl/-/relateurl-0.2.7.tgz 0ms (cache hit)
144 http cache regjsparser@https://registry.npmjs.org/regjsparser/-/regjsparser-0.11.1.tgz 0ms (cache hit)
145 http cache regjsgen@https://registry.npmjs.org/regjsgen/-/regjsgen-0.8.0.tgz 0ms (cache hit)
146 http cache regexpu-core@https://registry.npmjs.org/regexpu-core/-/regexpu-core-6.1.1.tgz 0ms (cache hit)
147 http cache regex-not@https://registry.npmjs.org/regex-not/-/regex-not-1.0.2.tgz 0ms (cache hit)
148 http cache regexp.prototype.flags@https://registry.npmjs.org/regexp.prototype.flags/-/regexp.prototype.flags-1.5.3.tgz 0ms (cache hit)
149 http cache regenerator-transform@https://registry.npmjs.org/regenerator-transform/-/regenerator-transform-0.15.2.tgz 0ms (cache hit)
150 http cache regenerator-runtime@https://registry.npmjs.org/regenerator-runtime/-/regenerator-runtime-0.14.1.tgz 0ms (cache hit)
151 http cache regenerate-unicode-properties@https://registry.npmjs.org/regenerate-unicode-properties/-/regenerate-unicode-properties-10.2.0.tgz 0ms (cache hit)
152 http cache rechoir@https://registry.npmjs.org/rechoir/-/rechoir-0.7.1.tgz 0ms (cache hit)
153 http cache regenerate@https://registry.npmjs.org/regenerate/-/regenerate-1.4.2.tgz 0ms (cache hit)
154 http cache readable-stream@https://registry.npmjs.org/readable-stream/-/readable-stream-3.6.2.tgz 0ms (cache hit)
155 http cache readdirp@https://registry.npmjs.org/readdirp/-/readdirp-4.0.2.tgz 0ms (cache hit)
156 http cache range-parser@https://registry.npmjs.org/range-parser/-/range-parser-1.2.1.tgz 0ms (cache hit)
157 http cache randombytes@https://registry.npmjs.org/randombytes/-/randombytes-2.1.0.tgz 0ms (cache hit)
158 http cache querystringify@https://registry.npmjs.org/querystringify/-/querystringify-2.2.0.tgz 0ms (cache hit)
159 http cache qs@https://registry.npmjs.org/qs/-/qs-6.13.0.tgz 0ms (cache hit)
160 http cache raw-body@https://registry.npmjs.org/raw-body/-/raw-body-2.5.2.tgz 0ms (cache hit)
161 http cache punycode@https://registry.npmjs.org/punycode/-/punycode-2.3.1.tgz 0ms (cache hit)
162 http cache pump@https://registry.npmjs.org/pump/-/pump-3.0.2.tgz 0ms (cache hit)
163 http cache proxy-addr@https://registry.npmjs.org/proxy-addr/-/proxy-addr-2.0.7.tgz 0ms (cache hit)
164 http cache process-nextick-args@https://registry.npmjs.org/process-nextick-args/-/process-nextick-args-2.0.1.tgz 0ms (cache hit)
165 http cache primeicons@https://registry.npmjs.org/primeicons/-/primeicons-5.0.0.tgz 0ms (cache hit)
166 http cache primevue@https://registry.npmjs.org/primevue/-/primevue-3.12.0.tgz 0ms (cache hit)
167 http cache prr@https://registry.npmjs.org/prr/-/prr-1.0.1.tgz 0ms (cache hit)
168 http cache primeflex@https://registry.npmjs.org/primeflex/-/primeflex-3.1.3.tgz 0ms (cache hit)
169 http cache pretty-error@https://registry.npmjs.org/pretty-error/-/pretty-error-2.1.2.tgz 0ms (cache hit)
170 http cache postcss-modules-values@https://registry.npmjs.org/postcss-modules-values/-/postcss-modules-values-4.0.0.tgz 0ms (cache hit)
171 http cache postcss-selector-parser@https://registry.npmjs.org/postcss-selector-parser/-/postcss-selector-parser-6.1.2.tgz 0ms (cache hit)
172 http cache serve-static@https://registry.npmjs.org/serve-static/-/serve-static-1.16.2.tgz 0ms (cache hit)
173 http cache postcss-value-parser@https://registry.npmjs.org/postcss-value-parser/-/postcss-value-parser-4.2.0.tgz 0ms (cache hit)
174 http cache postcss-modules-scope@https://registry.npmjs.org/postcss-modules-scope/-/postcss-modules-scope-3.2.0.tgz 0ms (cache hit)
175 http cache postcss@https://registry.npmjs.org/postcss/-/postcss-8.4.47.tgz 0ms (cache hit)
176 http cache possible-typed-array-names@https://registry.npmjs.org/possible-typed-array-names/-/possible-typed-array-names-1.0.0.tgz 0ms (cache hit)
177 http cache postcss-modules-local-by-default@https://registry.npmjs.org/postcss-modules-local-by-default/-/postcss-modules-local-by-default-4.0.5.tgz 0ms (cache hit)
178 http cache posix-character-classes@https://registry.npmjs.org/posix-character-classes/-/posix-character-classes-0.1.1.tgz 0ms (cache hit)
179 http cache postcss-modules-extract-imports@https://registry.npmjs.org/postcss-modules-extract-imports/-/postcss-modules-extract-imports-3.1.0.tgz 0ms (cache hit)
180 http cache portfinder@https://registry.npmjs.org/portfinder/-/portfinder-1.0.32.tgz 0ms (cache hit)
181 http cache pkg-dir@https://registry.npmjs.org/pkg-dir/-/pkg-dir-4.2.0.tgz 0ms (cache hit)
182 http cache pinkie-promise@https://registry.npmjs.org/pinkie-promise/-/pinkie-promise-2.0.1.tgz 0ms (cache hit)
183 http cache pinkie@https://registry.npmjs.org/pinkie/-/pinkie-2.0.4.tgz 0ms (cache hit)
184 http cache pify@https://registry.npmjs.org/pify/-/pify-4.0.1.tgz 0ms (cache hit)
185 http cache picomatch@https://registry.npmjs.org/picomatch/-/picomatch-2.3.1.tgz 0ms (cache hit)
186 http cache picocolors@https://registry.npmjs.org/picocolors/-/picocolors-1.1.0.tgz 0ms (cache hit)
187 http cache path-to-regexp@https://registry.npmjs.org/path-to-regexp/-/path-to-regexp-0.1.10.tgz 0ms (cache hit)
188 http cache path-parse@https://registry.npmjs.org/path-parse/-/path-parse-1.0.7.tgz 0ms (cache hit)
189 http cache path-is-inside@https://registry.npmjs.org/path-is-inside/-/path-is-inside-1.0.2.tgz 0ms (cache hit)
190 http cache path-key@https://registry.npmjs.org/path-key/-/path-key-3.1.1.tgz 0ms (cache hit)
191 http cache path-is-absolute@https://registry.npmjs.org/path-is-absolute/-/path-is-absolute-1.0.1.tgz 0ms (cache hit)
192 http cache pascalcase@https://registry.npmjs.org/pascalcase/-/pascalcase-0.1.1.tgz 0ms (cache hit)
193 http cache parseurl@https://registry.npmjs.org/parseurl/-/parseurl-1.3.3.tgz 0ms (cache hit)
194 http cache param-case@https://registry.npmjs.org/param-case/-/param-case-3.0.4.tgz 0ms (cache hit)
195 http cache path-dirname@https://registry.npmjs.org/path-dirname/-/path-dirname-1.0.2.tgz 0ms (cache hit)
196 http cache p-try@https://registry.npmjs.org/p-try/-/p-try-2.2.0.tgz 0ms (cache hit)
197 http cache p-retry@https://registry.npmjs.org/p-retry/-/p-retry-3.0.1.tgz 0ms (cache hit)
198 http cache pascal-case@https://registry.npmjs.org/pascal-case/-/pascal-case-3.1.2.tgz 0ms (cache hit)
199 http cache p-locate@https://registry.npmjs.org/p-locate/-/p-locate-4.1.0.tgz 0ms (cache hit)
200 http cache p-limit@https://registry.npmjs.org/p-limit/-/p-limit-2.3.0.tgz 0ms (cache hit)
201 http cache p-finally@https://registry.npmjs.org/p-finally/-/p-finally-1.0.0.tgz 0ms (cache hit)
202 http cache p-map@https://registry.npmjs.org/p-map/-/p-map-2.1.0.tgz 0ms (cache hit)
203 http cache on-headers@https://registry.npmjs.org/on-headers/-/on-headers-1.0.2.tgz 0ms (cache hit)
204 http cache on-finished@https://registry.npmjs.org/on-finished/-/on-finished-2.4.1.tgz 0ms (cache hit)
205 http cache opn@https://registry.npmjs.org/opn/-/opn-5.5.0.tgz 0ms (cache hit)
206 http cache path-exists@https://registry.npmjs.org/path-exists/-/path-exists-4.0.0.tgz 0ms (cache hit)
207 http cache once@https://registry.npmjs.org/once/-/once-1.4.0.tgz 0ms (cache hit)
208 http cache object.pick@https://registry.npmjs.org/object.pick/-/object.pick-1.3.0.tgz 0ms (cache hit)
209 http cache obuf@https://registry.npmjs.org/obuf/-/obuf-1.1.2.tgz 0ms (cache hit)
210 http cache object.getownpropertydescriptors@https://registry.npmjs.org/object.getownpropertydescriptors/-/object.getownpropertydescriptors-2.1.8.tgz 0ms (cache hit)
211 http cache object-keys@https://registry.npmjs.org/object-keys/-/object-keys-1.1.1.tgz 0ms (cache hit)
212 http cache object-copy@https://registry.npmjs.org/object-copy/-/object-copy-0.1.0.tgz 0ms (cache hit)
213 http cache object-assign@https://registry.npmjs.org/object-assign/-/object-assign-4.1.1.tgz 0ms (cache hit)
214 http cache object-is@https://registry.npmjs.org/object-is/-/object-is-1.1.6.tgz 0ms (cache hit)
215 http cache npm-run-path@https://registry.npmjs.org/npm-run-path/-/npm-run-path-2.0.2.tgz 0ms (cache hit)
216 http cache nth-check@https://registry.npmjs.org/nth-check/-/nth-check-2.1.1.tgz 0ms (cache hit)
217 http cache object.assign@https://registry.npmjs.org/object.assign/-/object.assign-4.1.5.tgz 0ms (cache hit)
218 http cache object-inspect@https://registry.npmjs.org/object-inspect/-/object-inspect-1.13.2.tgz 0ms (cache hit)
219 http cache object-visit@https://registry.npmjs.org/object-visit/-/object-visit-1.0.1.tgz 0ms (cache hit)
220 http cache node-releases@https://registry.npmjs.org/node-releases/-/node-releases-2.0.18.tgz 0ms (cache hit)
221 http cache node-addon-api@https://registry.npmjs.org/node-addon-api/-/node-addon-api-7.1.1.tgz 0ms (cache hit)
222 http cache node-forge@https://registry.npmjs.org/node-forge/-/node-forge-0.10.0.tgz 0ms (cache hit)
223 http cache nice-try@https://registry.npmjs.org/nice-try/-/nice-try-1.0.5.tgz 0ms (cache hit)
224 http cache no-case@https://registry.npmjs.org/no-case/-/no-case-3.0.4.tgz 0ms (cache hit)
225 http cache negotiator@https://registry.npmjs.org/negotiator/-/negotiator-0.6.3.tgz 0ms (cache hit)
226 http cache normalize-path@https://registry.npmjs.org/normalize-path/-/normalize-path-3.0.0.tgz 0ms (cache hit)
227 http cache nanomatch@https://registry.npmjs.org/nanomatch/-/nanomatch-1.2.13.tgz 0ms (cache hit)
228 http cache neo-async@https://registry.npmjs.org/neo-async/-/neo-async-2.6.2.tgz 0ms (cache hit)
229 http cache nanoid@https://registry.npmjs.org/nanoid/-/nanoid-3.3.7.tgz 0ms (cache hit)
230 http cache multicast-dns-service-types@https://registry.npmjs.org/multicast-dns-service-types/-/multicast-dns-service-types-1.1.0.tgz 0ms (cache hit)
231 http cache multicast-dns@https://registry.npmjs.org/multicast-dns/-/multicast-dns-6.2.3.tgz 0ms (cache hit)
232 http cache minimist@https://registry.npmjs.org/minimist/-/minimist-1.2.8.tgz 0ms (cache hit)
233 http cache minimatch@https://registry.npmjs.org/minimatch/-/minimatch-3.1.2.tgz 0ms (cache hit)
234 http cache nan@https://registry.npmjs.org/nan/-/nan-2.22.0.tgz 0ms (cache hit)
235 http cache ms@https://registry.npmjs.org/ms/-/ms-2.1.3.tgz 0ms (cache hit)
236 http cache mkdirp@https://registry.npmjs.org/mkdirp/-/mkdirp-0.5.6.tgz 0ms (cache hit)
237 http cache mime-types@https://registry.npmjs.org/mime-types/-/mime-types-2.1.35.tgz 0ms (cache hit)
238 http cache mime-db@https://registry.npmjs.org/mime-db/-/mime-db-1.52.0.tgz 0ms (cache hit)
239 http cache mixin-deep@https://registry.npmjs.org/mixin-deep/-/mixin-deep-1.3.2.tgz 0ms (cache hit)
240 http cache micromatch@https://registry.npmjs.org/micromatch/-/micromatch-4.0.8.tgz 0ms (cache hit)
241 http cache mime@https://registry.npmjs.org/mime/-/mime-1.6.0.tgz 0ms (cache hit)
242 http cache methods@https://registry.npmjs.org/methods/-/methods-1.1.2.tgz 0ms (cache hit)
243 http cache merge-stream@https://registry.npmjs.org/merge-stream/-/merge-stream-2.0.0.tgz 0ms (cache hit)
244 http cache minimalistic-assert@https://registry.npmjs.org/minimalistic-assert/-/minimalistic-assert-1.0.1.tgz 0ms (cache hit)
245 http cache merge-descriptors@https://registry.npmjs.org/merge-descriptors/-/merge-descriptors-1.0.3.tgz 0ms (cache hit)
246 http cache media-typer@https://registry.npmjs.org/media-typer/-/media-typer-0.3.0.tgz 0ms (cache hit)
247 http cache map-cache@https://registry.npmjs.org/map-cache/-/map-cache-0.2.2.tgz 0ms (cache hit)
248 http cache map-visit@https://registry.npmjs.org/map-visit/-/map-visit-1.0.0.tgz 0ms (cache hit)
249 http cache memory-fs@https://registry.npmjs.org/memory-fs/-/memory-fs-0.4.1.tgz 0ms (cache hit)
250 http cache make-dir@https://registry.npmjs.org/make-dir/-/make-dir-3.1.0.tgz 0ms (cache hit)
251 http cache magic-string@https://registry.npmjs.org/magic-string/-/magic-string-0.30.12.tgz 0ms (cache hit)
252 http cache lodash.debounce@https://registry.npmjs.org/lodash.debounce/-/lodash.debounce-4.0.8.tgz 0ms (cache hit)
253 http cache lower-case@https://registry.npmjs.org/lower-case/-/lower-case-2.0.2.tgz 0ms (cache hit)
254 http cache lru-cache@https://registry.npmjs.org/lru-cache/-/lru-cache-5.1.1.tgz 0ms (cache hit)
255 http cache locate-path@https://registry.npmjs.org/locate-path/-/locate-path-5.0.0.tgz 0ms (cache hit)
256 http cache loglevel@https://registry.npmjs.org/loglevel/-/loglevel-1.9.2.tgz 0ms (cache hit)
257 http cache loader-utils@https://registry.npmjs.org/loader-utils/-/loader-utils-2.0.4.tgz 0ms (cache hit)
258 http cache killable@https://registry.npmjs.org/killable/-/killable-1.0.1.tgz 0ms (cache hit)
259 http cache lodash@https://registry.npmjs.org/lodash/-/lodash-4.17.21.tgz 0ms (cache hit)
260 http cache json5@https://registry.npmjs.org/json5/-/json5-2.2.3.tgz 0ms (cache hit)
261 http cache kind-of@https://registry.npmjs.org/kind-of/-/kind-of-6.0.3.tgz 0ms (cache hit)
262 http cache jsesc@https://registry.npmjs.org/jsesc/-/jsesc-3.0.2.tgz 0ms (cache hit)
263 http cache json-parse-even-better-errors@https://registry.npmjs.org/json-parse-even-better-errors/-/json-parse-even-better-errors-2.3.1.tgz 0ms (cache hit)
264 http cache json-schema-traverse@https://registry.npmjs.org/json-schema-traverse/-/json-schema-traverse-0.4.1.tgz 0ms (cache hit)
265 http cache jest-worker@https://registry.npmjs.org/jest-worker/-/jest-worker-27.5.1.tgz 0ms (cache hit)
266 http cache loader-runner@https://registry.npmjs.org/loader-runner/-/loader-runner-4.3.0.tgz 0ms (cache hit)
267 http cache js-tokens@https://registry.npmjs.org/js-tokens/-/js-tokens-4.0.0.tgz 0ms (cache hit)
268 http cache is-wsl@https://registry.npmjs.org/is-wsl/-/is-wsl-1.1.0.tgz 0ms (cache hit)
269 http cache isobject@https://registry.npmjs.org/isobject/-/isobject-3.0.1.tgz 0ms (cache hit)
270 http cache isexe@https://registry.npmjs.org/isexe/-/isexe-2.0.0.tgz 0ms (cache hit)
271 http cache is-windows@https://registry.npmjs.org/is-windows/-/is-windows-1.0.2.tgz 0ms (cache hit)
272 http cache is-weakref@https://registry.npmjs.org/is-weakref/-/is-weakref-1.0.2.tgz 0ms (cache hit)
273 http cache is-symbol@https://registry.npmjs.org/is-symbol/-/is-symbol-1.0.4.tgz 0ms (cache hit)
274 http cache is-string@https://registry.npmjs.org/is-string/-/is-string-1.0.7.tgz 0ms (cache hit)
275 http cache is-stream@https://registry.npmjs.org/is-stream/-/is-stream-1.1.0.tgz 0ms (cache hit)
276 http cache is-shared-array-buffer@https://registry.npmjs.org/is-shared-array-buffer/-/is-shared-array-buffer-1.0.3.tgz 0ms (cache hit)
277 http cache is-typed-array@https://registry.npmjs.org/is-typed-array/-/is-typed-array-1.1.13.tgz 0ms (cache hit)
278 http cache isarray@https://registry.npmjs.org/isarray/-/isarray-2.0.5.tgz 0ms (cache hit)
279 http cache is-plain-object@https://registry.npmjs.org/is-plain-object/-/is-plain-object-2.0.4.tgz 0ms (cache hit)
280 http cache is-path-inside@https://registry.npmjs.org/is-path-inside/-/is-path-inside-2.1.0.tgz 0ms (cache hit)
281 http cache is-path-in-cwd@https://registry.npmjs.org/is-path-in-cwd/-/is-path-in-cwd-2.1.0.tgz 0ms (cache hit)
282 http cache is-path-cwd@https://registry.npmjs.org/is-path-cwd/-/is-path-cwd-2.2.0.tgz 0ms (cache hit)
283 http cache is-number@https://registry.npmjs.org/is-number/-/is-number-7.0.0.tgz 0ms (cache hit)
284 http cache is-number-object@https://registry.npmjs.org/is-number-object/-/is-number-object-1.0.7.tgz 0ms (cache hit)
285 http cache is-regex@https://registry.npmjs.org/is-regex/-/is-regex-1.1.4.tgz 0ms (cache hit)
286 http cache is-extglob@https://registry.npmjs.org/is-extglob/-/is-extglob-2.1.1.tgz 0ms (cache hit)
287 http cache is-glob@https://registry.npmjs.org/is-glob/-/is-glob-4.0.3.tgz 0ms (cache hit)
288 http cache is-extendable@https://registry.npmjs.org/is-extendable/-/is-extendable-1.0.1.tgz 0ms (cache hit)
289 http cache is-negative-zero@https://registry.npmjs.org/is-negative-zero/-/is-negative-zero-2.0.3.tgz 0ms (cache hit)
290 http cache is-descriptor@https://registry.npmjs.org/is-descriptor/-/is-descriptor-1.0.3.tgz 0ms (cache hit)
291 http cache is-data-view@https://registry.npmjs.org/is-data-view/-/is-data-view-1.0.1.tgz 0ms (cache hit)
292 http cache is-data-descriptor@https://registry.npmjs.org/is-data-descriptor/-/is-data-descriptor-1.0.1.tgz 0ms (cache hit)
293 http cache is-callable@https://registry.npmjs.org/is-callable/-/is-callable-1.2.7.tgz 0ms (cache hit)
294 http cache is-core-module@https://registry.npmjs.org/is-core-module/-/is-core-module-2.15.1.tgz 0ms (cache hit)
295 http cache is-boolean-object@https://registry.npmjs.org/is-boolean-object/-/is-boolean-object-1.1.2.tgz 0ms (cache hit)
296 http cache is-date-object@https://registry.npmjs.org/is-date-object/-/is-date-object-1.0.5.tgz 0ms (cache hit)
297 http cache is-buffer@https://registry.npmjs.org/is-buffer/-/is-buffer-1.1.6.tgz 0ms (cache hit)
298 http cache is-binary-path@https://registry.npmjs.org/is-binary-path/-/is-binary-path-1.0.1.tgz 0ms (cache hit)
299 http cache is-bigint@https://registry.npmjs.org/is-bigint/-/is-bigint-1.0.4.tgz 0ms (cache hit)
300 http cache is-fullwidth-code-point@https://registry.npmjs.org/is-fullwidth-code-point/-/is-fullwidth-code-point-2.0.0.tgz 0ms (cache hit)
301 http cache is-array-buffer@https://registry.npmjs.org/is-array-buffer/-/is-array-buffer-3.0.4.tgz 0ms (cache hit)
302 http cache is-accessor-descriptor@https://registry.npmjs.org/is-accessor-descriptor/-/is-accessor-descriptor-1.0.1.tgz 0ms (cache hit)
303 http cache ipaddr.js@https://registry.npmjs.org/ipaddr.js/-/ipaddr.js-1.9.1.tgz 0ms (cache hit)
304 http cache ip-regex@https://registry.npmjs.org/ip-regex/-/ip-regex-2.1.0.tgz 0ms (cache hit)
305 http cache is-absolute-url@https://registry.npmjs.org/is-absolute-url/-/is-absolute-url-3.0.3.tgz 0ms (cache hit)
306 http cache ip@https://registry.npmjs.org/ip/-/ip-1.1.9.tgz 0ms (cache hit)
307 http cache internal-slot@https://registry.npmjs.org/internal-slot/-/internal-slot-1.0.7.tgz 0ms (cache hit)
308 http cache internal-ip@https://registry.npmjs.org/internal-ip/-/internal-ip-4.3.0.tgz 0ms (cache hit)
309 http cache interpret@https://registry.npmjs.org/interpret/-/interpret-2.2.0.tgz 0ms (cache hit)
310 http cache import-local@https://registry.npmjs.org/import-local/-/import-local-3.2.0.tgz 0ms (cache hit)
311 http cache inflight@https://registry.npmjs.org/inflight/-/inflight-1.0.6.tgz 0ms (cache hit)
312 http cache immutable@https://registry.npmjs.org/immutable/-/immutable-4.3.7.tgz 0ms (cache hit)
313 http cache inherits@https://registry.npmjs.org/inherits/-/inherits-2.0.4.tgz 0ms (cache hit)
314 http cache icss-utils@https://registry.npmjs.org/icss-utils/-/icss-utils-5.1.0.tgz 0ms (cache hit)
315 http cache iconv-lite@https://registry.npmjs.org/iconv-lite/-/iconv-lite-0.4.24.tgz 0ms (cache hit)
316 http cache http-proxy-middleware@https://registry.npmjs.org/http-proxy-middleware/-/http-proxy-middleware-0.19.1.tgz 0ms (cache hit)
317 http cache http-proxy@https://registry.npmjs.org/http-proxy/-/http-proxy-1.18.1.tgz 0ms (cache hit)
318 http cache http-errors@https://registry.npmjs.org/http-errors/-/http-errors-2.0.0.tgz 0ms (cache hit)
319 http cache http-parser-js@https://registry.npmjs.org/http-parser-js/-/http-parser-js-0.5.8.tgz 0ms (cache hit)
320 http cache htmlparser2@https://registry.npmjs.org/htmlparser2/-/htmlparser2-6.1.0.tgz 0ms (cache hit)
321 http cache html-minifier-terser@https://registry.npmjs.org/html-minifier-terser/-/html-minifier-terser-5.1.1.tgz 0ms (cache hit)
322 http cache html-entities@https://registry.npmjs.org/html-entities/-/html-entities-1.4.0.tgz 0ms (cache hit)
323 http cache hpack.js@https://registry.npmjs.org/hpack.js/-/hpack.js-2.1.6.tgz 0ms (cache hit)
324 http cache html-webpack-plugin@https://registry.npmjs.org/html-webpack-plugin/-/html-webpack-plugin-4.5.2.tgz 0ms (cache hit)
325 http cache he@https://registry.npmjs.org/he/-/he-1.2.0.tgz 0ms (cache hit)
326 http cache has-values@https://registry.npmjs.org/has-values/-/has-values-1.0.0.tgz 0ms (cache hit)
327 http cache hash-sum@https://registry.npmjs.org/hash-sum/-/hash-sum-2.0.0.tgz 0ms (cache hit)
328 http cache has-value@https://registry.npmjs.org/has-value/-/has-value-1.0.0.tgz 0ms (cache hit)
329 http cache has-tostringtag@https://registry.npmjs.org/has-tostringtag/-/has-tostringtag-1.0.2.tgz 0ms (cache hit)
330 http cache has-symbols@https://registry.npmjs.org/has-symbols/-/has-symbols-1.0.3.tgz 0ms (cache hit)
331 http cache has-proto@https://registry.npmjs.org/has-proto/-/has-proto-1.0.3.tgz 0ms (cache hit)
332 http cache is-arguments@https://registry.npmjs.org/is-arguments/-/is-arguments-1.1.1.tgz 0ms (cache hit)
333 http cache has-property-descriptors@https://registry.npmjs.org/has-property-descriptors/-/has-property-descriptors-1.0.2.tgz 0ms (cache hit)
334 http cache handle-thing@https://registry.npmjs.org/handle-thing/-/handle-thing-2.0.1.tgz 0ms (cache hit)
335 http cache graceful-fs@https://registry.npmjs.org/graceful-fs/-/graceful-fs-4.2.11.tgz 0ms (cache hit)
336 http cache has-bigints@https://registry.npmjs.org/has-bigints/-/has-bigints-1.0.2.tgz 0ms (cache hit)
337 http cache globby@https://registry.npmjs.org/globby/-/globby-6.1.0.tgz 0ms (cache hit)
338 http cache hasown@https://registry.npmjs.org/hasown/-/hasown-2.0.2.tgz 0ms (cache hit)
339 http cache glob-to-regexp@https://registry.npmjs.org/glob-to-regexp/-/glob-to-regexp-0.4.1.tgz 0ms (cache hit)
340 http cache glob-parent@https://registry.npmjs.org/glob-parent/-/glob-parent-3.1.0.tgz 0ms (cache hit)
341 http cache globals@https://registry.npmjs.org/globals/-/globals-11.12.0.tgz 0ms (cache hit)
342 http cache globalthis@https://registry.npmjs.org/globalthis/-/globalthis-1.0.4.tgz 0ms (cache hit)
343 http cache has-flag@https://registry.npmjs.org/has-flag/-/has-flag-3.0.0.tgz 0ms (cache hit)
344 http cache glob@https://registry.npmjs.org/glob/-/glob-7.2.3.tgz 0ms (cache hit)
345 http cache get-stream@https://registry.npmjs.org/get-stream/-/get-stream-4.1.0.tgz 0ms (cache hit)
346 http cache get-symbol-description@https://registry.npmjs.org/get-symbol-description/-/get-symbol-description-1.0.2.tgz 0ms (cache hit)
347 http cache get-intrinsic@https://registry.npmjs.org/get-intrinsic/-/get-intrinsic-1.2.4.tgz 0ms (cache hit)
348 http cache gensync@https://registry.npmjs.org/gensync/-/gensync-1.0.0-beta.2.tgz 0ms (cache hit)
349 http cache gopd@https://registry.npmjs.org/gopd/-/gopd-1.0.1.tgz 0ms (cache hit)
350 http cache get-caller-file@https://registry.npmjs.org/get-caller-file/-/get-caller-file-2.0.5.tgz 0ms (cache hit)
351 http cache get-value@https://registry.npmjs.org/get-value/-/get-value-2.0.6.tgz 0ms (cache hit)
352 http cache functions-have-names@https://registry.npmjs.org/functions-have-names/-/functions-have-names-1.2.3.tgz 0ms (cache hit)
353 http cache function-bind@https://registry.npmjs.org/function-bind/-/function-bind-1.1.2.tgz 0ms (cache hit)
354 http cache function.prototype.name@https://registry.npmjs.org/function.prototype.name/-/function.prototype.name-1.1.6.tgz 0ms (cache hit)
355 http cache fsevents@https://registry.npmjs.org/fsevents/-/fsevents-1.2.13.tgz 0ms (cache hit)
356 http cache fragment-cache@https://registry.npmjs.org/fragment-cache/-/fragment-cache-0.2.1.tgz 0ms (cache hit)
357 http cache forwarded@https://registry.npmjs.org/forwarded/-/forwarded-0.2.0.tgz 0ms (cache hit)
358 http cache fs.realpath@https://registry.npmjs.org/fs.realpath/-/fs.realpath-1.0.0.tgz 0ms (cache hit)
359 http cache for-in@https://registry.npmjs.org/for-in/-/for-in-1.0.2.tgz 0ms (cache hit)
360 http cache flat@https://registry.npmjs.org/flat/-/flat-5.0.2.tgz 0ms (cache hit)
361 http cache fresh@https://registry.npmjs.org/fresh/-/fresh-0.5.2.tgz 0ms (cache hit)
362 http cache follow-redirects@https://registry.npmjs.org/follow-redirects/-/follow-redirects-1.15.9.tgz 0ms (cache hit)
363 http cache find-up@https://registry.npmjs.org/find-up/-/find-up-4.1.0.tgz 0ms (cache hit)
364 http cache for-each@https://registry.npmjs.org/for-each/-/for-each-0.3.3.tgz 0ms (cache hit)
365 http cache finalhandler@https://registry.npmjs.org/finalhandler/-/finalhandler-1.3.1.tgz 0ms (cache hit)
366 http cache file-uri-to-path@https://registry.npmjs.org/file-uri-to-path/-/file-uri-to-path-1.0.0.tgz 0ms (cache hit)
367 http cache faye-websocket@https://registry.npmjs.org/faye-websocket/-/faye-websocket-0.11.4.tgz 0ms (cache hit)
368 http cache fill-range@https://registry.npmjs.org/fill-range/-/fill-range-7.1.1.tgz 0ms (cache hit)
369 http cache file-loader@https://registry.npmjs.org/file-loader/-/file-loader-6.2.0.tgz 0ms (cache hit)
370 http cache fastest-levenshtein@https://registry.npmjs.org/fastest-levenshtein/-/fastest-levenshtein-1.0.16.tgz 0ms (cache hit)
371 http cache fast-json-stable-stringify@https://registry.npmjs.org/fast-json-stable-stringify/-/fast-json-stable-stringify-2.1.0.tgz 0ms (cache hit)
372 http cache fast-deep-equal@https://registry.npmjs.org/fast-deep-equal/-/fast-deep-equal-3.1.3.tgz 0ms (cache hit)
373 http cache extglob@https://registry.npmjs.org/extglob/-/extglob-2.0.4.tgz 0ms (cache hit)
374 http cache expand-brackets@https://registry.npmjs.org/expand-brackets/-/expand-brackets-2.1.4.tgz 0ms (cache hit)
375 http cache find-cache-dir@https://registry.npmjs.org/find-cache-dir/-/find-cache-dir-3.3.2.tgz 0ms (cache hit)
376 http cache express@https://registry.npmjs.org/express/-/express-4.21.1.tgz 0ms (cache hit)
377 http cache execa@https://registry.npmjs.org/execa/-/execa-1.0.0.tgz 0ms (cache hit)
378 http cache events@https://registry.npmjs.org/events/-/events-3.3.0.tgz 0ms (cache hit)
379 http cache eventsource@https://registry.npmjs.org/eventsource/-/eventsource-2.0.2.tgz 0ms (cache hit)
380 http cache estree-walker@https://registry.npmjs.org/estree-walker/-/estree-walker-2.0.2.tgz 0ms (cache hit)
381 http cache esutils@https://registry.npmjs.org/esutils/-/esutils-2.0.3.tgz 0ms (cache hit)
382 http cache extend-shallow@https://registry.npmjs.org/extend-shallow/-/extend-shallow-3.0.2.tgz 0ms (cache hit)
383 http cache esrecurse@https://registry.npmjs.org/esrecurse/-/esrecurse-4.3.0.tgz 0ms (cache hit)
384 http cache estraverse@https://registry.npmjs.org/estraverse/-/estraverse-4.3.0.tgz 0ms (cache hit)
385 http cache eventemitter3@https://registry.npmjs.org/eventemitter3/-/eventemitter3-4.0.7.tgz 0ms (cache hit)
386 http cache eslint-scope@https://registry.npmjs.org/eslint-scope/-/eslint-scope-5.1.1.tgz 0ms (cache hit)
387 http cache etag@https://registry.npmjs.org/etag/-/etag-1.8.1.tgz 0ms (cache hit)
388 http cache escalade@https://registry.npmjs.org/escalade/-/escalade-3.2.0.tgz 0ms (cache hit)
389 http cache escape-html@https://registry.npmjs.org/escape-html/-/escape-html-1.0.3.tgz 0ms (cache hit)
390 http cache es-to-primitive@https://registry.npmjs.org/es-to-primitive/-/es-to-primitive-1.2.1.tgz 0ms (cache hit)
391 http cache es-set-tostringtag@https://registry.npmjs.org/es-set-tostringtag/-/es-set-tostringtag-2.0.3.tgz 0ms (cache hit)
392 http cache es-object-atoms@https://registry.npmjs.org/es-object-atoms/-/es-object-atoms-1.0.0.tgz 0ms (cache hit)
393 http cache escape-string-regexp@https://registry.npmjs.org/escape-string-regexp/-/escape-string-regexp-1.0.5.tgz 0ms (cache hit)
394 http cache es-module-lexer@https://registry.npmjs.org/es-module-lexer/-/es-module-lexer-1.5.4.tgz 0ms (cache hit)
395 http cache es-define-property@https://registry.npmjs.org/es-define-property/-/es-define-property-1.0.0.tgz 0ms (cache hit)
396 http cache es-errors@https://registry.npmjs.org/es-errors/-/es-errors-1.3.0.tgz 0ms (cache hit)
397 http cache es-array-method-boxes-properly@https://registry.npmjs.org/es-array-method-boxes-properly/-/es-array-method-boxes-properly-1.0.0.tgz 0ms (cache hit)
398 http cache errno@https://registry.npmjs.org/errno/-/errno-0.1.8.tgz 0ms (cache hit)
399 http cache envinfo@https://registry.npmjs.org/envinfo/-/envinfo-7.14.0.tgz 0ms (cache hit)
400 http cache http-deceiver@https://registry.npmjs.org/http-deceiver/-/http-deceiver-1.2.7.tgz 0ms (cache hit)
401 http cache entities@https://registry.npmjs.org/entities/-/entities-4.5.0.tgz 0ms (cache hit)
402 http cache es-abstract@https://registry.npmjs.org/es-abstract/-/es-abstract-1.23.3.tgz 0ms (cache hit)
403 http cache enhanced-resolve@https://registry.npmjs.org/enhanced-resolve/-/enhanced-resolve-5.17.1.tgz 0ms (cache hit)
404 http cache encodeurl@https://registry.npmjs.org/encodeurl/-/encodeurl-2.0.0.tgz 0ms (cache hit)
405 http cache emojis-list@https://registry.npmjs.org/emojis-list/-/emojis-list-3.0.0.tgz 0ms (cache hit)
406 http cache end-of-stream@https://registry.npmjs.org/end-of-stream/-/end-of-stream-1.4.4.tgz 0ms (cache hit)
407 http cache dot-case@https://registry.npmjs.org/dot-case/-/dot-case-3.0.4.tgz 0ms (cache hit)
408 http cache ee-first@https://registry.npmjs.org/ee-first/-/ee-first-1.1.1.tgz 0ms (cache hit)
409 http cache domutils@https://registry.npmjs.org/domutils/-/domutils-2.8.0.tgz 0ms (cache hit)
410 http cache dom-serializer@https://registry.npmjs.org/dom-serializer/-/dom-serializer-1.4.1.tgz 0ms (cache hit)
411 http cache domelementtype@https://registry.npmjs.org/domelementtype/-/domelementtype-2.3.0.tgz 0ms (cache hit)
412 http cache electron-to-chromium@https://registry.npmjs.org/electron-to-chromium/-/electron-to-chromium-1.5.39.tgz 0ms (cache hit)
413 http cache dom-converter@https://registry.npmjs.org/dom-converter/-/dom-converter-0.2.0.tgz 0ms (cache hit)
414 http cache dns-txt@https://registry.npmjs.org/dns-txt/-/dns-txt-2.0.2.tgz 0ms (cache hit)
415 http cache dns-packet@https://registry.npmjs.org/dns-packet/-/dns-packet-1.3.4.tgz 0ms (cache hit)
416 http cache dns-equal@https://registry.npmjs.org/dns-equal/-/dns-equal-1.0.0.tgz 0ms (cache hit)
417 http cache detect-libc@https://registry.npmjs.org/detect-libc/-/detect-libc-1.0.3.tgz 0ms (cache hit)
418 http cache detect-node@https://registry.npmjs.org/detect-node/-/detect-node-2.1.0.tgz 0ms (cache hit)
419 http cache del@https://registry.npmjs.org/del/-/del-4.1.1.tgz 0ms (cache hit)
420 http cache emoji-regex@https://registry.npmjs.org/emoji-regex/-/emoji-regex-7.0.3.tgz 0ms (cache hit)
421 http cache destroy@https://registry.npmjs.org/destroy/-/destroy-1.2.0.tgz 0ms (cache hit)
422 http cache depd@https://registry.npmjs.org/depd/-/depd-2.0.0.tgz 0ms (cache hit)
423 http cache define-data-property@https://registry.npmjs.org/define-data-property/-/define-data-property-1.1.4.tgz 0ms (cache hit)
424 http cache define-property@https://registry.npmjs.org/define-property/-/define-property-2.0.2.tgz 0ms (cache hit)
425 http cache default-gateway@https://registry.npmjs.org/default-gateway/-/default-gateway-4.2.0.tgz 0ms (cache hit)
426 http cache domhandler@https://registry.npmjs.org/domhandler/-/domhandler-4.3.1.tgz 0ms (cache hit)
427 http cache deep-equal@https://registry.npmjs.org/deep-equal/-/deep-equal-1.1.2.tgz 0ms (cache hit)
428 http cache decamelize@https://registry.npmjs.org/decamelize/-/decamelize-1.2.0.tgz 0ms (cache hit)
429 http cache decode-uri-component@https://registry.npmjs.org/decode-uri-component/-/decode-uri-component-0.2.2.tgz 0ms (cache hit)
430 http cache data-view-byte-length@https://registry.npmjs.org/data-view-byte-length/-/data-view-byte-length-1.0.1.tgz 0ms (cache hit)
431 http cache debug@https://registry.npmjs.org/debug/-/debug-4.3.7.tgz 0ms (cache hit)
432 http cache data-view-byte-offset@https://registry.npmjs.org/data-view-byte-offset/-/data-view-byte-offset-1.0.0.tgz 0ms (cache hit)
433 http cache data-view-buffer@https://registry.npmjs.org/data-view-buffer/-/data-view-buffer-1.0.1.tgz 0ms (cache hit)
434 http cache cssesc@https://registry.npmjs.org/cssesc/-/cssesc-3.0.0.tgz 0ms (cache hit)
435 http cache css-what@https://registry.npmjs.org/css-what/-/css-what-6.1.0.tgz 0ms (cache hit)
436 http cache css-loader@https://registry.npmjs.org/css-loader/-/css-loader-5.2.7.tgz 0ms (cache hit)
437 http cache css-select@https://registry.npmjs.org/css-select/-/css-select-4.3.0.tgz 0ms (cache hit)
438 http cache define-properties@https://registry.npmjs.org/define-properties/-/define-properties-1.2.1.tgz 0ms (cache hit)
439 http cache core-util-is@https://registry.npmjs.org/core-util-is/-/core-util-is-1.0.3.tgz 0ms (cache hit)
440 http cache core-js-compat@https://registry.npmjs.org/core-js-compat/-/core-js-compat-3.38.1.tgz 0ms (cache hit)
441 http cache cookie-signature@https://registry.npmjs.org/cookie-signature/-/cookie-signature-1.0.6.tgz 0ms (cache hit)
442 http cache copy-descriptor@https://registry.npmjs.org/copy-descriptor/-/copy-descriptor-0.1.1.tgz 0ms (cache hit)
443 http cache cookie@https://registry.npmjs.org/cookie/-/cookie-0.7.1.tgz 0ms (cache hit)
444 http cache cross-spawn@https://registry.npmjs.org/cross-spawn/-/cross-spawn-7.0.3.tgz 0ms (cache hit)
445 http cache connect-history-api-fallback@https://registry.npmjs.org/connect-history-api-fallback/-/connect-history-api-fallback-1.6.0.tgz 0ms (cache hit)
446 http cache content-disposition@https://registry.npmjs.org/content-disposition/-/content-disposition-0.5.4.tgz 0ms (cache hit)
447 http cache compression@https://registry.npmjs.org/compression/-/compression-1.7.4.tgz 0ms (cache hit)
448 http cache convert-source-map@https://registry.npmjs.org/convert-source-map/-/convert-source-map-2.0.0.tgz 0ms (cache hit)
449 http cache csstype@https://registry.npmjs.org/csstype/-/csstype-2.6.21.tgz 0ms (cache hit)
450 http cache compressible@https://registry.npmjs.org/compressible/-/compressible-2.0.18.tgz 0ms (cache hit)
451 http cache concat-map@https://registry.npmjs.org/concat-map/-/concat-map-0.0.1.tgz 0ms (cache hit)
452 http cache component-emitter@https://registry.npmjs.org/component-emitter/-/component-emitter-1.3.1.tgz 0ms (cache hit)
453 http cache commander@https://registry.npmjs.org/commander/-/commander-4.1.1.tgz 0ms (cache hit)
454 http cache content-type@https://registry.npmjs.org/content-type/-/content-type-1.0.5.tgz 0ms (cache hit)
455 http cache color-name@https://registry.npmjs.org/color-name/-/color-name-1.1.3.tgz 0ms (cache hit)
456 http cache colorette@https://registry.npmjs.org/colorette/-/colorette-2.0.20.tgz 0ms (cache hit)
457 http cache color-convert@https://registry.npmjs.org/color-convert/-/color-convert-1.9.3.tgz 0ms (cache hit)
458 http cache clone-deep@https://registry.npmjs.org/clone-deep/-/clone-deep-4.0.1.tgz 0ms (cache hit)
459 http cache collection-visit@https://registry.npmjs.org/collection-visit/-/collection-visit-1.0.0.tgz 0ms (cache hit)
460 http cache clean-css@https://registry.npmjs.org/clean-css/-/clean-css-4.2.4.tgz 0ms (cache hit)
461 http cache cliui@https://registry.npmjs.org/cliui/-/cliui-5.0.0.tgz 0ms (cache hit)
462 http cache commondir@https://registry.npmjs.org/commondir/-/commondir-1.0.1.tgz 0ms (cache hit)
463 http cache class-utils@https://registry.npmjs.org/class-utils/-/class-utils-0.3.6.tgz 0ms (cache hit)
464 http cache chokidar@https://registry.npmjs.org/chokidar/-/chokidar-4.0.1.tgz 0ms (cache hit)
465 http cache chart.js@https://registry.npmjs.org/chart.js/-/chart.js-3.7.1.tgz 0ms (cache hit)
466 http cache caniuse-lite@https://registry.npmjs.org/caniuse-lite/-/caniuse-lite-1.0.30001669.tgz 0ms (cache hit)
467 http cache camelcase@https://registry.npmjs.org/camelcase/-/camelcase-5.3.1.tgz 0ms (cache hit)
468 http cache cache-base@https://registry.npmjs.org/cache-base/-/cache-base-1.0.1.tgz 0ms (cache hit)
469 http cache buffer-indexof@https://registry.npmjs.org/buffer-indexof/-/buffer-indexof-1.1.1.tgz 0ms (cache hit)
470 http cache chalk@https://registry.npmjs.org/chalk/-/chalk-2.4.2.tgz 0ms (cache hit)
471 http cache bytes@https://registry.npmjs.org/bytes/-/bytes-3.0.0.tgz 0ms (cache hit)
472 http cache buffer-from@https://registry.npmjs.org/buffer-from/-/buffer-from-1.1.2.tgz 0ms (cache hit)
473 http cache camel-case@https://registry.npmjs.org/camel-case/-/camel-case-4.1.2.tgz 0ms (cache hit)
474 http cache browserslist@https://registry.npmjs.org/browserslist/-/browserslist-4.24.0.tgz 0ms (cache hit)
475 http cache braces@https://registry.npmjs.org/braces/-/braces-3.0.3.tgz 0ms (cache hit)
476 http cache brace-expansion@https://registry.npmjs.org/brace-expansion/-/brace-expansion-1.1.11.tgz 0ms (cache hit)
477 http cache bonjour@https://registry.npmjs.org/bonjour/-/bonjour-3.5.0.tgz 0ms (cache hit)
478 http cache body-parser@https://registry.npmjs.org/body-parser/-/body-parser-1.20.3.tgz 0ms (cache hit)
479 http cache bindings@https://registry.npmjs.org/bindings/-/bindings-1.5.0.tgz 0ms (cache hit)
480 http cache call-bind@https://registry.npmjs.org/call-bind/-/call-bind-1.0.7.tgz 0ms (cache hit)
481 http cache binary-extensions@https://registry.npmjs.org/binary-extensions/-/binary-extensions-1.13.1.tgz 0ms (cache hit)
482 http cache boolbase@https://registry.npmjs.org/boolbase/-/boolbase-1.0.0.tgz 0ms (cache hit)
483 http cache big.js@https://registry.npmjs.org/big.js/-/big.js-5.2.2.tgz 0ms (cache hit)
484 http cache balanced-match@https://registry.npmjs.org/balanced-match/-/balanced-match-1.0.2.tgz 0ms (cache hit)
485 http cache batch@https://registry.npmjs.org/batch/-/batch-0.6.1.tgz 0ms (cache hit)
486 http cache base@https://registry.npmjs.org/base/-/base-0.11.2.tgz 0ms (cache hit)
487 http cache babel-plugin-polyfill-regenerator@https://registry.npmjs.org/babel-plugin-polyfill-regenerator/-/babel-plugin-polyfill-regenerator-0.6.2.tgz 0ms (cache hit)
488 http cache babel-plugin-polyfill-corejs2@https://registry.npmjs.org/babel-plugin-polyfill-corejs2/-/babel-plugin-polyfill-corejs2-0.4.11.tgz 0ms (cache hit)
489 http cache babel-loader@https://registry.npmjs.org/babel-loader/-/babel-loader-8.4.1.tgz 0ms (cache hit)
490 http cache async-limiter@https://registry.npmjs.org/async-limiter/-/async-limiter-1.0.1.tgz 0ms (cache hit)
491 http cache babel-plugin-polyfill-corejs3@https://registry.npmjs.org/babel-plugin-polyfill-corejs3/-/babel-plugin-polyfill-corejs3-0.10.6.tgz 0ms (cache hit)
492 http cache available-typed-arrays@https://registry.npmjs.org/available-typed-arrays/-/available-typed-arrays-1.0.7.tgz 0ms (cache hit)
493 http cache arraybuffer.prototype.slice@https://registry.npmjs.org/arraybuffer.prototype.slice/-/arraybuffer.prototype.slice-1.0.3.tgz 0ms (cache hit)
494 http cache async@https://registry.npmjs.org/async/-/async-2.6.4.tgz 0ms (cache hit)
495 http cache array.prototype.reduce@https://registry.npmjs.org/array.prototype.reduce/-/array.prototype.reduce-1.0.7.tgz 0ms (cache hit)
496 http cache atob@https://registry.npmjs.org/atob/-/atob-2.1.2.tgz 0ms (cache hit)
497 http cache array-unique@https://registry.npmjs.org/array-unique/-/array-unique-0.3.2.tgz 0ms (cache hit)
498 http cache chrome-trace-event@https://registry.npmjs.org/chrome-trace-event/-/chrome-trace-event-1.0.4.tgz 0ms (cache hit)
499 http cache array-uniq@https://registry.npmjs.org/array-uniq/-/array-uniq-1.0.3.tgz 0ms (cache hit)
500 http cache array-union@https://registry.npmjs.org/array-union/-/array-union-1.0.2.tgz 0ms (cache hit)
501 http cache array-flatten@https://registry.npmjs.org/array-flatten/-/array-flatten-2.1.2.tgz 0ms (cache hit)
502 http cache arr-union@https://registry.npmjs.org/arr-union/-/arr-union-3.1.0.tgz 0ms (cache hit)
503 http cache array-buffer-byte-length@https://registry.npmjs.org/array-buffer-byte-length/-/array-buffer-byte-length-1.0.1.tgz 0ms (cache hit)
504 http cache arr-flatten@https://registry.npmjs.org/arr-flatten/-/arr-flatten-1.1.0.tgz 0ms (cache hit)
505 http cache async-each@https://registry.npmjs.org/async-each/-/async-each-1.0.6.tgz 0ms (cache hit)
506 http cache anymatch@https://registry.npmjs.org/anymatch/-/anymatch-3.1.3.tgz 0ms (cache hit)
507 http cache arr-diff@https://registry.npmjs.org/arr-diff/-/arr-diff-4.0.0.tgz 0ms (cache hit)
508 http cache ansi-styles@https://registry.npmjs.org/ansi-styles/-/ansi-styles-3.2.1.tgz 0ms (cache hit)
509 http cache ansi-regex@https://registry.npmjs.org/ansi-regex/-/ansi-regex-2.1.1.tgz 0ms (cache hit)
510 http cache ansi-html-community@https://registry.npmjs.org/ansi-html-community/-/ansi-html-community-0.0.8.tgz 0ms (cache hit)
511 http cache ansi-colors@https://registry.npmjs.org/ansi-colors/-/ansi-colors-3.2.4.tgz 0ms (cache hit)
512 http cache ajv-errors@https://registry.npmjs.org/ajv-errors/-/ajv-errors-1.0.1.tgz 0ms (cache hit)
513 http cache ajv@https://registry.npmjs.org/ajv/-/ajv-6.12.6.tgz 0ms (cache hit)
514 http cache assign-symbols@https://registry.npmjs.org/assign-symbols/-/assign-symbols-1.0.0.tgz 0ms (cache hit)
515 http cache acorn@https://registry.npmjs.org/acorn/-/acorn-8.13.0.tgz 0ms (cache hit)
516 http cache accepts@https://registry.npmjs.org/accepts/-/accepts-1.3.8.tgz 0ms (cache hit)
517 http cache @xtuc/long@https://registry.npmjs.org/@xtuc/long/-/long-4.2.2.tgz 0ms (cache hit)
518 http cache @xtuc/ieee754@https://registry.npmjs.org/@xtuc/ieee754/-/ieee754-1.2.0.tgz 0ms (cache hit)
519 http cache @webpack-cli/serve@https://registry.npmjs.org/@webpack-cli/serve/-/serve-1.7.0.tgz 0ms (cache hit)
520 http cache @webpack-cli/info@https://registry.npmjs.org/@webpack-cli/info/-/info-1.5.0.tgz 0ms (cache hit)
521 http cache @webpack-cli/configtest@https://registry.npmjs.org/@webpack-cli/configtest/-/configtest-1.2.0.tgz 0ms (cache hit)
522 http cache acorn-import-attributes@https://registry.npmjs.org/acorn-import-attributes/-/acorn-import-attributes-1.9.5.tgz 0ms (cache hit)
523 http cache @webassemblyjs/wast-printer@https://registry.npmjs.org/@webassemblyjs/wast-printer/-/wast-printer-1.12.1.tgz 0ms (cache hit)
524 http cache @webassemblyjs/wasm-parser@https://registry.npmjs.org/@webassemblyjs/wasm-parser/-/wasm-parser-1.12.1.tgz 0ms (cache hit)
525 http cache @webassemblyjs/wasm-opt@https://registry.npmjs.org/@webassemblyjs/wasm-opt/-/wasm-opt-1.12.1.tgz 0ms (cache hit)
526 http cache @webassemblyjs/wasm-edit@https://registry.npmjs.org/@webassemblyjs/wasm-edit/-/wasm-edit-1.12.1.tgz 0ms (cache hit)
527 http cache @webassemblyjs/utf8@https://registry.npmjs.org/@webassemblyjs/utf8/-/utf8-1.11.6.tgz 0ms (cache hit)
528 http cache @webassemblyjs/wasm-gen@https://registry.npmjs.org/@webassemblyjs/wasm-gen/-/wasm-gen-1.12.1.tgz 0ms (cache hit)
529 http cache ajv-keywords@https://registry.npmjs.org/ajv-keywords/-/ajv-keywords-3.5.2.tgz 0ms (cache hit)
530 http cache @webassemblyjs/leb128@https://registry.npmjs.org/@webassemblyjs/leb128/-/leb128-1.11.6.tgz 0ms (cache hit)
531 http cache @webassemblyjs/helper-api-error@https://registry.npmjs.org/@webassemblyjs/helper-api-error/-/helper-api-error-1.11.6.tgz 0ms (cache hit)
532 http cache @webassemblyjs/helper-numbers@https://registry.npmjs.org/@webassemblyjs/helper-numbers/-/helper-numbers-1.11.6.tgz 0ms (cache hit)
533 http cache @webassemblyjs/helper-wasm-section@https://registry.npmjs.org/@webassemblyjs/helper-wasm-section/-/helper-wasm-section-1.12.1.tgz 0ms (cache hit)
534 http cache @webassemblyjs/helper-wasm-bytecode@https://registry.npmjs.org/@webassemblyjs/helper-wasm-bytecode/-/helper-wasm-bytecode-1.11.6.tgz 0ms (cache hit)
535 http cache @webassemblyjs/ieee754@https://registry.npmjs.org/@webassemblyjs/ieee754/-/ieee754-1.11.6.tgz 0ms (cache hit)
536 http cache @webassemblyjs/floating-point-hex-parser@https://registry.npmjs.org/@webassemblyjs/floating-point-hex-parser/-/floating-point-hex-parser-1.11.6.tgz 0ms (cache hit)
537 http cache @webassemblyjs/ast@https://registry.npmjs.org/@webassemblyjs/ast/-/ast-1.12.1.tgz 0ms (cache hit)
538 http cache @vue/server-renderer@https://registry.npmjs.org/@vue/server-renderer/-/server-renderer-3.2.31.tgz 0ms (cache hit)
539 http cache @vue/shared@https://registry.npmjs.org/@vue/shared/-/shared-3.5.12.tgz 0ms (cache hit)
540 http cache @vue/runtime-dom@https://registry.npmjs.org/@vue/runtime-dom/-/runtime-dom-3.2.31.tgz 0ms (cache hit)
541 http cache @vue/runtime-core@https://registry.npmjs.org/@vue/runtime-core/-/runtime-core-3.2.31.tgz 0ms (cache hit)
542 http cache @vue/reactivity-transform@https://registry.npmjs.org/@vue/reactivity-transform/-/reactivity-transform-3.2.31.tgz 0ms (cache hit)
543 http cache @vue/compiler-ssr@https://registry.npmjs.org/@vue/compiler-ssr/-/compiler-ssr-3.5.12.tgz 0ms (cache hit)
544 http cache @vue/compiler-dom@https://registry.npmjs.org/@vue/compiler-dom/-/compiler-dom-3.5.12.tgz 0ms (cache hit)
545 http cache @vue/compiler-core@https://registry.npmjs.org/@vue/compiler-core/-/compiler-core-3.5.12.tgz 0ms (cache hit)
546 http cache @webassemblyjs/helper-buffer@https://registry.npmjs.org/@webassemblyjs/helper-buffer/-/helper-buffer-1.12.1.tgz 0ms (cache hit)
547 http cache @types/webpack-sources@https://registry.npmjs.org/@types/webpack-sources/-/webpack-sources-3.2.3.tgz 0ms (cache hit)
548 http cache @types/webpack@https://registry.npmjs.org/@types/webpack/-/webpack-4.41.39.tgz 0ms (cache hit)
549 http cache @vue/compiler-sfc@https://registry.npmjs.org/@vue/compiler-sfc/-/compiler-sfc-3.5.12.tgz 0ms (cache hit)
550 http cache @types/tapable@https://registry.npmjs.org/@types/tapable/-/tapable-1.0.12.tgz 0ms (cache hit)
551 http cache @types/source-list-map@https://registry.npmjs.org/@types/source-list-map/-/source-list-map-0.1.6.tgz 0ms (cache hit)
552 http cache @types/node@https://registry.npmjs.org/@types/node/-/node-22.7.5.tgz 0ms (cache hit)
553 http cache @types/json-schema@https://registry.npmjs.org/@types/json-schema/-/json-schema-7.0.15.tgz 0ms (cache hit)
554 http cache @types/minimatch@https://registry.npmjs.org/@types/minimatch/-/minimatch-5.1.2.tgz 0ms (cache hit)
555 http cache @types/html-minifier-terser@https://registry.npmjs.org/@types/html-minifier-terser/-/html-minifier-terser-5.1.2.tgz 0ms (cache hit)
556 http cache @types/glob@https://registry.npmjs.org/@types/glob/-/glob-7.2.0.tgz 0ms (cache hit)
557 http cache @types/estree@https://registry.npmjs.org/@types/estree/-/estree-1.0.6.tgz 0ms (cache hit)
558 http cache @types/uglify-js@https://registry.npmjs.org/@types/uglify-js/-/uglify-js-3.17.5.tgz 0ms (cache hit)
559 http cache @parcel/watcher-darwin-arm64@https://registry.npmjs.org/@parcel/watcher-darwin-arm64/-/watcher-darwin-arm64-2.4.1.tgz 0ms (cache hit)
560 http cache @parcel/watcher@https://registry.npmjs.org/@parcel/watcher/-/watcher-2.4.1.tgz 0ms (cache hit)
561 http cache @jridgewell/trace-mapping@https://registry.npmjs.org/@jridgewell/trace-mapping/-/trace-mapping-0.3.25.tgz 0ms (cache hit)
562 http cache @jridgewell/source-map@https://registry.npmjs.org/@jridgewell/source-map/-/source-map-0.3.6.tgz 0ms (cache hit)
563 http cache @jridgewell/set-array@https://registry.npmjs.org/@jridgewell/set-array/-/set-array-1.2.1.tgz 0ms (cache hit)
564 http cache @jridgewell/resolve-uri@https://registry.npmjs.org/@jridgewell/resolve-uri/-/resolve-uri-3.1.2.tgz 0ms (cache hit)
565 http cache @jridgewell/gen-mapping@https://registry.npmjs.org/@jridgewell/gen-mapping/-/gen-mapping-0.3.5.tgz 0ms (cache hit)
566 http cache @discoveryjs/json-ext@https://registry.npmjs.org/@discoveryjs/json-ext/-/json-ext-0.5.7.tgz 0ms (cache hit)
567 http cache @babel/types@https://registry.npmjs.org/@babel/types/-/types-7.25.8.tgz 0ms (cache hit)
568 http cache @jridgewell/sourcemap-codec@https://registry.npmjs.org/@jridgewell/sourcemap-codec/-/sourcemap-codec-1.5.0.tgz 0ms (cache hit)
569 http cache @babel/traverse@https://registry.npmjs.org/@babel/traverse/-/traverse-7.25.7.tgz 0ms (cache hit)
570 http cache @babel/template@https://registry.npmjs.org/@babel/template/-/template-7.25.7.tgz 0ms (cache hit)
571 http cache @babel/preset-modules@https://registry.npmjs.org/@babel/preset-modules/-/preset-modules-0.1.6-no-external-plugins.tgz 0ms (cache hit)
572 http cache @babel/preset-env@https://registry.npmjs.org/@babel/preset-env/-/preset-env-7.25.8.tgz 0ms (cache hit)
573 http cache @babel/plugin-transform-unicode-sets-regex@https://registry.npmjs.org/@babel/plugin-transform-unicode-sets-regex/-/plugin-transform-unicode-sets-regex-7.25.7.tgz 0ms (cache hit)
574 http cache @babel/plugin-transform-unicode-regex@https://registry.npmjs.org/@babel/plugin-transform-unicode-regex/-/plugin-transform-unicode-regex-7.25.7.tgz 0ms (cache hit)
575 http cache @babel/plugin-transform-unicode-property-regex@https://registry.npmjs.org/@babel/plugin-transform-unicode-property-regex/-/plugin-transform-unicode-property-regex-7.25.7.tgz 0ms (cache hit)
576 http cache @babel/plugin-transform-unicode-escapes@https://registry.npmjs.org/@babel/plugin-transform-unicode-escapes/-/plugin-transform-unicode-escapes-7.25.7.tgz 0ms (cache hit)
577 http cache @babel/plugin-transform-template-literals@https://registry.npmjs.org/@babel/plugin-transform-template-literals/-/plugin-transform-template-literals-7.25.7.tgz 0ms (cache hit)
578 http cache @babel/plugin-transform-sticky-regex@https://registry.npmjs.org/@babel/plugin-transform-sticky-regex/-/plugin-transform-sticky-regex-7.25.7.tgz 0ms (cache hit)
579 http cache @babel/plugin-transform-runtime@https://registry.npmjs.org/@babel/plugin-transform-runtime/-/plugin-transform-runtime-7.25.7.tgz 0ms (cache hit)
580 http cache @babel/plugin-transform-typeof-symbol@https://registry.npmjs.org/@babel/plugin-transform-typeof-symbol/-/plugin-transform-typeof-symbol-7.25.7.tgz 0ms (cache hit)
581 http cache @babel/plugin-transform-shorthand-properties@https://registry.npmjs.org/@babel/plugin-transform-shorthand-properties/-/plugin-transform-shorthand-properties-7.25.7.tgz 0ms (cache hit)
582 http cache @babel/plugin-transform-reserved-words@https://registry.npmjs.org/@babel/plugin-transform-reserved-words/-/plugin-transform-reserved-words-7.25.7.tgz 0ms (cache hit)
583 http cache @babel/plugin-transform-spread@https://registry.npmjs.org/@babel/plugin-transform-spread/-/plugin-transform-spread-7.25.7.tgz 0ms (cache hit)
584 http cache @babel/plugin-transform-regenerator@https://registry.npmjs.org/@babel/plugin-transform-regenerator/-/plugin-transform-regenerator-7.25.7.tgz 0ms (cache hit)
585 http cache @babel/plugin-transform-property-literals@https://registry.npmjs.org/@babel/plugin-transform-property-literals/-/plugin-transform-property-literals-7.25.7.tgz 0ms (cache hit)
586 http cache @babel/plugin-transform-private-property-in-object@https://registry.npmjs.org/@babel/plugin-transform-private-property-in-object/-/plugin-transform-private-property-in-object-7.25.8.tgz 0ms (cache hit)
587 http cache @babel/plugin-transform-private-methods@https://registry.npmjs.org/@babel/plugin-transform-private-methods/-/plugin-transform-private-methods-7.25.7.tgz 0ms (cache hit)
588 http cache @babel/plugin-transform-optional-chaining@https://registry.npmjs.org/@babel/plugin-transform-optional-chaining/-/plugin-transform-optional-chaining-7.25.8.tgz 0ms (cache hit)
589 http cache @babel/plugin-transform-parameters@https://registry.npmjs.org/@babel/plugin-transform-parameters/-/plugin-transform-parameters-7.25.7.tgz 0ms (cache hit)
590 http cache @babel/plugin-transform-optional-catch-binding@https://registry.npmjs.org/@babel/plugin-transform-optional-catch-binding/-/plugin-transform-optional-catch-binding-7.25.8.tgz 0ms (cache hit)
591 http cache @babel/plugin-transform-object-super@https://registry.npmjs.org/@babel/plugin-transform-object-super/-/plugin-transform-object-super-7.25.7.tgz 0ms (cache hit)
592 http cache @babel/plugin-transform-object-rest-spread@https://registry.npmjs.org/@babel/plugin-transform-object-rest-spread/-/plugin-transform-object-rest-spread-7.25.8.tgz 0ms (cache hit)
593 http cache @babel/plugin-transform-nullish-coalescing-operator@https://registry.npmjs.org/@babel/plugin-transform-nullish-coalescing-operator/-/plugin-transform-nullish-coalescing-operator-7.25.8.tgz 0ms (cache hit)
594 http cache @babel/plugin-transform-numeric-separator@https://registry.npmjs.org/@babel/plugin-transform-numeric-separator/-/plugin-transform-numeric-separator-7.25.8.tgz 0ms (cache hit)
595 http cache @babel/plugin-transform-new-target@https://registry.npmjs.org/@babel/plugin-transform-new-target/-/plugin-transform-new-target-7.25.7.tgz 0ms (cache hit)
596 http cache @babel/plugin-transform-modules-umd@https://registry.npmjs.org/@babel/plugin-transform-modules-umd/-/plugin-transform-modules-umd-7.25.7.tgz 0ms (cache hit)
597 http cache @babel/plugin-transform-modules-systemjs@https://registry.npmjs.org/@babel/plugin-transform-modules-systemjs/-/plugin-transform-modules-systemjs-7.25.7.tgz 0ms (cache hit)
598 http cache @babel/plugin-transform-modules-commonjs@https://registry.npmjs.org/@babel/plugin-transform-modules-commonjs/-/plugin-transform-modules-commonjs-7.25.7.tgz 0ms (cache hit)
599 http cache @babel/plugin-transform-modules-amd@https://registry.npmjs.org/@babel/plugin-transform-modules-amd/-/plugin-transform-modules-amd-7.25.7.tgz 0ms (cache hit)
600 http cache @babel/plugin-transform-named-capturing-groups-regex@https://registry.npmjs.org/@babel/plugin-transform-named-capturing-groups-regex/-/plugin-transform-named-capturing-groups-regex-7.25.7.tgz 0ms (cache hit)
601 http cache @babel/plugin-transform-member-expression-literals@https://registry.npmjs.org/@babel/plugin-transform-member-expression-literals/-/plugin-transform-member-expression-literals-7.25.7.tgz 0ms (cache hit)
602 http cache @babel/plugin-transform-literals@https://registry.npmjs.org/@babel/plugin-transform-literals/-/plugin-transform-literals-7.25.7.tgz 0ms (cache hit)
603 http cache @babel/plugin-transform-logical-assignment-operators@https://registry.npmjs.org/@babel/plugin-transform-logical-assignment-operators/-/plugin-transform-logical-assignment-operators-7.25.8.tgz 0ms (cache hit)
604 http cache @babel/plugin-transform-function-name@https://registry.npmjs.org/@babel/plugin-transform-function-name/-/plugin-transform-function-name-7.25.7.tgz 0ms (cache hit)
605 http cache @babel/plugin-transform-for-of@https://registry.npmjs.org/@babel/plugin-transform-for-of/-/plugin-transform-for-of-7.25.7.tgz 0ms (cache hit)
606 http cache @babel/plugin-transform-json-strings@https://registry.npmjs.org/@babel/plugin-transform-json-strings/-/plugin-transform-json-strings-7.25.8.tgz 0ms (cache hit)
607 http cache @babel/plugin-transform-export-namespace-from@https://registry.npmjs.org/@babel/plugin-transform-export-namespace-from/-/plugin-transform-export-namespace-from-7.25.8.tgz 0ms (cache hit)
608 http cache @babel/plugin-transform-exponentiation-operator@https://registry.npmjs.org/@babel/plugin-transform-exponentiation-operator/-/plugin-transform-exponentiation-operator-7.25.7.tgz 0ms (cache hit)
609 http cache @babel/plugin-transform-dynamic-import@https://registry.npmjs.org/@babel/plugin-transform-dynamic-import/-/plugin-transform-dynamic-import-7.25.8.tgz 0ms (cache hit)
610 http cache @babel/plugin-transform-duplicate-keys@https://registry.npmjs.org/@babel/plugin-transform-duplicate-keys/-/plugin-transform-duplicate-keys-7.25.7.tgz 0ms (cache hit)
611 http cache @babel/plugin-transform-duplicate-named-capturing-groups-regex@https://registry.npmjs.org/@babel/plugin-transform-duplicate-named-capturing-groups-regex/-/plugin-transform-duplicate-named-capturing-groups-regex-7.25.7.tgz 0ms (cache hit)
612 http cache @babel/plugin-transform-dotall-regex@https://registry.npmjs.org/@babel/plugin-transform-dotall-regex/-/plugin-transform-dotall-regex-7.25.7.tgz 0ms (cache hit)
613 http cache @babel/plugin-transform-destructuring@https://registry.npmjs.org/@babel/plugin-transform-destructuring/-/plugin-transform-destructuring-7.25.7.tgz 0ms (cache hit)
614 http cache @babel/plugin-transform-classes@https://registry.npmjs.org/@babel/plugin-transform-classes/-/plugin-transform-classes-7.25.7.tgz 0ms (cache hit)
615 http cache @babel/plugin-transform-class-properties@https://registry.npmjs.org/@babel/plugin-transform-class-properties/-/plugin-transform-class-properties-7.25.7.tgz 0ms (cache hit)
616 http cache @babel/plugin-transform-class-static-block@https://registry.npmjs.org/@babel/plugin-transform-class-static-block/-/plugin-transform-class-static-block-7.25.8.tgz 0ms (cache hit)
617 http cache @babel/plugin-transform-block-scoping@https://registry.npmjs.org/@babel/plugin-transform-block-scoping/-/plugin-transform-block-scoping-7.25.7.tgz 0ms (cache hit)
618 http cache @babel/plugin-transform-computed-properties@https://registry.npmjs.org/@babel/plugin-transform-computed-properties/-/plugin-transform-computed-properties-7.25.7.tgz 0ms (cache hit)
619 http cache @babel/plugin-transform-async-to-generator@https://registry.npmjs.org/@babel/plugin-transform-async-to-generator/-/plugin-transform-async-to-generator-7.25.7.tgz 0ms (cache hit)
620 http cache @babel/plugin-transform-block-scoped-functions@https://registry.npmjs.org/@babel/plugin-transform-block-scoped-functions/-/plugin-transform-block-scoped-functions-7.25.7.tgz 0ms (cache hit)
621 http cache @babel/plugin-transform-async-generator-functions@https://registry.npmjs.org/@babel/plugin-transform-async-generator-functions/-/plugin-transform-async-generator-functions-7.25.8.tgz 0ms (cache hit)
622 http cache @babel/plugin-transform-arrow-functions@https://registry.npmjs.org/@babel/plugin-transform-arrow-functions/-/plugin-transform-arrow-functions-7.25.7.tgz 0ms (cache hit)
623 http cache @babel/plugin-syntax-unicode-sets-regex@https://registry.npmjs.org/@babel/plugin-syntax-unicode-sets-regex/-/plugin-syntax-unicode-sets-regex-7.18.6.tgz 0ms (cache hit)
624 http cache @babel/plugin-syntax-import-attributes@https://registry.npmjs.org/@babel/plugin-syntax-import-attributes/-/plugin-syntax-import-attributes-7.25.7.tgz 0ms (cache hit)
625 http cache @babel/plugin-syntax-import-assertions@https://registry.npmjs.org/@babel/plugin-syntax-import-assertions/-/plugin-syntax-import-assertions-7.25.7.tgz 0ms (cache hit)
626 http cache @babel/plugin-proposal-private-property-in-object@https://registry.npmjs.org/@babel/plugin-proposal-private-property-in-object/-/plugin-proposal-private-property-in-object-7.21.0-placeholder-for-preset-env.2.tgz 0ms (cache hit)
627 http cache @babel/plugin-bugfix-v8-static-class-fields-redefine-readonly@https://registry.npmjs.org/@babel/plugin-bugfix-v8-static-class-fields-redefine-readonly/-/plugin-bugfix-v8-static-class-fields-redefine-readonly-7.25.7.tgz 0ms (cache hit)
628 http cache @babel/plugin-bugfix-v8-spread-parameters-in-optional-chaining@https://registry.npmjs.org/@babel/plugin-bugfix-v8-spread-parameters-in-optional-chaining/-/plugin-bugfix-v8-spread-parameters-in-optional-chaining-7.25.7.tgz 0ms (cache hit)
629 http cache @babel/plugin-bugfix-safari-id-destructuring-collision-in-function-expression@https://registry.npmjs.org/@babel/plugin-bugfix-safari-id-destructuring-collision-in-function-expression/-/plugin-bugfix-safari-id-destructuring-collision-in-function-expression-7.25.7.tgz 0ms (cache hit)
630 http cache @babel/plugin-bugfix-safari-class-field-initializer-scope@https://registry.npmjs.org/@babel/plugin-bugfix-safari-class-field-initializer-scope/-/plugin-bugfix-safari-class-field-initializer-scope-7.25.7.tgz 0ms (cache hit)
631 http cache @babel/parser@https://registry.npmjs.org/@babel/parser/-/parser-7.25.8.tgz 0ms (cache hit)
632 http cache @babel/plugin-bugfix-firefox-class-in-computed-class-key@https://registry.npmjs.org/@babel/plugin-bugfix-firefox-class-in-computed-class-key/-/plugin-bugfix-firefox-class-in-computed-class-key-7.25.7.tgz 0ms (cache hit)
633 http cache @babel/highlight@https://registry.npmjs.org/@babel/highlight/-/highlight-7.25.7.tgz 0ms (cache hit)
634 http cache @babel/helpers@https://registry.npmjs.org/@babel/helpers/-/helpers-7.25.7.tgz 0ms (cache hit)
635 http cache @babel/helper-validator-option@https://registry.npmjs.org/@babel/helper-validator-option/-/helper-validator-option-7.25.7.tgz 0ms (cache hit)
636 http cache @babel/helper-string-parser@https://registry.npmjs.org/@babel/helper-string-parser/-/helper-string-parser-7.25.7.tgz 0ms (cache hit)
637 http cache @babel/helper-validator-identifier@https://registry.npmjs.org/@babel/helper-validator-identifier/-/helper-validator-identifier-7.25.7.tgz 0ms (cache hit)
638 http cache @babel/helper-skip-transparent-expression-wrappers@https://registry.npmjs.org/@babel/helper-skip-transparent-expression-wrappers/-/helper-skip-transparent-expression-wrappers-7.25.7.tgz 0ms (cache hit)
639 http cache @babel/helper-remap-async-to-generator@https://registry.npmjs.org/@babel/helper-remap-async-to-generator/-/helper-remap-async-to-generator-7.25.7.tgz 0ms (cache hit)
640 http cache @babel/runtime@https://registry.npmjs.org/@babel/runtime/-/runtime-7.25.7.tgz 0ms (cache hit)
641 http cache @babel/helper-plugin-utils@https://registry.npmjs.org/@babel/helper-plugin-utils/-/helper-plugin-utils-7.25.7.tgz 0ms (cache hit)
642 http cache @babel/helper-replace-supers@https://registry.npmjs.org/@babel/helper-replace-supers/-/helper-replace-supers-7.25.7.tgz 0ms (cache hit)
643 http cache @babel/helper-simple-access@https://registry.npmjs.org/@babel/helper-simple-access/-/helper-simple-access-7.25.7.tgz 0ms (cache hit)
644 http cache @babel/helper-optimise-call-expression@https://registry.npmjs.org/@babel/helper-optimise-call-expression/-/helper-optimise-call-expression-7.25.7.tgz 0ms (cache hit)
645 http cache @babel/helper-module-transforms@https://registry.npmjs.org/@babel/helper-module-transforms/-/helper-module-transforms-7.25.7.tgz 0ms (cache hit)
646 http cache @babel/helper-module-imports@https://registry.npmjs.org/@babel/helper-module-imports/-/helper-module-imports-7.25.7.tgz 0ms (cache hit)
647 http cache @babel/helper-member-expression-to-functions@https://registry.npmjs.org/@babel/helper-member-expression-to-functions/-/helper-member-expression-to-functions-7.25.7.tgz 0ms (cache hit)
648 http cache @vue/reactivity@https://registry.npmjs.org/@vue/reactivity/-/reactivity-3.2.31.tgz 0ms (cache hit)
649 http cache @babel/helper-define-polyfill-provider@https://registry.npmjs.org/@babel/helper-define-polyfill-provider/-/helper-define-polyfill-provider-0.6.2.tgz 0ms (cache hit)
650 http cache @babel/helper-compilation-targets@https://registry.npmjs.org/@babel/helper-compilation-targets/-/helper-compilation-targets-7.25.7.tgz 0ms (cache hit)
651 http cache @babel/helper-create-class-features-plugin@https://registry.npmjs.org/@babel/helper-create-class-features-plugin/-/helper-create-class-features-plugin-7.25.7.tgz 0ms (cache hit)
652 http cache @babel/helper-annotate-as-pure@https://registry.npmjs.org/@babel/helper-annotate-as-pure/-/helper-annotate-as-pure-7.25.7.tgz 0ms (cache hit)
653 http cache @babel/helper-builder-binary-assignment-operator-visitor@https://registry.npmjs.org/@babel/helper-builder-binary-assignment-operator-visitor/-/helper-builder-binary-assignment-operator-visitor-7.25.7.tgz 0ms (cache hit)
654 http cache @babel/helper-create-regexp-features-plugin@https://registry.npmjs.org/@babel/helper-create-regexp-features-plugin/-/helper-create-regexp-features-plugin-7.25.7.tgz 0ms (cache hit)
655 http cache @babel/code-frame@https://registry.npmjs.org/@babel/code-frame/-/code-frame-7.25.7.tgz 0ms (cache hit)
656 http cache @babel/compat-data@https://registry.npmjs.org/@babel/compat-data/-/compat-data-7.25.8.tgz 0ms (cache hit)
657 http cache @babel/generator@https://registry.npmjs.org/@babel/generator/-/generator-7.25.7.tgz 0ms (cache hit)
658 http cache @babel/helper-wrap-function@https://registry.npmjs.org/@babel/helper-wrap-function/-/helper-wrap-function-7.25.7.tgz 0ms (cache hit)
659 http cache path-exists@https://registry.npmjs.org/path-exists/-/path-exists-3.0.0.tgz 0ms (cache hit)
660 http cache @ampproject/remapping@https://registry.npmjs.org/@ampproject/remapping/-/remapping-2.3.0.tgz 0ms (cache hit)
661 http cache find-up@https://registry.npmjs.org/find-up/-/find-up-3.0.0.tgz 0ms (cache hit)
662 http cache strip-ansi@https://registry.npmjs.org/strip-ansi/-/strip-ansi-5.2.0.tgz 0ms (cache hit)
663 http cache ansi-regex@https://registry.npmjs.org/ansi-regex/-/ansi-regex-4.1.1.tgz 0ms (cache hit)
664 http cache locate-path@https://registry.npmjs.org/locate-path/-/locate-path-3.0.0.tgz 0ms (cache hit)
665 http cache p-locate@https://registry.npmjs.org/p-locate/-/p-locate-3.0.0.tgz 0ms (cache hit)
666 http cache to-regex-range@https://registry.npmjs.org/to-regex-range/-/to-regex-range-2.1.1.tgz 0ms (cache hit)
667 http cache uuid@https://registry.npmjs.org/uuid/-/uuid-3.4.0.tgz 0ms (cache hit)
668 http cache string_decoder@https://registry.npmjs.org/string_decoder/-/string_decoder-1.1.1.tgz 0ms (cache hit)
669 http cache schema-utils@https://registry.npmjs.org/schema-utils/-/schema-utils-1.0.0.tgz 0ms (cache hit)
670 http cache @babel/core@https://registry.npmjs.org/@babel/core/-/core-7.25.8.tgz 0ms (cache hit)
671 http cache safe-buffer@https://registry.npmjs.org/safe-buffer/-/safe-buffer-5.1.2.tgz 0ms (cache hit)
672 http cache resolve-from@https://registry.npmjs.org/resolve-from/-/resolve-from-3.0.0.tgz 0ms (cache hit)
673 http cache resolve-cwd@https://registry.npmjs.org/resolve-cwd/-/resolve-cwd-2.0.0.tgz 0ms (cache hit)
674 http cache readdirp@https://registry.npmjs.org/readdirp/-/readdirp-2.2.1.tgz 0ms (cache hit)
675 http cache readable-stream@https://registry.npmjs.org/readable-stream/-/readable-stream-2.3.8.tgz 0ms (cache hit)
676 http cache pkg-dir@https://registry.npmjs.org/pkg-dir/-/pkg-dir-3.0.0.tgz 0ms (cache hit)
677 http cache path-exists@https://registry.npmjs.org/path-exists/-/path-exists-3.0.0.tgz 0ms (cache hit)
678 http cache supports-color@https://registry.npmjs.org/supports-color/-/supports-color-6.1.0.tgz 0ms (cache hit)
679 http cache micromatch@https://registry.npmjs.org/micromatch/-/micromatch-3.1.10.tgz 0ms (cache hit)
680 http cache p-locate@https://registry.npmjs.org/p-locate/-/p-locate-3.0.0.tgz 0ms (cache hit)
681 http cache isarray@https://registry.npmjs.org/isarray/-/isarray-1.0.0.tgz 0ms (cache hit)
682 http cache kind-of@https://registry.npmjs.org/kind-of/-/kind-of-3.2.2.tgz 0ms (cache hit)
683 http cache is-extendable@https://registry.npmjs.org/is-extendable/-/is-extendable-0.1.1.tgz 0ms (cache hit)
684 http cache locate-path@https://registry.npmjs.org/locate-path/-/locate-path-3.0.0.tgz 0ms (cache hit)
685 http cache find-up@https://registry.npmjs.org/find-up/-/find-up-3.0.0.tgz 0ms (cache hit)
686 http cache import-local@https://registry.npmjs.org/import-local/-/import-local-2.0.0.tgz 0ms (cache hit)
687 http cache chokidar@https://registry.npmjs.org/chokidar/-/chokidar-2.1.8.tgz 0ms (cache hit)
688 http cache extend-shallow@https://registry.npmjs.org/extend-shallow/-/extend-shallow-2.0.1.tgz 0ms (cache hit)
689 http cache is-number@https://registry.npmjs.org/is-number/-/is-number-3.0.0.tgz 0ms (cache hit)
690 http cache braces@https://registry.npmjs.org/braces/-/braces-2.3.2.tgz 0ms (cache hit)
691 http cache anymatch@https://registry.npmjs.org/anymatch/-/anymatch-2.0.0.tgz 0ms (cache hit)
692 http cache normalize-path@https://registry.npmjs.org/normalize-path/-/normalize-path-2.1.1.tgz 0ms (cache hit)
693 http cache extend-shallow@https://registry.npmjs.org/extend-shallow/-/extend-shallow-2.0.1.tgz 0ms (cache hit)
694 http cache mime@https://registry.npmjs.org/mime/-/mime-2.6.0.tgz 0ms (cache hit)
695 http cache fill-range@https://registry.npmjs.org/fill-range/-/fill-range-4.0.0.tgz 0ms (cache hit)
696 http cache commander@https://registry.npmjs.org/commander/-/commander-7.2.0.tgz 0ms (cache hit)
697 http cache schema-utils@https://registry.npmjs.org/schema-utils/-/schema-utils-3.3.0.tgz 0ms (cache hit)
698 http cache tapable@https://registry.npmjs.org/tapable/-/tapable-2.2.1.tgz 0ms (cache hit)
699 http cache supports-color@https://registry.npmjs.org/supports-color/-/supports-color-7.2.0.tgz 0ms (cache hit)
700 http cache loader-utils@https://registry.npmjs.org/loader-utils/-/loader-utils-1.4.2.tgz 0ms (cache hit)
701 http cache hash-sum@https://registry.npmjs.org/hash-sum/-/hash-sum-1.0.2.tgz 0ms (cache hit)
702 http cache has-flag@https://registry.npmjs.org/has-flag/-/has-flag-4.0.0.tgz 0ms (cache hit)
703 http cache json5@https://registry.npmjs.org/json5/-/json5-1.0.2.tgz 0ms (cache hit)
704 http cache color-name@https://registry.npmjs.org/color-name/-/color-name-1.1.4.tgz 0ms (cache hit)
705 http cache color-convert@https://registry.npmjs.org/color-convert/-/color-convert-2.0.1.tgz 0ms (cache hit)
706 http cache ansi-styles@https://registry.npmjs.org/ansi-styles/-/ansi-styles-4.3.0.tgz 0ms (cache hit)
707 http cache chalk@https://registry.npmjs.org/chalk/-/chalk-4.1.2.tgz 0ms (cache hit)
708 http cache magic-string@https://registry.npmjs.org/magic-string/-/magic-string-0.25.9.tgz 0ms (cache hit)
709 http cache @vue/compiler-ssr@https://registry.npmjs.org/@vue/compiler-ssr/-/compiler-ssr-3.2.31.tgz 0ms (cache hit)
710 http cache @vue/compiler-sfc@https://registry.npmjs.org/@vue/compiler-sfc/-/compiler-sfc-3.2.31.tgz 0ms (cache hit)
711 http cache @vue/compiler-core@https://registry.npmjs.org/@vue/compiler-core/-/compiler-core-3.2.31.tgz 0ms (cache hit)
712 http cache @vue/compiler-dom@https://registry.npmjs.org/@vue/compiler-dom/-/compiler-dom-3.2.31.tgz 0ms (cache hit)
713 http cache @vue/shared@https://registry.npmjs.org/@vue/shared/-/shared-3.2.31.tgz 0ms (cache hit)
714 http cache has-value@https://registry.npmjs.org/has-value/-/has-value-0.3.1.tgz 0ms (cache hit)
715 http cache isobject@https://registry.npmjs.org/isobject/-/isobject-2.1.0.tgz 0ms (cache hit)
716 http cache punycode@https://registry.npmjs.org/punycode/-/punycode-1.4.1.tgz 0ms (cache hit)
717 http cache is-extendable@https://registry.npmjs.org/is-extendable/-/is-extendable-0.1.1.tgz 0ms (cache hit)
718 http cache kind-of@https://registry.npmjs.org/kind-of/-/kind-of-3.2.2.tgz 0ms (cache hit)
719 http cache terser@https://registry.npmjs.org/terser/-/terser-5.36.0.tgz 0ms (cache hit)
720 http cache isarray@https://registry.npmjs.org/isarray/-/isarray-1.0.0.tgz 0ms (cache hit)
721 http cache schema-utils@https://registry.npmjs.org/schema-utils/-/schema-utils-3.3.0.tgz 0ms (cache hit)
722 http cache commander@https://registry.npmjs.org/commander/-/commander-2.20.3.tgz 0ms (cache hit)
723 http cache commander@https://registry.npmjs.org/commander/-/commander-2.20.3.tgz 0ms (cache hit)
724 http cache ansi-regex@https://registry.npmjs.org/ansi-regex/-/ansi-regex-4.1.1.tgz 0ms (cache hit)
725 http cache schema-utils@https://registry.npmjs.org/schema-utils/-/schema-utils-3.3.0.tgz 0ms (cache hit)
726 http cache strip-ansi@https://registry.npmjs.org/strip-ansi/-/strip-ansi-5.2.0.tgz 0ms (cache hit)
727 http cache define-property@https://registry.npmjs.org/define-property/-/define-property-0.2.5.tgz 0ms (cache hit)
728 http cache has-values@https://registry.npmjs.org/has-values/-/has-values-0.1.4.tgz 0ms (cache hit)
729 http cache kind-of@https://registry.npmjs.org/kind-of/-/kind-of-3.2.2.tgz 0ms (cache hit)
730 http cache is-descriptor@https://registry.npmjs.org/is-descriptor/-/is-descriptor-0.1.7.tgz 0ms (cache hit)
731 http cache source-map@https://registry.npmjs.org/source-map/-/source-map-0.5.7.tgz 0ms (cache hit)
732 http cache ms@https://registry.npmjs.org/ms/-/ms-2.0.0.tgz 0ms (cache hit)
733 http cache extend-shallow@https://registry.npmjs.org/extend-shallow/-/extend-shallow-2.0.1.tgz 0ms (cache hit)
734 http cache is-descriptor@https://registry.npmjs.org/is-descriptor/-/is-descriptor-0.1.7.tgz 0ms (cache hit)
735 http cache define-property@https://registry.npmjs.org/define-property/-/define-property-1.0.0.tgz 0ms (cache hit)
736 http cache is-extendable@https://registry.npmjs.org/is-extendable/-/is-extendable-0.1.1.tgz 0ms (cache hit)
737 http cache define-property@https://registry.npmjs.org/define-property/-/define-property-0.2.5.tgz 0ms (cache hit)
738 http cache debug@https://registry.npmjs.org/debug/-/debug-2.6.9.tgz 0ms (cache hit)
739 http cache is-extendable@https://registry.npmjs.org/is-extendable/-/is-extendable-0.1.1.tgz 0ms (cache hit)
740 http cache debug@https://registry.npmjs.org/debug/-/debug-3.2.7.tgz 0ms (cache hit)
741 http cache ms@https://registry.npmjs.org/ms/-/ms-2.0.0.tgz 0ms (cache hit)
742 http cache statuses@https://registry.npmjs.org/statuses/-/statuses-1.5.0.tgz 0ms (cache hit)
743 http cache setprototypeof@https://registry.npmjs.org/setprototypeof/-/setprototypeof-1.1.0.tgz 0ms (cache hit)
744 http cache extend-shallow@https://registry.npmjs.org/extend-shallow/-/extend-shallow-2.0.1.tgz 0ms (cache hit)
745 http cache inherits@https://registry.npmjs.org/inherits/-/inherits-2.0.3.tgz 0ms (cache hit)
746 http cache http-errors@https://registry.npmjs.org/http-errors/-/http-errors-1.6.3.tgz 0ms (cache hit)
747 http cache depd@https://registry.npmjs.org/depd/-/depd-1.1.2.tgz 0ms (cache hit)
748 http cache debug@https://registry.npmjs.org/debug/-/debug-2.6.9.tgz 0ms (cache hit)
749 http cache encodeurl@https://registry.npmjs.org/encodeurl/-/encodeurl-1.0.2.tgz 0ms (cache hit)
750 http cache ms@https://registry.npmjs.org/ms/-/ms-2.0.0.tgz 0ms (cache hit)
751 http cache debug@https://registry.npmjs.org/debug/-/debug-2.6.9.tgz 0ms (cache hit)
752 http cache bytes@https://registry.npmjs.org/bytes/-/bytes-3.1.2.tgz 0ms (cache hit)
753 http cache debug@https://registry.npmjs.org/debug/-/debug-3.2.7.tgz 0ms (cache hit)
754 http cache kind-of@https://registry.npmjs.org/kind-of/-/kind-of-3.2.2.tgz 0ms (cache hit)
755 http cache path-key@https://registry.npmjs.org/path-key/-/path-key-2.0.1.tgz 0ms (cache hit)
756 http cache define-property@https://registry.npmjs.org/define-property/-/define-property-0.2.5.tgz 0ms (cache hit)
757 http cache string_decoder@https://registry.npmjs.org/string_decoder/-/string_decoder-1.1.1.tgz 0ms (cache hit)
758 http cache readable-stream@https://registry.npmjs.org/readable-stream/-/readable-stream-2.3.8.tgz 0ms (cache hit)
759 http cache isarray@https://registry.npmjs.org/isarray/-/isarray-1.0.0.tgz 0ms (cache hit)
760 http cache is-descriptor@https://registry.npmjs.org/is-descriptor/-/is-descriptor-0.1.7.tgz 0ms (cache hit)
761 http cache supports-color@https://registry.npmjs.org/supports-color/-/supports-color-8.1.1.tgz 0ms (cache hit)
762 http cache has-flag@https://registry.npmjs.org/has-flag/-/has-flag-4.0.0.tgz 0ms (cache hit)
763 http cache to-regex-range@https://registry.npmjs.org/to-regex-range/-/to-regex-range-2.1.1.tgz 0ms (cache hit)
764 http cache is-number@https://registry.npmjs.org/is-number/-/is-number-3.0.0.tgz 0ms (cache hit)
765 http cache micromatch@https://registry.npmjs.org/micromatch/-/micromatch-3.1.10.tgz 0ms (cache hit)
766 http cache kind-of@https://registry.npmjs.org/kind-of/-/kind-of-3.2.2.tgz 0ms (cache hit)
767 http cache fill-range@https://registry.npmjs.org/fill-range/-/fill-range-4.0.0.tgz 0ms (cache hit)
768 http cache is-extendable@https://registry.npmjs.org/is-extendable/-/is-extendable-0.1.1.tgz 0ms (cache hit)
769 http cache extend-shallow@https://registry.npmjs.org/extend-shallow/-/extend-shallow-2.0.1.tgz 0ms (cache hit)
770 http cache extend-shallow@https://registry.npmjs.org/extend-shallow/-/extend-shallow-2.0.1.tgz 0ms (cache hit)
771 http cache entities@https://registry.npmjs.org/entities/-/entities-2.2.0.tgz 0ms (cache hit)
772 http cache braces@https://registry.npmjs.org/braces/-/braces-2.3.2.tgz 0ms (cache hit)
773 http cache loader-utils@https://registry.npmjs.org/loader-utils/-/loader-utils-1.4.2.tgz 0ms (cache hit)
774 http cache json5@https://registry.npmjs.org/json5/-/json5-1.0.2.tgz 0ms (cache hit)
775 http cache safe-buffer@https://registry.npmjs.org/safe-buffer/-/safe-buffer-5.1.2.tgz 0ms (cache hit)
776 http cache readable-stream@https://registry.npmjs.org/readable-stream/-/readable-stream-2.3.8.tgz 0ms (cache hit)
777 http cache isarray@https://registry.npmjs.org/isarray/-/isarray-1.0.0.tgz 0ms (cache hit)
778 http cache kind-of@https://registry.npmjs.org/kind-of/-/kind-of-4.0.0.tgz 0ms (cache hit)
779 http cache is-number@https://registry.npmjs.org/is-number/-/is-number-3.0.0.tgz 0ms (cache hit)
780 http cache kind-of@https://registry.npmjs.org/kind-of/-/kind-of-3.2.2.tgz 0ms (cache hit)
781 http cache pify@https://registry.npmjs.org/pify/-/pify-2.3.0.tgz 0ms (cache hit)
782 http cache string_decoder@https://registry.npmjs.org/string_decoder/-/string_decoder-1.1.1.tgz 0ms (cache hit)
783 http cache is-glob@https://registry.npmjs.org/is-glob/-/is-glob-3.1.0.tgz 0ms (cache hit)
784 http cache ms@https://registry.npmjs.org/ms/-/ms-2.0.0.tgz 0ms (cache hit)
785 http cache debug@https://registry.npmjs.org/debug/-/debug-2.6.9.tgz 0ms (cache hit)
786 http cache schema-utils@https://registry.npmjs.org/schema-utils/-/schema-utils-3.3.0.tgz 0ms (cache hit)
787 http cache extend-shallow@https://registry.npmjs.org/extend-shallow/-/extend-shallow-2.0.1.tgz 0ms (cache hit)
788 http cache is-extendable@https://registry.npmjs.org/is-extendable/-/is-extendable-0.1.1.tgz 0ms (cache hit)
789 http cache define-property@https://registry.npmjs.org/define-property/-/define-property-1.0.0.tgz 0ms (cache hit)
790 http cache array-flatten@https://registry.npmjs.org/array-flatten/-/array-flatten-1.1.1.tgz 0ms (cache hit)
791 http cache debug@https://registry.npmjs.org/debug/-/debug-2.6.9.tgz 0ms (cache hit)
792 http cache ms@https://registry.npmjs.org/ms/-/ms-2.0.0.tgz 0ms (cache hit)
793 http cache ms@https://registry.npmjs.org/ms/-/ms-2.0.0.tgz 0ms (cache hit)
794 http cache is-descriptor@https://registry.npmjs.org/is-descriptor/-/is-descriptor-0.1.7.tgz 0ms (cache hit)
795 http cache extend-shallow@https://registry.npmjs.org/extend-shallow/-/extend-shallow-2.0.1.tgz 0ms (cache hit)
796 http cache define-property@https://registry.npmjs.org/define-property/-/define-property-0.2.5.tgz 0ms (cache hit)
797 http cache debug@https://registry.npmjs.org/debug/-/debug-2.6.9.tgz 0ms (cache hit)
798 http cache is-extendable@https://registry.npmjs.org/is-extendable/-/is-extendable-0.1.1.tgz 0ms (cache hit)
799 http cache which@https://registry.npmjs.org/which/-/which-1.3.1.tgz 0ms (cache hit)
800 http cache shebang-regex@https://registry.npmjs.org/shebang-regex/-/shebang-regex-1.0.0.tgz 0ms (cache hit)
801 http cache shebang-command@https://registry.npmjs.org/shebang-command/-/shebang-command-1.2.0.tgz 0ms (cache hit)
802 http cache semver@https://registry.npmjs.org/semver/-/semver-5.7.2.tgz 0ms (cache hit)
803 http cache path-key@https://registry.npmjs.org/path-key/-/path-key-2.0.1.tgz 0ms (cache hit)
804 http cache cross-spawn@https://registry.npmjs.org/cross-spawn/-/cross-spawn-6.0.5.tgz 0ms (cache hit)
805 http cache estraverse@https://registry.npmjs.org/estraverse/-/estraverse-5.3.0.tgz 0ms (cache hit)
806 http cache tapable@https://registry.npmjs.org/tapable/-/tapable-2.2.1.tgz 0ms (cache hit)
807 http cache entities@https://registry.npmjs.org/entities/-/entities-2.2.0.tgz 0ms (cache hit)
808 http cache semver@https://registry.npmjs.org/semver/-/semver-7.6.3.tgz 0ms (cache hit)
809 http cache schema-utils@https://registry.npmjs.org/schema-utils/-/schema-utils-3.3.0.tgz 0ms (cache hit)
810 http cache safe-buffer@https://registry.npmjs.org/safe-buffer/-/safe-buffer-5.1.2.tgz 0ms (cache hit)
811 http cache debug@https://registry.npmjs.org/debug/-/debug-2.6.9.tgz 0ms (cache hit)
812 http cache ms@https://registry.npmjs.org/ms/-/ms-2.0.0.tgz 0ms (cache hit)
813 http cache ansi-regex@https://registry.npmjs.org/ansi-regex/-/ansi-regex-4.1.1.tgz 0ms (cache hit)
814 http cache define-property@https://registry.npmjs.org/define-property/-/define-property-0.2.5.tgz 0ms (cache hit)
815 http cache is-descriptor@https://registry.npmjs.org/is-descriptor/-/is-descriptor-0.1.7.tgz 0ms (cache hit)
816 http cache ms@https://registry.npmjs.org/ms/-/ms-2.0.0.tgz 0ms (cache hit)
817 http cache strip-ansi@https://registry.npmjs.org/strip-ansi/-/strip-ansi-5.2.0.tgz 0ms (cache hit)
818 http cache debug@https://registry.npmjs.org/debug/-/debug-2.6.9.tgz 0ms (cache hit)
819 http cache define-property@https://registry.npmjs.org/define-property/-/define-property-1.0.0.tgz 0ms (cache hit)
820 http cache bytes@https://registry.npmjs.org/bytes/-/bytes-3.1.2.tgz 0ms (cache hit)
821 http cache @vue/compiler-dom@https://registry.npmjs.org/@vue/compiler-dom/-/compiler-dom-3.2.31.tgz 0ms (cache hit)
822 http cache @vue/compiler-core@https://registry.npmjs.org/@vue/compiler-core/-/compiler-core-3.2.31.tgz 0ms (cache hit)
823 http cache @vue/compiler-ssr@https://registry.npmjs.org/@vue/compiler-ssr/-/compiler-ssr-3.2.31.tgz 0ms (cache hit)
824 http cache @vue/shared@https://registry.npmjs.org/@vue/shared/-/shared-3.2.31.tgz 0ms (cache hit)
825 http cache @vue/shared@https://registry.npmjs.org/@vue/shared/-/shared-3.2.31.tgz 0ms (cache hit)
826 http cache magic-string@https://registry.npmjs.org/magic-string/-/magic-string-0.25.9.tgz 0ms (cache hit)
827 http cache @vue/shared@https://registry.npmjs.org/@vue/shared/-/shared-3.2.31.tgz 0ms (cache hit)
828 http cache @vue/shared@https://registry.npmjs.org/@vue/shared/-/shared-3.2.31.tgz 0ms (cache hit)
829 http cache safe-buffer@https://registry.npmjs.org/safe-buffer/-/safe-buffer-5.1.2.tgz 0ms (cache hit)
830 http cache @vue/shared@https://registry.npmjs.org/@vue/shared/-/shared-3.2.31.tgz 0ms (cache hit)
831 silly tarball no local data for ws@https://registry.npmjs.org/ws/-/ws-6.2.3.tgz. Extracting by manifest.
832 silly tarball no local data for which-typed-array@https://registry.npmjs.org/which-typed-array/-/which-typed-array-1.1.15.tgz. Extracting by manifest.
833 http cache @vue/compiler-core@https://registry.npmjs.org/@vue/compiler-core/-/compiler-core-3.2.31.tgz 0ms (cache hit)
834 silly tarball no local data for webpack-merge@https://registry.npmjs.org/webpack-merge/-/webpack-merge-5.10.0.tgz. Extracting by manifest.
835 silly tarball no local data for webpack@https://registry.npmjs.org/webpack/-/webpack-5.95.0.tgz. Extracting by manifest.
836 silly tarball no local data for watchpack@https://registry.npmjs.org/watchpack/-/watchpack-2.4.2.tgz. Extracting by manifest.
837 silly tarball no local data for vue-style-loader@https://registry.npmjs.org/vue-style-loader/-/vue-style-loader-4.1.3.tgz. Extracting by manifest.
838 silly tarball no local data for vue@https://registry.npmjs.org/vue/-/vue-3.2.31.tgz. Extracting by manifest.
839 silly tarball no local data for vue-loader@https://registry.npmjs.org/vue-loader/-/vue-loader-16.8.3.tgz. Extracting by manifest.
840 http cache source-map@https://registry.npmjs.org/source-map/-/source-map-0.7.4.tgz 1ms (cache hit)
841 silly tarball no local data for url@https://registry.npmjs.org/url/-/url-0.11.4.tgz. Extracting by manifest.
842 silly tarball no local data for update-browserslist-db@https://registry.npmjs.org/update-browserslist-db/-/update-browserslist-db-1.1.1.tgz. Extracting by manifest.
843 silly tarball no local data for unicode-match-property-value-ecmascript@https://registry.npmjs.org/unicode-match-property-value-ecmascript/-/unicode-match-property-value-ecmascript-2.2.0.tgz. Extracting by manifest.
844 silly tarball no local data for unicode-canonical-property-names-ecmascript@https://registry.npmjs.org/unicode-canonical-property-names-ecmascript/-/unicode-canonical-property-names-ecmascript-2.0.1.tgz. Extracting by manifest.
845 silly tarball no local data for undici-types@https://registry.npmjs.org/undici-types/-/undici-types-6.19.8.tgz. Extracting by manifest.
846 silly tarball no local data for typed-array-length@https://registry.npmjs.org/typed-array-length/-/typed-array-length-1.0.6.tgz. Extracting by manifest.
847 silly tarball no local data for typed-array-byte-offset@https://registry.npmjs.org/typed-array-byte-offset/-/typed-array-byte-offset-1.0.2.tgz. Extracting by manifest.
848 silly tarball no local data for typed-array-buffer@https://registry.npmjs.org/typed-array-buffer/-/typed-array-buffer-1.0.2.tgz. Extracting by manifest.
849 silly tarball no local data for typed-array-byte-length@https://registry.npmjs.org/typed-array-byte-length/-/typed-array-byte-length-1.0.1.tgz. Extracting by manifest.
850 silly tarball no local data for tslib@https://registry.npmjs.org/tslib/-/tslib-2.8.0.tgz. Extracting by manifest.
851 silly tarball no local data for to-regex-range@https://registry.npmjs.org/to-regex-range/-/to-regex-range-5.0.1.tgz. Extracting by manifest.
852 silly tarball no local data for terser-webpack-plugin@https://registry.npmjs.org/terser-webpack-plugin/-/terser-webpack-plugin-5.3.10.tgz. Extracting by manifest.
853 silly tarball no local data for string.prototype.trimstart@https://registry.npmjs.org/string.prototype.trimstart/-/string.prototype.trimstart-1.0.8.tgz. Extracting by manifest.
854 silly tarball no local data for string.prototype.trimend@https://registry.npmjs.org/string.prototype.trimend/-/string.prototype.trimend-1.0.8.tgz. Extracting by manifest.
855 silly tarball no local data for string.prototype.trim@https://registry.npmjs.org/string.prototype.trim/-/string.prototype.trim-1.2.9.tgz. Extracting by manifest.
856 silly tarball no local data for string_decoder@https://registry.npmjs.org/string_decoder/-/string_decoder-1.3.0.tgz. Extracting by manifest.
857 silly tarball no local data for sourcemap-codec@https://registry.npmjs.org/sourcemap-codec/-/sourcemap-codec-1.4.8.tgz. Extracting by manifest.
858 silly tarball no local data for source-map-js@https://registry.npmjs.org/source-map-js/-/source-map-js-1.2.1.tgz. Extracting by manifest.
859 silly tarball no local data for side-channel@https://registry.npmjs.org/side-channel/-/side-channel-1.0.6.tgz. Extracting by manifest.
860 silly tarball no local data for set-function-name@https://registry.npmjs.org/set-function-name/-/set-function-name-2.0.2.tgz. Extracting by manifest.
861 silly tarball no local data for set-function-length@https://registry.npmjs.org/set-function-length/-/set-function-length-1.2.2.tgz. Extracting by manifest.
862 silly tarball no local data for serialize-javascript@https://registry.npmjs.org/serialize-javascript/-/serialize-javascript-6.0.2.tgz. Extracting by manifest.
863 silly tarball no local data for sass-loader@https://registry.npmjs.org/sass-loader/-/sass-loader-16.0.2.tgz. Extracting by manifest.
864 silly tarball no local data for send@https://registry.npmjs.org/send/-/send-0.19.0.tgz. Extracting by manifest.
865 silly tarball no local data for sass@https://registry.npmjs.org/sass/-/sass-1.79.5.tgz. Extracting by manifest.
866 silly tarball no local data for safe-regex-test@https://registry.npmjs.org/safe-regex-test/-/safe-regex-test-1.0.3.tgz. Extracting by manifest.
867 silly tarball no local data for semver@https://registry.npmjs.org/semver/-/semver-6.3.1.tgz. Extracting by manifest.
868 silly tarball no local data for safe-array-concat@https://registry.npmjs.org/safe-array-concat/-/safe-array-concat-1.1.2.tgz. Extracting by manifest.
869 silly tarball no local data for resolve@https://registry.npmjs.org/resolve/-/resolve-1.22.8.tgz. Extracting by manifest.
870 silly tarball no local data for regjsparser@https://registry.npmjs.org/regjsparser/-/regjsparser-0.11.1.tgz. Extracting by manifest.
871 silly tarball no local data for regjsgen@https://registry.npmjs.org/regjsgen/-/regjsgen-0.8.0.tgz. Extracting by manifest.
872 silly tarball no local data for regexpu-core@https://registry.npmjs.org/regexpu-core/-/regexpu-core-6.1.1.tgz. Extracting by manifest.
873 silly tarball no local data for regexp.prototype.flags@https://registry.npmjs.org/regexp.prototype.flags/-/regexp.prototype.flags-1.5.3.tgz. Extracting by manifest.
874 silly tarball no local data for regenerator-transform@https://registry.npmjs.org/regenerator-transform/-/regenerator-transform-0.15.2.tgz. Extracting by manifest.
875 silly tarball no local data for regenerator-runtime@https://registry.npmjs.org/regenerator-runtime/-/regenerator-runtime-0.14.1.tgz. Extracting by manifest.
876 silly tarball no local data for regenerate-unicode-properties@https://registry.npmjs.org/regenerate-unicode-properties/-/regenerate-unicode-properties-10.2.0.tgz. Extracting by manifest.
877 silly tarball no local data for readdirp@https://registry.npmjs.org/readdirp/-/readdirp-4.0.2.tgz. Extracting by manifest.
878 silly tarball no local data for qs@https://registry.npmjs.org/qs/-/qs-6.13.0.tgz. Extracting by manifest.
879 silly tarball no local data for raw-body@https://registry.npmjs.org/raw-body/-/raw-body-2.5.2.tgz. Extracting by manifest.
880 silly tarball no local data for punycode@https://registry.npmjs.org/punycode/-/punycode-2.3.1.tgz. Extracting by manifest.
881 silly tarball no local data for pump@https://registry.npmjs.org/pump/-/pump-3.0.2.tgz. Extracting by manifest.
882 silly tarball no local data for primeicons@https://registry.npmjs.org/primeicons/-/primeicons-5.0.0.tgz. Extracting by manifest.
883 silly tarball no local data for primevue@https://registry.npmjs.org/primevue/-/primevue-3.12.0.tgz. Extracting by manifest.
884 silly tarball no local data for primeflex@https://registry.npmjs.org/primeflex/-/primeflex-3.1.3.tgz. Extracting by manifest.
885 silly tarball no local data for postcss-selector-parser@https://registry.npmjs.org/postcss-selector-parser/-/postcss-selector-parser-6.1.2.tgz. Extracting by manifest.
886 silly tarball no local data for serve-static@https://registry.npmjs.org/serve-static/-/serve-static-1.16.2.tgz. Extracting by manifest.
887 silly tarball no local data for postcss-modules-scope@https://registry.npmjs.org/postcss-modules-scope/-/postcss-modules-scope-3.2.0.tgz. Extracting by manifest.
888 silly tarball no local data for postcss@https://registry.npmjs.org/postcss/-/postcss-8.4.47.tgz. Extracting by manifest.
889 silly tarball no local data for possible-typed-array-names@https://registry.npmjs.org/possible-typed-array-names/-/possible-typed-array-names-1.0.0.tgz. Extracting by manifest.
890 silly tarball no local data for postcss-modules-local-by-default@https://registry.npmjs.org/postcss-modules-local-by-default/-/postcss-modules-local-by-default-4.0.5.tgz. Extracting by manifest.
891 silly tarball no local data for postcss-modules-extract-imports@https://registry.npmjs.org/postcss-modules-extract-imports/-/postcss-modules-extract-imports-3.1.0.tgz. Extracting by manifest.
892 silly tarball no local data for picocolors@https://registry.npmjs.org/picocolors/-/picocolors-1.1.0.tgz. Extracting by manifest.
893 silly tarball no local data for path-to-regexp@https://registry.npmjs.org/path-to-regexp/-/path-to-regexp-0.1.10.tgz. Extracting by manifest.
894 silly tarball no local data for object.getownpropertydescriptors@https://registry.npmjs.org/object.getownpropertydescriptors/-/object.getownpropertydescriptors-2.1.8.tgz. Extracting by manifest.
895 silly tarball no local data for object-is@https://registry.npmjs.org/object-is/-/object-is-1.1.6.tgz. Extracting by manifest.
896 silly tarball no local data for object.assign@https://registry.npmjs.org/object.assign/-/object.assign-4.1.5.tgz. Extracting by manifest.
897 silly tarball no local data for object-inspect@https://registry.npmjs.org/object-inspect/-/object-inspect-1.13.2.tgz. Extracting by manifest.
898 silly tarball no local data for node-releases@https://registry.npmjs.org/node-releases/-/node-releases-2.0.18.tgz. Extracting by manifest.
899 silly tarball no local data for node-addon-api@https://registry.npmjs.org/node-addon-api/-/node-addon-api-7.1.1.tgz. Extracting by manifest.
900 silly tarball no local data for nanoid@https://registry.npmjs.org/nanoid/-/nanoid-3.3.7.tgz. Extracting by manifest.
901 silly tarball no local data for nan@https://registry.npmjs.org/nan/-/nan-2.22.0.tgz. Extracting by manifest.
902 silly tarball no local data for micromatch@https://registry.npmjs.org/micromatch/-/micromatch-4.0.8.tgz. Extracting by manifest.
903 silly tarball no local data for merge-descriptors@https://registry.npmjs.org/merge-descriptors/-/merge-descriptors-1.0.3.tgz. Extracting by manifest.
904 silly tarball no local data for magic-string@https://registry.npmjs.org/magic-string/-/magic-string-0.30.12.tgz. Extracting by manifest.
905 silly tarball no local data for loglevel@https://registry.npmjs.org/loglevel/-/loglevel-1.9.2.tgz. Extracting by manifest.
906 silly tarball no local data for jsesc@https://registry.npmjs.org/jsesc/-/jsesc-3.0.2.tgz. Extracting by manifest.
907 silly tarball no local data for is-shared-array-buffer@https://registry.npmjs.org/is-shared-array-buffer/-/is-shared-array-buffer-1.0.3.tgz. Extracting by manifest.
908 silly tarball no local data for is-typed-array@https://registry.npmjs.org/is-typed-array/-/is-typed-array-1.1.13.tgz. Extracting by manifest.
909 silly tarball no local data for is-number@https://registry.npmjs.org/is-number/-/is-number-7.0.0.tgz. Extracting by manifest.
910 silly tarball no local data for is-negative-zero@https://registry.npmjs.org/is-negative-zero/-/is-negative-zero-2.0.3.tgz. Extracting by manifest.
911 silly tarball no local data for is-descriptor@https://registry.npmjs.org/is-descriptor/-/is-descriptor-1.0.3.tgz. Extracting by manifest.
912 silly tarball no local data for is-data-view@https://registry.npmjs.org/is-data-view/-/is-data-view-1.0.1.tgz. Extracting by manifest.
913 silly tarball no local data for is-data-descriptor@https://registry.npmjs.org/is-data-descriptor/-/is-data-descriptor-1.0.1.tgz. Extracting by manifest.
914 silly tarball no local data for is-core-module@https://registry.npmjs.org/is-core-module/-/is-core-module-2.15.1.tgz. Extracting by manifest.
915 silly tarball no local data for is-array-buffer@https://registry.npmjs.org/is-array-buffer/-/is-array-buffer-3.0.4.tgz. Extracting by manifest.
916 silly tarball no local data for is-accessor-descriptor@https://registry.npmjs.org/is-accessor-descriptor/-/is-accessor-descriptor-1.0.1.tgz. Extracting by manifest.
917 silly tarball no local data for ip@https://registry.npmjs.org/ip/-/ip-1.1.9.tgz. Extracting by manifest.
918 silly tarball no local data for internal-slot@https://registry.npmjs.org/internal-slot/-/internal-slot-1.0.7.tgz. Extracting by manifest.
919 silly tarball no local data for import-local@https://registry.npmjs.org/import-local/-/import-local-3.2.0.tgz. Extracting by manifest.
920 silly tarball no local data for immutable@https://registry.npmjs.org/immutable/-/immutable-4.3.7.tgz. Extracting by manifest.
921 silly tarball no local data for hash-sum@https://registry.npmjs.org/hash-sum/-/hash-sum-2.0.0.tgz. Extracting by manifest.
922 silly tarball no local data for has-tostringtag@https://registry.npmjs.org/has-tostringtag/-/has-tostringtag-1.0.2.tgz. Extracting by manifest.
923 silly tarball no local data for has-proto@https://registry.npmjs.org/has-proto/-/has-proto-1.0.3.tgz. Extracting by manifest.
924 silly tarball no local data for has-property-descriptors@https://registry.npmjs.org/has-property-descriptors/-/has-property-descriptors-1.0.2.tgz. Extracting by manifest.
925 silly tarball no local data for hasown@https://registry.npmjs.org/hasown/-/hasown-2.0.2.tgz. Extracting by manifest.
926 silly tarball no local data for globalthis@https://registry.npmjs.org/globalthis/-/globalthis-1.0.4.tgz. Extracting by manifest.
927 silly tarball no local data for get-symbol-description@https://registry.npmjs.org/get-symbol-description/-/get-symbol-description-1.0.2.tgz. Extracting by manifest.
928 silly tarball no local data for get-intrinsic@https://registry.npmjs.org/get-intrinsic/-/get-intrinsic-1.2.4.tgz. Extracting by manifest.
929 silly tarball no local data for function-bind@https://registry.npmjs.org/function-bind/-/function-bind-1.1.2.tgz. Extracting by manifest.
930 silly tarball no local data for function.prototype.name@https://registry.npmjs.org/function.prototype.name/-/function.prototype.name-1.1.6.tgz. Extracting by manifest.
931 silly tarball no local data for flat@https://registry.npmjs.org/flat/-/flat-5.0.2.tgz. Extracting by manifest.
932 silly tarball no local data for follow-redirects@https://registry.npmjs.org/follow-redirects/-/follow-redirects-1.15.9.tgz. Extracting by manifest.
933 silly tarball no local data for finalhandler@https://registry.npmjs.org/finalhandler/-/finalhandler-1.3.1.tgz. Extracting by manifest.
934 silly tarball no local data for fill-range@https://registry.npmjs.org/fill-range/-/fill-range-7.1.1.tgz. Extracting by manifest.
935 silly tarball no local data for file-loader@https://registry.npmjs.org/file-loader/-/file-loader-6.2.0.tgz. Extracting by manifest.
936 silly tarball no local data for express@https://registry.npmjs.org/express/-/express-4.21.1.tgz. Extracting by manifest.
937 silly tarball no local data for estree-walker@https://registry.npmjs.org/estree-walker/-/estree-walker-2.0.2.tgz. Extracting by manifest.
938 silly tarball no local data for escalade@https://registry.npmjs.org/escalade/-/escalade-3.2.0.tgz. Extracting by manifest.
939 silly tarball no local data for es-set-tostringtag@https://registry.npmjs.org/es-set-tostringtag/-/es-set-tostringtag-2.0.3.tgz. Extracting by manifest.
940 silly tarball no local data for es-object-atoms@https://registry.npmjs.org/es-object-atoms/-/es-object-atoms-1.0.0.tgz. Extracting by manifest.
941 silly tarball no local data for es-module-lexer@https://registry.npmjs.org/es-module-lexer/-/es-module-lexer-1.5.4.tgz. Extracting by manifest.
942 silly tarball no local data for es-define-property@https://registry.npmjs.org/es-define-property/-/es-define-property-1.0.0.tgz. Extracting by manifest.
943 silly tarball no local data for es-errors@https://registry.npmjs.org/es-errors/-/es-errors-1.3.0.tgz. Extracting by manifest.
944 silly tarball no local data for envinfo@https://registry.npmjs.org/envinfo/-/envinfo-7.14.0.tgz. Extracting by manifest.
945 silly tarball no local data for entities@https://registry.npmjs.org/entities/-/entities-4.5.0.tgz. Extracting by manifest.
946 silly tarball no local data for es-abstract@https://registry.npmjs.org/es-abstract/-/es-abstract-1.23.3.tgz. Extracting by manifest.
947 silly tarball no local data for enhanced-resolve@https://registry.npmjs.org/enhanced-resolve/-/enhanced-resolve-5.17.1.tgz. Extracting by manifest.
948 silly tarball no local data for encodeurl@https://registry.npmjs.org/encodeurl/-/encodeurl-2.0.0.tgz. Extracting by manifest.
949 silly tarball no local data for electron-to-chromium@https://registry.npmjs.org/electron-to-chromium/-/electron-to-chromium-1.5.39.tgz. Extracting by manifest.
950 silly tarball no local data for detect-libc@https://registry.npmjs.org/detect-libc/-/detect-libc-1.0.3.tgz. Extracting by manifest.
951 silly tarball no local data for define-data-property@https://registry.npmjs.org/define-data-property/-/define-data-property-1.1.4.tgz. Extracting by manifest.
952 silly tarball no local data for deep-equal@https://registry.npmjs.org/deep-equal/-/deep-equal-1.1.2.tgz. Extracting by manifest.
953 silly tarball no local data for data-view-byte-length@https://registry.npmjs.org/data-view-byte-length/-/data-view-byte-length-1.0.1.tgz. Extracting by manifest.
954 silly tarball no local data for debug@https://registry.npmjs.org/debug/-/debug-4.3.7.tgz. Extracting by manifest.
955 silly tarball no local data for data-view-byte-offset@https://registry.npmjs.org/data-view-byte-offset/-/data-view-byte-offset-1.0.0.tgz. Extracting by manifest.
956 silly tarball no local data for data-view-buffer@https://registry.npmjs.org/data-view-buffer/-/data-view-buffer-1.0.1.tgz. Extracting by manifest.
957 silly tarball no local data for define-properties@https://registry.npmjs.org/define-properties/-/define-properties-1.2.1.tgz. Extracting by manifest.
958 silly tarball no local data for core-js-compat@https://registry.npmjs.org/core-js-compat/-/core-js-compat-3.38.1.tgz. Extracting by manifest.
959 silly tarball no local data for cookie@https://registry.npmjs.org/cookie/-/cookie-0.7.1.tgz. Extracting by manifest.
960 silly tarball no local data for convert-source-map@https://registry.npmjs.org/convert-source-map/-/convert-source-map-2.0.0.tgz. Extracting by manifest.
961 silly tarball no local data for component-emitter@https://registry.npmjs.org/component-emitter/-/component-emitter-1.3.1.tgz. Extracting by manifest.
962 silly tarball no local data for chokidar@https://registry.npmjs.org/chokidar/-/chokidar-4.0.1.tgz. Extracting by manifest.
963 silly tarball no local data for chart.js@https://registry.npmjs.org/chart.js/-/chart.js-3.7.1.tgz. Extracting by manifest.
964 silly tarball no local data for caniuse-lite@https://registry.npmjs.org/caniuse-lite/-/caniuse-lite-1.0.30001669.tgz. Extracting by manifest.
965 silly tarball no local data for browserslist@https://registry.npmjs.org/browserslist/-/browserslist-4.24.0.tgz. Extracting by manifest.
966 silly tarball no local data for braces@https://registry.npmjs.org/braces/-/braces-3.0.3.tgz. Extracting by manifest.
967 silly tarball no local data for body-parser@https://registry.npmjs.org/body-parser/-/body-parser-1.20.3.tgz. Extracting by manifest.
968 silly tarball no local data for call-bind@https://registry.npmjs.org/call-bind/-/call-bind-1.0.7.tgz. Extracting by manifest.
969 silly tarball no local data for babel-plugin-polyfill-regenerator@https://registry.npmjs.org/babel-plugin-polyfill-regenerator/-/babel-plugin-polyfill-regenerator-0.6.2.tgz. Extracting by manifest.
970 silly tarball no local data for babel-plugin-polyfill-corejs2@https://registry.npmjs.org/babel-plugin-polyfill-corejs2/-/babel-plugin-polyfill-corejs2-0.4.11.tgz. Extracting by manifest.
971 silly tarball no local data for babel-loader@https://registry.npmjs.org/babel-loader/-/babel-loader-8.4.1.tgz. Extracting by manifest.
972 silly tarball no local data for babel-plugin-polyfill-corejs3@https://registry.npmjs.org/babel-plugin-polyfill-corejs3/-/babel-plugin-polyfill-corejs3-0.10.6.tgz. Extracting by manifest.
973 silly tarball no local data for available-typed-arrays@https://registry.npmjs.org/available-typed-arrays/-/available-typed-arrays-1.0.7.tgz. Extracting by manifest.
974 silly tarball no local data for arraybuffer.prototype.slice@https://registry.npmjs.org/arraybuffer.prototype.slice/-/arraybuffer.prototype.slice-1.0.3.tgz. Extracting by manifest.
975 silly tarball no local data for array.prototype.reduce@https://registry.npmjs.org/array.prototype.reduce/-/array.prototype.reduce-1.0.7.tgz. Extracting by manifest.
976 silly tarball no local data for chrome-trace-event@https://registry.npmjs.org/chrome-trace-event/-/chrome-trace-event-1.0.4.tgz. Extracting by manifest.
977 silly tarball no local data for array-buffer-byte-length@https://registry.npmjs.org/array-buffer-byte-length/-/array-buffer-byte-length-1.0.1.tgz. Extracting by manifest.
978 silly tarball no local data for acorn@https://registry.npmjs.org/acorn/-/acorn-8.13.0.tgz. Extracting by manifest.
979 silly tarball no local data for acorn-import-attributes@https://registry.npmjs.org/acorn-import-attributes/-/acorn-import-attributes-1.9.5.tgz. Extracting by manifest.
980 silly tarball no local data for @webassemblyjs/wast-printer@https://registry.npmjs.org/@webassemblyjs/wast-printer/-/wast-printer-1.12.1.tgz. Extracting by manifest.
981 silly tarball no local data for @webassemblyjs/wasm-parser@https://registry.npmjs.org/@webassemblyjs/wasm-parser/-/wasm-parser-1.12.1.tgz. Extracting by manifest.
982 silly tarball no local data for @webassemblyjs/wasm-opt@https://registry.npmjs.org/@webassemblyjs/wasm-opt/-/wasm-opt-1.12.1.tgz. Extracting by manifest.
983 silly tarball no local data for @webassemblyjs/wasm-edit@https://registry.npmjs.org/@webassemblyjs/wasm-edit/-/wasm-edit-1.12.1.tgz. Extracting by manifest.
984 silly tarball no local data for @webassemblyjs/wasm-gen@https://registry.npmjs.org/@webassemblyjs/wasm-gen/-/wasm-gen-1.12.1.tgz. Extracting by manifest.
985 silly tarball no local data for @webassemblyjs/helper-wasm-section@https://registry.npmjs.org/@webassemblyjs/helper-wasm-section/-/helper-wasm-section-1.12.1.tgz. Extracting by manifest.
986 silly tarball no local data for @webassemblyjs/ast@https://registry.npmjs.org/@webassemblyjs/ast/-/ast-1.12.1.tgz. Extracting by manifest.
987 silly tarball no local data for @vue/server-renderer@https://registry.npmjs.org/@vue/server-renderer/-/server-renderer-3.2.31.tgz. Extracting by manifest.
988 silly tarball no local data for @vue/shared@https://registry.npmjs.org/@vue/shared/-/shared-3.5.12.tgz. Extracting by manifest.
989 silly tarball no local data for @vue/runtime-dom@https://registry.npmjs.org/@vue/runtime-dom/-/runtime-dom-3.2.31.tgz. Extracting by manifest.
990 silly tarball no local data for @vue/runtime-core@https://registry.npmjs.org/@vue/runtime-core/-/runtime-core-3.2.31.tgz. Extracting by manifest.
991 silly tarball no local data for @vue/reactivity-transform@https://registry.npmjs.org/@vue/reactivity-transform/-/reactivity-transform-3.2.31.tgz. Extracting by manifest.
992 silly tarball no local data for @vue/compiler-ssr@https://registry.npmjs.org/@vue/compiler-ssr/-/compiler-ssr-3.5.12.tgz. Extracting by manifest.
993 silly tarball no local data for @vue/compiler-dom@https://registry.npmjs.org/@vue/compiler-dom/-/compiler-dom-3.5.12.tgz. Extracting by manifest.
994 silly tarball no local data for @vue/compiler-core@https://registry.npmjs.org/@vue/compiler-core/-/compiler-core-3.5.12.tgz. Extracting by manifest.
995 silly tarball no local data for @webassemblyjs/helper-buffer@https://registry.npmjs.org/@webassemblyjs/helper-buffer/-/helper-buffer-1.12.1.tgz. Extracting by manifest.
996 silly tarball no local data for @types/webpack-sources@https://registry.npmjs.org/@types/webpack-sources/-/webpack-sources-3.2.3.tgz. Extracting by manifest.
997 silly tarball no local data for @types/webpack@https://registry.npmjs.org/@types/webpack/-/webpack-4.41.39.tgz. Extracting by manifest.
998 silly tarball no local data for @vue/compiler-sfc@https://registry.npmjs.org/@vue/compiler-sfc/-/compiler-sfc-3.5.12.tgz. Extracting by manifest.
999 silly tarball no local data for @types/tapable@https://registry.npmjs.org/@types/tapable/-/tapable-1.0.12.tgz. Extracting by manifest.
1000 silly tarball no local data for @types/source-list-map@https://registry.npmjs.org/@types/source-list-map/-/source-list-map-0.1.6.tgz. Extracting by manifest.
1001 silly tarball no local data for @types/node@https://registry.npmjs.org/@types/node/-/node-22.7.5.tgz. Extracting by manifest.
1002 silly tarball no local data for @types/json-schema@https://registry.npmjs.org/@types/json-schema/-/json-schema-7.0.15.tgz. Extracting by manifest.
1003 silly tarball no local data for @types/estree@https://registry.npmjs.org/@types/estree/-/estree-1.0.6.tgz. Extracting by manifest.
1004 silly tarball no local data for @types/uglify-js@https://registry.npmjs.org/@types/uglify-js/-/uglify-js-3.17.5.tgz. Extracting by manifest.
1005 silly tarball no local data for @parcel/watcher-darwin-arm64@https://registry.npmjs.org/@parcel/watcher-darwin-arm64/-/watcher-darwin-arm64-2.4.1.tgz. Extracting by manifest.
1006 silly tarball no local data for @parcel/watcher@https://registry.npmjs.org/@parcel/watcher/-/watcher-2.4.1.tgz. Extracting by manifest.
1007 silly tarball no local data for @jridgewell/trace-mapping@https://registry.npmjs.org/@jridgewell/trace-mapping/-/trace-mapping-0.3.25.tgz. Extracting by manifest.
1008 silly tarball no local data for @jridgewell/source-map@https://registry.npmjs.org/@jridgewell/source-map/-/source-map-0.3.6.tgz. Extracting by manifest.
1009 silly tarball no local data for @jridgewell/set-array@https://registry.npmjs.org/@jridgewell/set-array/-/set-array-1.2.1.tgz. Extracting by manifest.
1010 silly tarball no local data for @jridgewell/resolve-uri@https://registry.npmjs.org/@jridgewell/resolve-uri/-/resolve-uri-3.1.2.tgz. Extracting by manifest.
1011 silly tarball no local data for @jridgewell/gen-mapping@https://registry.npmjs.org/@jridgewell/gen-mapping/-/gen-mapping-0.3.5.tgz. Extracting by manifest.
1012 silly tarball no local data for @babel/types@https://registry.npmjs.org/@babel/types/-/types-7.25.8.tgz. Extracting by manifest.
1013 silly tarball no local data for @jridgewell/sourcemap-codec@https://registry.npmjs.org/@jridgewell/sourcemap-codec/-/sourcemap-codec-1.5.0.tgz. Extracting by manifest.
1014 silly tarball no local data for @babel/traverse@https://registry.npmjs.org/@babel/traverse/-/traverse-7.25.7.tgz. Extracting by manifest.
1015 silly tarball no local data for @babel/template@https://registry.npmjs.org/@babel/template/-/template-7.25.7.tgz. Extracting by manifest.
1016 silly tarball no local data for @babel/preset-modules@https://registry.npmjs.org/@babel/preset-modules/-/preset-modules-0.1.6-no-external-plugins.tgz. Extracting by manifest.
1017 silly tarball no local data for @babel/preset-env@https://registry.npmjs.org/@babel/preset-env/-/preset-env-7.25.8.tgz. Extracting by manifest.
1018 silly tarball no local data for @babel/plugin-transform-unicode-sets-regex@https://registry.npmjs.org/@babel/plugin-transform-unicode-sets-regex/-/plugin-transform-unicode-sets-regex-7.25.7.tgz. Extracting by manifest.
1019 silly tarball no local data for @babel/plugin-transform-unicode-regex@https://registry.npmjs.org/@babel/plugin-transform-unicode-regex/-/plugin-transform-unicode-regex-7.25.7.tgz. Extracting by manifest.
1020 silly tarball no local data for @babel/plugin-transform-unicode-property-regex@https://registry.npmjs.org/@babel/plugin-transform-unicode-property-regex/-/plugin-transform-unicode-property-regex-7.25.7.tgz. Extracting by manifest.
1021 silly tarball no local data for @babel/plugin-transform-unicode-escapes@https://registry.npmjs.org/@babel/plugin-transform-unicode-escapes/-/plugin-transform-unicode-escapes-7.25.7.tgz. Extracting by manifest.
1022 silly tarball no local data for @babel/plugin-transform-template-literals@https://registry.npmjs.org/@babel/plugin-transform-template-literals/-/plugin-transform-template-literals-7.25.7.tgz. Extracting by manifest.
1023 silly tarball no local data for @babel/plugin-transform-sticky-regex@https://registry.npmjs.org/@babel/plugin-transform-sticky-regex/-/plugin-transform-sticky-regex-7.25.7.tgz. Extracting by manifest.
1024 silly tarball no local data for @babel/plugin-transform-runtime@https://registry.npmjs.org/@babel/plugin-transform-runtime/-/plugin-transform-runtime-7.25.7.tgz. Extracting by manifest.
1025 silly tarball no local data for @babel/plugin-transform-typeof-symbol@https://registry.npmjs.org/@babel/plugin-transform-typeof-symbol/-/plugin-transform-typeof-symbol-7.25.7.tgz. Extracting by manifest.
1026 silly tarball no local data for @babel/plugin-transform-shorthand-properties@https://registry.npmjs.org/@babel/plugin-transform-shorthand-properties/-/plugin-transform-shorthand-properties-7.25.7.tgz. Extracting by manifest.
1027 silly tarball no local data for @babel/plugin-transform-reserved-words@https://registry.npmjs.org/@babel/plugin-transform-reserved-words/-/plugin-transform-reserved-words-7.25.7.tgz. Extracting by manifest.
1028 silly tarball no local data for @babel/plugin-transform-spread@https://registry.npmjs.org/@babel/plugin-transform-spread/-/plugin-transform-spread-7.25.7.tgz. Extracting by manifest.
1029 silly tarball no local data for @babel/plugin-transform-regenerator@https://registry.npmjs.org/@babel/plugin-transform-regenerator/-/plugin-transform-regenerator-7.25.7.tgz. Extracting by manifest.
1030 silly tarball no local data for @babel/plugin-transform-property-literals@https://registry.npmjs.org/@babel/plugin-transform-property-literals/-/plugin-transform-property-literals-7.25.7.tgz. Extracting by manifest.
1031 silly tarball no local data for @babel/plugin-transform-private-property-in-object@https://registry.npmjs.org/@babel/plugin-transform-private-property-in-object/-/plugin-transform-private-property-in-object-7.25.8.tgz. Extracting by manifest.
1032 silly tarball no local data for @babel/plugin-transform-private-methods@https://registry.npmjs.org/@babel/plugin-transform-private-methods/-/plugin-transform-private-methods-7.25.7.tgz. Extracting by manifest.
1033 silly tarball no local data for @babel/plugin-transform-optional-chaining@https://registry.npmjs.org/@babel/plugin-transform-optional-chaining/-/plugin-transform-optional-chaining-7.25.8.tgz. Extracting by manifest.
1034 silly tarball no local data for @babel/plugin-transform-parameters@https://registry.npmjs.org/@babel/plugin-transform-parameters/-/plugin-transform-parameters-7.25.7.tgz. Extracting by manifest.
1035 silly tarball no local data for @babel/plugin-transform-optional-catch-binding@https://registry.npmjs.org/@babel/plugin-transform-optional-catch-binding/-/plugin-transform-optional-catch-binding-7.25.8.tgz. Extracting by manifest.
1036 silly tarball no local data for @babel/plugin-transform-object-super@https://registry.npmjs.org/@babel/plugin-transform-object-super/-/plugin-transform-object-super-7.25.7.tgz. Extracting by manifest.
1037 silly tarball no local data for @babel/plugin-transform-object-rest-spread@https://registry.npmjs.org/@babel/plugin-transform-object-rest-spread/-/plugin-transform-object-rest-spread-7.25.8.tgz. Extracting by manifest.
1038 silly tarball no local data for @babel/plugin-transform-nullish-coalescing-operator@https://registry.npmjs.org/@babel/plugin-transform-nullish-coalescing-operator/-/plugin-transform-nullish-coalescing-operator-7.25.8.tgz. Extracting by manifest.
1039 silly tarball no local data for @babel/plugin-transform-numeric-separator@https://registry.npmjs.org/@babel/plugin-transform-numeric-separator/-/plugin-transform-numeric-separator-7.25.8.tgz. Extracting by manifest.
1040 silly tarball no local data for @babel/plugin-transform-new-target@https://registry.npmjs.org/@babel/plugin-transform-new-target/-/plugin-transform-new-target-7.25.7.tgz. Extracting by manifest.
1041 silly tarball no local data for @babel/plugin-transform-modules-umd@https://registry.npmjs.org/@babel/plugin-transform-modules-umd/-/plugin-transform-modules-umd-7.25.7.tgz. Extracting by manifest.
1042 silly tarball no local data for @babel/plugin-transform-modules-systemjs@https://registry.npmjs.org/@babel/plugin-transform-modules-systemjs/-/plugin-transform-modules-systemjs-7.25.7.tgz. Extracting by manifest.
1043 silly tarball no local data for @babel/plugin-transform-modules-commonjs@https://registry.npmjs.org/@babel/plugin-transform-modules-commonjs/-/plugin-transform-modules-commonjs-7.25.7.tgz. Extracting by manifest.
1044 silly tarball no local data for @babel/plugin-transform-modules-amd@https://registry.npmjs.org/@babel/plugin-transform-modules-amd/-/plugin-transform-modules-amd-7.25.7.tgz. Extracting by manifest.
1045 silly tarball no local data for @babel/plugin-transform-named-capturing-groups-regex@https://registry.npmjs.org/@babel/plugin-transform-named-capturing-groups-regex/-/plugin-transform-named-capturing-groups-regex-7.25.7.tgz. Extracting by manifest.
1046 silly tarball no local data for @babel/plugin-transform-member-expression-literals@https://registry.npmjs.org/@babel/plugin-transform-member-expression-literals/-/plugin-transform-member-expression-literals-7.25.7.tgz. Extracting by manifest.
1047 silly tarball no local data for @babel/plugin-transform-literals@https://registry.npmjs.org/@babel/plugin-transform-literals/-/plugin-transform-literals-7.25.7.tgz. Extracting by manifest.
1048 silly tarball no local data for @babel/plugin-transform-logical-assignment-operators@https://registry.npmjs.org/@babel/plugin-transform-logical-assignment-operators/-/plugin-transform-logical-assignment-operators-7.25.8.tgz. Extracting by manifest.
1049 silly tarball no local data for @babel/plugin-transform-function-name@https://registry.npmjs.org/@babel/plugin-transform-function-name/-/plugin-transform-function-name-7.25.7.tgz. Extracting by manifest.
1050 silly tarball no local data for @babel/plugin-transform-for-of@https://registry.npmjs.org/@babel/plugin-transform-for-of/-/plugin-transform-for-of-7.25.7.tgz. Extracting by manifest.
1051 silly tarball no local data for @babel/plugin-transform-json-strings@https://registry.npmjs.org/@babel/plugin-transform-json-strings/-/plugin-transform-json-strings-7.25.8.tgz. Extracting by manifest.
1052 silly tarball no local data for @babel/plugin-transform-export-namespace-from@https://registry.npmjs.org/@babel/plugin-transform-export-namespace-from/-/plugin-transform-export-namespace-from-7.25.8.tgz. Extracting by manifest.
1053 silly tarball no local data for @babel/plugin-transform-exponentiation-operator@https://registry.npmjs.org/@babel/plugin-transform-exponentiation-operator/-/plugin-transform-exponentiation-operator-7.25.7.tgz. Extracting by manifest.
1054 silly tarball no local data for @babel/plugin-transform-dynamic-import@https://registry.npmjs.org/@babel/plugin-transform-dynamic-import/-/plugin-transform-dynamic-import-7.25.8.tgz. Extracting by manifest.
1055 silly tarball no local data for @babel/plugin-transform-duplicate-keys@https://registry.npmjs.org/@babel/plugin-transform-duplicate-keys/-/plugin-transform-duplicate-keys-7.25.7.tgz. Extracting by manifest.
1056 silly tarball no local data for @babel/plugin-transform-duplicate-named-capturing-groups-regex@https://registry.npmjs.org/@babel/plugin-transform-duplicate-named-capturing-groups-regex/-/plugin-transform-duplicate-named-capturing-groups-regex-7.25.7.tgz. Extracting by manifest.
1057 silly tarball no local data for @babel/plugin-transform-dotall-regex@https://registry.npmjs.org/@babel/plugin-transform-dotall-regex/-/plugin-transform-dotall-regex-7.25.7.tgz. Extracting by manifest.
1058 silly tarball no local data for @babel/plugin-transform-destructuring@https://registry.npmjs.org/@babel/plugin-transform-destructuring/-/plugin-transform-destructuring-7.25.7.tgz. Extracting by manifest.
1059 silly tarball no local data for @babel/plugin-transform-classes@https://registry.npmjs.org/@babel/plugin-transform-classes/-/plugin-transform-classes-7.25.7.tgz. Extracting by manifest.
1060 silly tarball no local data for @babel/plugin-transform-class-properties@https://registry.npmjs.org/@babel/plugin-transform-class-properties/-/plugin-transform-class-properties-7.25.7.tgz. Extracting by manifest.
1061 silly tarball no local data for @babel/plugin-transform-class-static-block@https://registry.npmjs.org/@babel/plugin-transform-class-static-block/-/plugin-transform-class-static-block-7.25.8.tgz. Extracting by manifest.
1062 silly tarball no local data for @babel/plugin-transform-block-scoping@https://registry.npmjs.org/@babel/plugin-transform-block-scoping/-/plugin-transform-block-scoping-7.25.7.tgz. Extracting by manifest.
1063 silly tarball no local data for @babel/plugin-transform-computed-properties@https://registry.npmjs.org/@babel/plugin-transform-computed-properties/-/plugin-transform-computed-properties-7.25.7.tgz. Extracting by manifest.
1064 silly tarball no local data for @babel/plugin-transform-async-to-generator@https://registry.npmjs.org/@babel/plugin-transform-async-to-generator/-/plugin-transform-async-to-generator-7.25.7.tgz. Extracting by manifest.
1065 silly tarball no local data for @babel/plugin-transform-block-scoped-functions@https://registry.npmjs.org/@babel/plugin-transform-block-scoped-functions/-/plugin-transform-block-scoped-functions-7.25.7.tgz. Extracting by manifest.
1066 silly tarball no local data for @babel/plugin-transform-async-generator-functions@https://registry.npmjs.org/@babel/plugin-transform-async-generator-functions/-/plugin-transform-async-generator-functions-7.25.8.tgz. Extracting by manifest.
1067 silly tarball no local data for @babel/plugin-transform-arrow-functions@https://registry.npmjs.org/@babel/plugin-transform-arrow-functions/-/plugin-transform-arrow-functions-7.25.7.tgz. Extracting by manifest.
1068 silly tarball no local data for @babel/plugin-syntax-import-attributes@https://registry.npmjs.org/@babel/plugin-syntax-import-attributes/-/plugin-syntax-import-attributes-7.25.7.tgz. Extracting by manifest.
1069 silly tarball no local data for @babel/plugin-syntax-import-assertions@https://registry.npmjs.org/@babel/plugin-syntax-import-assertions/-/plugin-syntax-import-assertions-7.25.7.tgz. Extracting by manifest.
1070 silly tarball no local data for @babel/plugin-bugfix-v8-static-class-fields-redefine-readonly@https://registry.npmjs.org/@babel/plugin-bugfix-v8-static-class-fields-redefine-readonly/-/plugin-bugfix-v8-static-class-fields-redefine-readonly-7.25.7.tgz. Extracting by manifest.
1071 silly tarball no local data for @babel/plugin-bugfix-v8-spread-parameters-in-optional-chaining@https://registry.npmjs.org/@babel/plugin-bugfix-v8-spread-parameters-in-optional-chaining/-/plugin-bugfix-v8-spread-parameters-in-optional-chaining-7.25.7.tgz. Extracting by manifest.
1072 silly tarball no local data for @babel/plugin-bugfix-safari-id-destructuring-collision-in-function-expression@https://registry.npmjs.org/@babel/plugin-bugfix-safari-id-destructuring-collision-in-function-expression/-/plugin-bugfix-safari-id-destructuring-collision-in-function-expression-7.25.7.tgz. Extracting by manifest.
1073 silly tarball no local data for @babel/plugin-bugfix-safari-class-field-initializer-scope@https://registry.npmjs.org/@babel/plugin-bugfix-safari-class-field-initializer-scope/-/plugin-bugfix-safari-class-field-initializer-scope-7.25.7.tgz. Extracting by manifest.
1074 silly tarball no local data for @babel/parser@https://registry.npmjs.org/@babel/parser/-/parser-7.25.8.tgz. Extracting by manifest.
1075 silly tarball no local data for @babel/plugin-bugfix-firefox-class-in-computed-class-key@https://registry.npmjs.org/@babel/plugin-bugfix-firefox-class-in-computed-class-key/-/plugin-bugfix-firefox-class-in-computed-class-key-7.25.7.tgz. Extracting by manifest.
1076 silly tarball no local data for @babel/highlight@https://registry.npmjs.org/@babel/highlight/-/highlight-7.25.7.tgz. Extracting by manifest.
1077 silly tarball no local data for @babel/helpers@https://registry.npmjs.org/@babel/helpers/-/helpers-7.25.7.tgz. Extracting by manifest.
1078 silly tarball no local data for @babel/helper-validator-option@https://registry.npmjs.org/@babel/helper-validator-option/-/helper-validator-option-7.25.7.tgz. Extracting by manifest.
1079 silly tarball no local data for @babel/helper-string-parser@https://registry.npmjs.org/@babel/helper-string-parser/-/helper-string-parser-7.25.7.tgz. Extracting by manifest.
1080 silly tarball no local data for @babel/helper-validator-identifier@https://registry.npmjs.org/@babel/helper-validator-identifier/-/helper-validator-identifier-7.25.7.tgz. Extracting by manifest.
1081 silly tarball no local data for @babel/helper-skip-transparent-expression-wrappers@https://registry.npmjs.org/@babel/helper-skip-transparent-expression-wrappers/-/helper-skip-transparent-expression-wrappers-7.25.7.tgz. Extracting by manifest.
1082 silly tarball no local data for @babel/helper-remap-async-to-generator@https://registry.npmjs.org/@babel/helper-remap-async-to-generator/-/helper-remap-async-to-generator-7.25.7.tgz. Extracting by manifest.
1083 silly tarball no local data for @babel/runtime@https://registry.npmjs.org/@babel/runtime/-/runtime-7.25.7.tgz. Extracting by manifest.
1084 silly tarball no local data for @babel/helper-plugin-utils@https://registry.npmjs.org/@babel/helper-plugin-utils/-/helper-plugin-utils-7.25.7.tgz. Extracting by manifest.
1085 silly tarball no local data for @babel/helper-replace-supers@https://registry.npmjs.org/@babel/helper-replace-supers/-/helper-replace-supers-7.25.7.tgz. Extracting by manifest.
1086 silly tarball no local data for @babel/helper-simple-access@https://registry.npmjs.org/@babel/helper-simple-access/-/helper-simple-access-7.25.7.tgz. Extracting by manifest.
1087 silly tarball no local data for @babel/helper-optimise-call-expression@https://registry.npmjs.org/@babel/helper-optimise-call-expression/-/helper-optimise-call-expression-7.25.7.tgz. Extracting by manifest.
1088 silly tarball no local data for @babel/helper-module-transforms@https://registry.npmjs.org/@babel/helper-module-transforms/-/helper-module-transforms-7.25.7.tgz. Extracting by manifest.
1089 silly tarball no local data for @babel/helper-module-imports@https://registry.npmjs.org/@babel/helper-module-imports/-/helper-module-imports-7.25.7.tgz. Extracting by manifest.
1090 silly tarball no local data for @babel/helper-member-expression-to-functions@https://registry.npmjs.org/@babel/helper-member-expression-to-functions/-/helper-member-expression-to-functions-7.25.7.tgz. Extracting by manifest.
1091 silly tarball no local data for @vue/reactivity@https://registry.npmjs.org/@vue/reactivity/-/reactivity-3.2.31.tgz. Extracting by manifest.
1092 silly tarball no local data for @babel/helper-define-polyfill-provider@https://registry.npmjs.org/@babel/helper-define-polyfill-provider/-/helper-define-polyfill-provider-0.6.2.tgz. Extracting by manifest.
1093 silly tarball no local data for @babel/helper-compilation-targets@https://registry.npmjs.org/@babel/helper-compilation-targets/-/helper-compilation-targets-7.25.7.tgz. Extracting by manifest.
1094 silly tarball no local data for @babel/helper-create-class-features-plugin@https://registry.npmjs.org/@babel/helper-create-class-features-plugin/-/helper-create-class-features-plugin-7.25.7.tgz. Extracting by manifest.
1095 silly tarball no local data for @babel/helper-annotate-as-pure@https://registry.npmjs.org/@babel/helper-annotate-as-pure/-/helper-annotate-as-pure-7.25.7.tgz. Extracting by manifest.
1096 silly tarball no local data for @babel/helper-builder-binary-assignment-operator-visitor@https://registry.npmjs.org/@babel/helper-builder-binary-assignment-operator-visitor/-/helper-builder-binary-assignment-operator-visitor-7.25.7.tgz. Extracting by manifest.
1097 silly tarball no local data for @babel/helper-create-regexp-features-plugin@https://registry.npmjs.org/@babel/helper-create-regexp-features-plugin/-/helper-create-regexp-features-plugin-7.25.7.tgz. Extracting by manifest.
1098 silly tarball no local data for @babel/code-frame@https://registry.npmjs.org/@babel/code-frame/-/code-frame-7.25.7.tgz. Extracting by manifest.
1099 silly tarball no local data for @babel/compat-data@https://registry.npmjs.org/@babel/compat-data/-/compat-data-7.25.8.tgz. Extracting by manifest.
1100 silly tarball no local data for @babel/generator@https://registry.npmjs.org/@babel/generator/-/generator-7.25.7.tgz. Extracting by manifest.
1101 silly tarball no local data for @babel/helper-wrap-function@https://registry.npmjs.org/@babel/helper-wrap-function/-/helper-wrap-function-7.25.7.tgz. Extracting by manifest.
1102 silly tarball no local data for @ampproject/remapping@https://registry.npmjs.org/@ampproject/remapping/-/remapping-2.3.0.tgz. Extracting by manifest.
1103 silly tarball no local data for @babel/core@https://registry.npmjs.org/@babel/core/-/core-7.25.8.tgz. Extracting by manifest.
1104 silly tarball no local data for supports-color@https://registry.npmjs.org/supports-color/-/supports-color-7.2.0.tgz. Extracting by manifest.
1105 silly tarball no local data for hash-sum@https://registry.npmjs.org/hash-sum/-/hash-sum-1.0.2.tgz. Extracting by manifest.
1106 silly tarball no local data for color-name@https://registry.npmjs.org/color-name/-/color-name-1.1.4.tgz. Extracting by manifest.
1107 silly tarball no local data for color-convert@https://registry.npmjs.org/color-convert/-/color-convert-2.0.1.tgz. Extracting by manifest.
1108 silly tarball no local data for ansi-styles@https://registry.npmjs.org/ansi-styles/-/ansi-styles-4.3.0.tgz. Extracting by manifest.
1109 silly tarball no local data for chalk@https://registry.npmjs.org/chalk/-/chalk-4.1.2.tgz. Extracting by manifest.
1110 silly tarball no local data for magic-string@https://registry.npmjs.org/magic-string/-/magic-string-0.25.9.tgz. Extracting by manifest.
1111 silly tarball no local data for @vue/compiler-ssr@https://registry.npmjs.org/@vue/compiler-ssr/-/compiler-ssr-3.2.31.tgz. Extracting by manifest.
1112 silly tarball no local data for @vue/compiler-sfc@https://registry.npmjs.org/@vue/compiler-sfc/-/compiler-sfc-3.2.31.tgz. Extracting by manifest.
1113 silly tarball no local data for @vue/compiler-core@https://registry.npmjs.org/@vue/compiler-core/-/compiler-core-3.2.31.tgz. Extracting by manifest.
1114 silly tarball no local data for @vue/compiler-dom@https://registry.npmjs.org/@vue/compiler-dom/-/compiler-dom-3.2.31.tgz. Extracting by manifest.
1115 silly tarball no local data for @vue/shared@https://registry.npmjs.org/@vue/shared/-/shared-3.2.31.tgz. Extracting by manifest.
1116 silly tarball no local data for terser@https://registry.npmjs.org/terser/-/terser-5.36.0.tgz. Extracting by manifest.
1117 silly tarball no local data for is-descriptor@https://registry.npmjs.org/is-descriptor/-/is-descriptor-0.1.7.tgz. Extracting by manifest.
1118 silly tarball no local data for is-descriptor@https://registry.npmjs.org/is-descriptor/-/is-descriptor-0.1.7.tgz. Extracting by manifest.
1119 silly tarball no local data for is-descriptor@https://registry.npmjs.org/is-descriptor/-/is-descriptor-0.1.7.tgz. Extracting by manifest.
1120 silly tarball no local data for is-descriptor@https://registry.npmjs.org/is-descriptor/-/is-descriptor-0.1.7.tgz. Extracting by manifest.
1121 silly tarball no local data for semver@https://registry.npmjs.org/semver/-/semver-5.7.2.tgz. Extracting by manifest.
1122 silly tarball no local data for semver@https://registry.npmjs.org/semver/-/semver-7.6.3.tgz. Extracting by manifest.
1123 silly tarball no local data for is-descriptor@https://registry.npmjs.org/is-descriptor/-/is-descriptor-0.1.7.tgz. Extracting by manifest.
1124 silly tarball no local data for @vue/compiler-dom@https://registry.npmjs.org/@vue/compiler-dom/-/compiler-dom-3.2.31.tgz. Extracting by manifest.
1125 silly tarball no local data for @vue/compiler-core@https://registry.npmjs.org/@vue/compiler-core/-/compiler-core-3.2.31.tgz. Extracting by manifest.
1126 silly tarball no local data for @vue/compiler-ssr@https://registry.npmjs.org/@vue/compiler-ssr/-/compiler-ssr-3.2.31.tgz. Extracting by manifest.
1127 silly tarball no local data for @vue/shared@https://registry.npmjs.org/@vue/shared/-/shared-3.2.31.tgz. Extracting by manifest.
1128 silly tarball no local data for @vue/shared@https://registry.npmjs.org/@vue/shared/-/shared-3.2.31.tgz. Extracting by manifest.
1129 silly tarball no local data for magic-string@https://registry.npmjs.org/magic-string/-/magic-string-0.25.9.tgz. Extracting by manifest.
1130 silly tarball no local data for @vue/shared@https://registry.npmjs.org/@vue/shared/-/shared-3.2.31.tgz. Extracting by manifest.
1131 silly tarball no local data for @vue/shared@https://registry.npmjs.org/@vue/shared/-/shared-3.2.31.tgz. Extracting by manifest.
1132 silly tarball no local data for @vue/shared@https://registry.npmjs.org/@vue/shared/-/shared-3.2.31.tgz. Extracting by manifest.
1133 silly tarball no local data for @vue/compiler-core@https://registry.npmjs.org/@vue/compiler-core/-/compiler-core-3.2.31.tgz. Extracting by manifest.
1134 warn deprecated inflight@1.0.6: This module is not supported, and leaks memory. Do not use it. Check out lru-cache if you want a good and tested way to coalesce async requests by a key value, which is much more comprehensive and powerful.
1135 warn deprecated source-map-url@0.4.1: See https://github.com/lydell/source-map-url#deprecated
1136 warn deprecated rimraf@2.7.1: Rimraf versions prior to v4 are no longer supported
1137 warn deprecated urix@0.1.0: Please see https://github.com/lydell/urix#deprecated
1138 warn deprecated resolve-url@0.2.1: https://github.com/lydell/resolve-url#deprecated
1139 warn deprecated glob@7.2.3: Glob versions prior to v9 are no longer supported
1140 warn deprecated source-map-resolve@0.5.3: See https://github.com/lydell/source-map-resolve#deprecated
1141 http fetch GET 200 https://registry.npmjs.org/unicode-canonical-property-names-ecmascript/-/unicode-canonical-property-names-ecmascript-2.0.1.tgz 449ms (cache miss)
1142 http fetch GET 200 https://registry.npmjs.org/unicode-match-property-value-ecmascript/-/unicode-match-property-value-ecmascript-2.2.0.tgz 457ms (cache miss)
1143 http fetch GET 200 https://registry.npmjs.org/update-browserslist-db/-/update-browserslist-db-1.1.1.tgz 458ms (cache miss)
1144 warn deprecated fsevents@1.2.13: Upgrade to fsevents v2 to mitigate potential security issues
1145 http fetch GET 200 https://registry.npmjs.org/typed-array-byte-offset/-/typed-array-byte-offset-1.0.2.tgz 469ms (cache miss)
1146 http fetch GET 200 https://registry.npmjs.org/typed-array-byte-length/-/typed-array-byte-length-1.0.1.tgz 470ms (cache miss)
1147 http fetch GET 200 https://registry.npmjs.org/typed-array-buffer/-/typed-array-buffer-1.0.2.tgz 472ms (cache miss)
1148 http fetch GET 200 https://registry.npmjs.org/typed-array-length/-/typed-array-length-1.0.6.tgz 486ms (cache miss)
1149 http fetch POST 200 https://registry.npmjs.org/-/npm/v1/security/advisories/bulk 605ms
1150 silly audit report {
1150 silly audit report   '@babel/core': [
1150 silly audit report     {
1150 silly audit report       id: 1123528,
1150 silly audit report       url: 'https://github.com/advisories/GHSA-4x5r-pxfx-6jf8',
1150 silly audit report       title: '@babel/core: Arbitrary File Read via sourceMappingURL Comment',
1150 silly audit report       severity: 'low',
1150 silly audit report       vulnerable_versions: '<=7.29.0',
1150 silly audit report       cwe: [Array],
1150 silly audit report       cvss: [Object]
1150 silly audit report     }
1150 silly audit report   ],
1150 silly audit report   '@babel/helpers': [
1150 silly audit report     {
1150 silly audit report       id: 1104001,
1150 silly audit report       url: 'https://github.com/advisories/GHSA-968p-4wvh-cqc8',
1150 silly audit report       title: 'Babel has inefficient RegExp complexity in generated code with .replace when transpiling named capturing groups',
1150 silly audit report       severity: 'moderate',
1150 silly audit report       vulnerable_versions: '<7.26.10',
1150 silly audit report       cwe: [Array],
1150 silly audit report       cvss: [Object]
1150 silly audit report     }
1150 silly audit report   ],
1150 silly audit report   '@babel/plugin-transform-modules-systemjs': [
1150 silly audit report     {
1150 silly audit report       id: 1120258,
1150 silly audit report       url: 'https://github.com/advisories/GHSA-fv7c-fp4j-7gwp',
1150 silly audit report       title: '@babel/plugin-transform-modules-systemjs generates arbitrary code when compiling malicious input',
1150 silly audit report       severity: 'high',
1150 silly audit report       vulnerable_versions: '>=7.12.0 <=7.29.3',
1150 silly audit report       cwe: [Array],
1150 silly audit report       cvss: [Object]
1150 silly audit report     }
1150 silly audit report   ],
1150 silly audit report   '@babel/runtime': [
1150 silly audit report     {
1150 silly audit report       id: 1104000,
1150 silly audit report       url: 'https://github.com/advisories/GHSA-968p-4wvh-cqc8',
1150 silly audit report       title: 'Babel has inefficient RegExp complexity in generated code with .replace when transpiling named capturing groups',
1150 silly audit report       severity: 'moderate',
1150 silly audit report       vulnerable_versions: '<7.26.10',
1150 silly audit report       cwe: [Array],
1150 silly audit report       cvss: [Object]
1150 silly audit report     }
1150 silly audit report   ],
1150 silly audit report   ajv: [
1150 silly audit report     {
1150 silly audit report       id: 1113714,
1150 silly audit report       url: 'https://github.com/advisories/GHSA-2g4f-4pwh-qvx6',
1150 silly audit report       title: 'ajv has ReDoS when using `$data` option',
1150 silly audit report       severity: 'moderate',
1150 silly audit report       vulnerable_versions: '<6.14.0',
1150 silly audit report       cwe: [Array],
1150 silly audit report       cvss: [Object]
1150 silly audit report     }
1150 silly audit report   ],
1150 silly audit report   'body-parser': [
1150 silly audit report     {
1150 silly audit report       id: 1123977,
1150 silly audit report       url: 'https://github.com/advisories/GHSA-v422-hmwv-36x6',
1150 silly audit report       title: 'body-parser vulnerable to denial of service when invalid limit value silently disables size enforcement',
1150 silly audit report       severity: 'low',
1150 silly audit report       vulnerable_versions: '<1.20.6',
1150 silly audit report       cwe: [Array],
1150 silly audit report       cvss: [Object]
1150 silly audit report     }
1150 silly audit report   ],
1150 silly audit report   'brace-expansion': [
1150 silly audit report     {
1150 silly audit report       id: 1105443,
1150 silly audit report       url: 'https://github.com/advisories/GHSA-v6h2-p8h4-qcjw',
1150 silly audit report       title: 'brace-expansion Regular Expression Denial of Service vulnerability',
1150 silly audit report       severity: 'low',
1150 silly audit report       vulnerable_versions: '>=1.0.0 <=1.1.11',
1150 silly audit report       cwe: [Array],
1150 silly audit report       cvss: [Object]
1150 silly audit report     },
1150 silly audit report     {
1150 silly audit report       id: 1130588,
1150 silly audit report       url: 'https://github.com/advisories/GHSA-mh99-v99m-4gvg',
1150 silly audit report       title: 'brace-expansion: DoS via unbounded expansion length causing an out-of-memory process crash',
1150 silly audit report       severity: 'high',
1150 silly audit report       vulnerable_versions: '<1.1.17',
1150 silly audit report       cwe: [Array],
1150 silly audit report       cvss: [Object]
1150 silly audit report     },
1150 silly audit report     {
1150 silly audit report       id: 1130737,
1150 silly audit report       url: 'https://github.com/advisories/GHSA-rgw5-rvv9-x895',
1150 silly audit report       title: 'brace-expansion: DoS via unbounded intermediate arrays, bypassing the CVE-2026-14257 mitigation',
1150 silly audit report       severity: 'high',
1150 silly audit report       vulnerable_versions: '<1.1.18',
1150 silly audit report       cwe: [Array],
1150 silly audit report       cvss: [Object]
1150 silly audit report     },
1150 silly audit report     {
1150 silly audit report       id: 1115540,
1150 silly audit report       url: 'https://github.com/advisories/GHSA-f886-m6hf-6m8v',
1150 silly audit report       title: 'brace-expansion: Zero-step sequence causes process hang and memory exhaustion',
1150 silly audit report       severity: 'moderate',
1150 silly audit report       vulnerable_versions: '<1.1.13',
1150 silly audit report       cwe: [Array],
1150 silly audit report       cvss: [Object]
1150 silly audit report     },
1150 silly audit report     {
1150 silly audit report       id: 1123897,
1150 silly audit report       url: 'https://github.com/advisories/GHSA-3jxr-9vmj-r5cp',
1150 silly audit report       title: 'brace-expansion: DoS via exponential-time expansion of consecutive non-expanding {} groups',
1150 silly audit report       severity: 'high',
1150 silly audit report       vulnerable_versions: '<1.1.16',
1150 silly audit report       cwe: [Array],
1150 silly audit report       cvss: [Object]
1150 silly audit report     }
1150 silly audit report   ],
1150 silly audit report   braces: [
1150 silly audit report     {
1150 silly audit report       id: 1098094,
1150 silly audit report       url: 'https://github.com/advisories/GHSA-grv7-fg5c-xmjg',
1150 silly audit report       title: 'Uncontrolled resource consumption in braces',
1150 silly audit report       severity: 'high',
1150 silly audit report       vulnerable_versions: '<3.0.3',
1150 silly audit report       cwe: [Array],
1150 silly audit report       cvss: [Object]
1150 silly audit report     }
1150 silly audit report   ],
1150 silly audit report   'cross-spawn': [
1150 silly audit report     {
1150 silly audit report       id: 1104663,
1150 silly audit report       url: 'https://github.com/advisories/GHSA-3xgq-45jj-v275',
1150 silly audit report       title: 'Regular Expression Denial of Service (ReDoS) in cross-spawn',
1150 silly audit report       severity: 'high',
1150 silly audit report       vulnerable_versions: '<6.0.6',
1150 silly audit report       cwe: [Array],
1150 silly audit report       cvss: [Object]
1150 silly audit report     },
1150 silly audit report     {
1150 silly audit report       id: 1104664,
1150 silly audit report       url: 'https://github.com/advisories/GHSA-3xgq-45jj-v275',
1150 silly audit report       title: 'Regular Expression Denial of Service (ReDoS) in cross-spawn',
1150 silly audit report       severity: 'high',
1150 silly audit report       vulnerable_versions: '>=7.0.0 <7.0.5',
1150 silly audit report       cwe: [Array],
1150 silly audit report       cvss: [Object]
1150 silly audit report     }
1150 silly audit report   ],
1150 silly audit report   'follow-redirects': [
1150 silly audit report     {
1150 silly audit report       id: 1116560,
1150 silly audit report       url: 'https://github.com/advisories/GHSA-r4q5-vmmm-2653',
1150 silly audit report       title: 'follow-redirects leaks Custom Authentication Headers to Cross-Domain Redirect Targets',
1150 silly audit report       severity: 'moderate',
1150 silly audit report       vulnerable_versions: '<=1.15.11',
1150 silly audit report       cwe: [Array],
1150 silly audit report       cvss: [Object]
1150 silly audit report     }
1150 silly audit report   ],
1150 silly audit report   'http-proxy-middleware': [
1150 silly audit report     {
1150 silly audit report       id: 1100223,
1150 silly audit report       url: 'https://github.com/advisories/GHSA-c7qv-q95q-8v27',
1150 silly audit report       title: 'Denial of service in http-proxy-middleware',
1150 silly audit report       severity: 'high',
1150 silly audit report       vulnerable_versions: '<2.0.7',
1150 silly audit report       cwe: [Array],
1150 silly audit report       cvss: [Object]
1150 silly audit report     },
1150 silly audit report     {
1150 silly audit report       id: 1121360,
1150 silly audit report       url: 'https://github.com/advisories/GHSA-64mm-vxmg-q3vj',
1150 silly audit report       title: 'http-proxy-middleware `router` host+path substring matching allows Host-header-driven backend routing bypass',
1150 silly audit report       severity: 'moderate',
1150 silly audit report       vulnerable_versions: '>=0.16.0 <2.0.10',
1150 silly audit report       cwe: [Array],
1150 silly audit report       cvss: [Object]
1150 silly audit report     }
1150 silly audit report   ],
1150 silly audit report   micromatch: [
1150 silly audit report     {
1150 silly audit report       id: 1098681,
1150 silly audit report       url: 'https://github.com/advisories/GHSA-952p-6rrq-rcjv',
1150 silly audit report       title: 'Regular Expression Denial of Service (ReDoS) in micromatch',
1150 silly audit report       severity: 'moderate',
1150 silly audit report       vulnerable_versions: '<4.0.8',
1150 silly audit report       cwe: [Array],
1150 silly audit report       cvss: [Object]
1150 silly audit report     }
1150 silly audit report   ],
1150 silly audit report   immutable: [
1150 silly audit report     {
1150 silly audit report       id: 1117067,
1150 silly audit report       url: 'https://github.com/advisories/GHSA-wf6x-7x77-mvgw',
1150 silly audit report       title: 'Immutable is vulnerable to Prototype Pollution',
1150 silly audit report       severity: 'high',
1150 silly audit report       vulnerable_versions: '>=4.0.0-rc.1 <4.3.8',
1150 silly audit report       cwe: [Array],
1150 silly audit report       cvss: [Object]
1150 silly audit report     },
1150 silly audit report     {
1150 silly audit report       id: 1124008,
1150 silly audit report       url: 'https://github.com/advisories/GHSA-v56q-mh7h-f735',
1150 silly audit report       title: 'Immutable.js `List` 32-bit trie overflow → unrecoverable DoS',
1150 silly audit report       severity: 'high',
1150 silly audit report       vulnerable_versions: '<4.3.9',
1150 silly audit report       cwe: [Array],
1150 silly audit report       cvss: [Object]
1150 silly audit report     },
1150 silly audit report     {
1150 silly audit report       id: 1124018,
1150 silly audit report       url: 'https://github.com/advisories/GHSA-xvcm-6775-5m9r',
1150 silly audit report       title: 'Immutabl: Hash-collision algorithmic complexity denial of service in Immutable.Map/Set',
1150 silly audit report       severity: 'high',
1150 silly audit report       vulnerable_versions: '<4.3.9',
1150 silly audit report       cwe: [Array],
1150 silly audit report       cvss: [Object]
1150 silly audit report     }
1150 silly audit report   ],
1150 silly audit report   ip: [
1150 silly audit report     {
1150 silly audit report       id: 1101851,
1150 silly audit report       url: 'https://github.com/advisories/GHSA-2p57-rm9w-gvfp',
1150 silly audit report       title: 'ip SSRF improper categorization in isPublic',
1150 silly audit report       severity: 'high',
1150 silly audit report       vulnerable_versions: '<=2.0.1',
1150 silly audit report       cwe: [Array],
1150 silly audit report       cvss: [Object]
1150 silly audit report     }
1150 silly audit report   ],
1150 silly audit report   lodash: [
1150 silly audit report     {
1150 silly audit report       id: 1120370,
1150 silly audit report       url: 'https://github.com/advisories/GHSA-xxjr-mmjv-4gpg',
1150 silly audit report       title: 'Lodash has Prototype Pollution Vulnerability in `_.unset` and `_.omit` functions',
1150 silly audit report       severity: 'moderate',
1150 silly audit report       vulnerable_versions: '>=4.0.0 <=4.17.22',
1150 silly audit report       cwe: [Array],
1150 silly audit report       cvss: [Object]
1150 silly audit report     },
1150 silly audit report     {
1150 silly audit report       id: 1115806,
1150 silly audit report       url: 'https://github.com/advisories/GHSA-r5fr-rjxr-66jc',
1150 silly audit report       title: 'lodash vulnerable to Code Injection via `_.template` imports key names',
1150 silly audit report       severity: 'high',
1150 silly audit report       vulnerable_versions: '>=4.0.0 <=4.17.23',
1150 silly audit report       cwe: [Array],
1150 silly audit report       cvss: [Object]
1150 silly audit report     },
1150 silly audit report     {
1150 silly audit report       id: 1115810,
1150 silly audit report       url: 'https://github.com/advisories/GHSA-f23m-r3pf-42rh',
1150 silly audit report       title: 'lodash vulnerable to Prototype Pollution via array path bypass in `_.unset` and `_.omit`',
1150 silly audit report       severity: 'moderate',
1150 silly audit report       vulnerable_versions: '<=4.17.23',
1150 silly audit report       cwe: [Array],
1150 silly audit report       cvss: [Object]
1150 silly audit report     }
1150 silly audit report   ],
1150 silly audit report   minimatch: [
1150 silly audit report     {
1150 silly audit report       id: 1113459,
1150 silly audit report       url: 'https://github.com/advisories/GHSA-3ppc-4f35-3m26',
1150 silly audit report       title: 'minimatch has a ReDoS via repeated wildcards with non-matching literal in pattern',
1150 silly audit report       severity: 'high',
1150 silly audit report       vulnerable_versions: '<3.1.3',
1150 silly audit report       cwe: [Array],
1150 silly audit report       cvss: [Object]
1150 silly audit report     },
1150 silly audit report     {
1150 silly audit report       id: 1113538,
1150 silly audit report       url: 'https://github.com/advisories/GHSA-7r86-cg39-jmmj',
1150 silly audit report       title: 'minimatch has ReDoS: matchOne() combinatorial backtracking via multiple non-adjacent GLOBSTAR segments',
1150 silly audit report       severity: 'high',
1150 silly audit report       vulnerable_versions: '<3.1.3',
1150 silly audit report       cwe: [Array],
1150 silly audit report       cvss: [Object]
1150 silly audit report     },
1150 silly audit report     {
1150 silly audit report       id: 1113546,
1150 silly audit report       url: 'https://github.com/advisories/GHSA-23c5-xmqv-rm74',
1150 silly audit report       title: 'minimatch ReDoS: nested *() extglobs generate catastrophically backtracking regular expressions',
1150 silly audit report       severity: 'high',
1150 silly audit report       vulnerable_versions: '<3.1.4',
1150 silly audit report       cwe: [Array],
1150 silly audit report       cvss: [Object]
1150 silly audit report     }
1150 silly audit report   ],
1150 silly audit report   nanoid: [
1150 silly audit report     {
1150 silly audit report       id: 1109563,
1150 silly audit report       url: 'https://github.com/advisories/GHSA-mwcw-c2x4-8c55',
1150 silly audit report       title: 'Predictable results in nanoid generation when given non-integer values',
1150 silly audit report       severity: 'moderate',
1150 silly audit report       vulnerable_versions: '<3.3.8',
1150 silly audit report       cwe: [Array],
1150 silly audit report       cvss: [Object]
1150 silly audit report     },
1150 silly audit report     {
1150 silly audit report       id: 1138811,
1150 silly audit report       url: 'https://github.com/advisories/GHSA-28wg-ghj8-5hjv',
1150 silly audit report       title: 'nanoid: non-secure generators can loop indefinitely with negative size',
1150 silly audit report       severity: 'high',
1150 silly audit report       vulnerable_versions: '<3.3.16',
1150 silly audit report       cwe: [Array],
1150 silly audit report       cvss: [Object]
1150 silly audit report     },
1150 silly audit report     {
1150 silly audit report       id: 1138813,
1150 silly audit report       url: 'https://github.com/advisories/GHSA-2v37-7h3g-55p8',
1150 silly audit report       title: 'nanoid: custom generators can loop indefinitely when size is zero',
1150 silly audit report       severity: 'high',
1150 silly audit report       vulnerable_versions: '<3.3.17',
1150 silly audit report       cwe: [Array],
1150 silly audit report       cvss: [Object]
1150 silly audit report     }
1150 silly audit report   ],
1150 silly audit report   'node-forge': [
1150 silly audit report     {
1150 silly audit report       id: 1102321,
1150 silly audit report       url: 'https://github.com/advisories/GHSA-x4jg-mjrx-434g',
1150 silly audit report       title: 'Improper Verification of Cryptographic Signature in node-forge',
1150 silly audit report       severity: 'high',
1150 silly audit report       vulnerable_versions: '<1.3.0',
1150 silly audit report       cwe: [Array],
1150 silly audit report       cvss: [Object]
1150 silly audit report     },
1150 silly audit report     {
1150 silly audit report       id: 1102322,
1150 silly audit report       url: 'https://github.com/advisories/GHSA-cfm4-qjh2-4765',
1150 silly audit report       title: 'Improper Verification of Cryptographic Signature in node-forge',
1150 silly audit report       severity: 'high',
1150 silly audit report       vulnerable_versions: '<1.3.0',
1150 silly audit report       cwe: [Array],
1150 silly audit report       cvss: [Object]
1150 silly audit report     },
1150 silly audit report     {
1150 silly audit report       id: 1110996,
1150 silly audit report       url: 'https://github.com/advisories/GHSA-554w-wpv2-vw27',
1150 silly audit report       title: 'node-forge has ASN.1 Unbounded Recursion',
1150 silly audit report       severity: 'high',
1150 silly audit report       vulnerable_versions: '<1.3.2',
1150 silly audit report       cwe: [Array],
1150 silly audit report       cvss: [Object]
1150 silly audit report     },
1150 silly audit report     {
1150 silly audit report       id: 1110998,
1150 silly audit report       url: 'https://github.com/advisories/GHSA-5gfm-wpxj-wjgq',
1150 silly audit report       title: 'node-forge has an Interpretation Conflict vulnerability via its ASN.1 Validator Desynchronization',
1150 silly audit report       severity: 'high',
1150 silly audit report       vulnerable_versions: '<1.3.2',
1150 silly audit report       cwe: [Array],
1150 silly audit report       cvss: [Object]
1150 silly audit report     },
1150 silly audit report     {
1150 silly audit report       id: 1111068,
1150 silly audit report       url: 'https://github.com/advisories/GHSA-65ch-62r8-g69g',
1150 silly audit report       title: 'node-forge is vulnerable to ASN.1 OID Integer Truncation',
1150 silly audit report       severity: 'moderate',
1150 silly audit report       vulnerable_versions: '<1.3.2',
1150 silly audit report       cwe: [Array],
1150 silly audit report       cvss: [Object]
1150 silly audit report     },
1150 silly audit report     {
1150 silly audit report       id: 1088227,
1150 silly audit report       url: 'https://github.com/advisories/GHSA-5rrq-pxf6-6jx5',
1150 silly audit report       title: 'Prototype Pollution in node-forge debug API.',
1150 silly audit report       severity: 'low',
1150 silly audit report       vulnerable_versions: '<1.0.0',
1150 silly audit report       cwe: [Array],
1150 silly audit report       cvss: [Object]
1150 silly audit report     },
1150 silly audit report     {
1150 silly audit report       id: 1088229,
1150 silly audit report       url: 'https://github.com/advisories/GHSA-gf8q-jrpm-jvxq',
1150 silly audit report       title: 'URL parsing in node-forge could lead to undesired behavior.',
1150 silly audit report       severity: 'low',
1150 silly audit report       vulnerable_versions: '<1.0.0',
1150 silly audit report       cwe: [Array],
1150 silly audit report       cvss: [Object]
1150 silly audit report     },
1150 silly audit report     {
1150 silly audit report       id: 1115545,
1150 silly audit report       url: 'https://github.com/advisories/GHSA-2328-f5f3-gj25',
1150 silly audit report       title: 'Forge has a basicConstraints bypass in its certificate chain verification (RFC 5280 violation)',
1150 silly audit report       severity: 'high',
1150 silly audit report       vulnerable_versions: '<=1.3.3',
1150 silly audit report       cwe: [Array],
1150 silly audit report       cvss: [Object]
1150 silly audit report     },
1150 silly audit report     {
1150 silly audit report       id: 1115546,
1150 silly audit report       url: 'https://github.com/advisories/GHSA-q67f-28xg-22rw',
1150 silly audit report       title: 'Forge has signature forgery in Ed25519 due to missing S > L check',
1150 silly audit report       severity: 'high',
1150 silly audit report       vulnerable_versions: '<1.4.0',
1150 silly audit report       cwe: [Array],
1150 silly audit report       cvss: [Object]
1150 silly audit report     },
1150 silly audit report     {
1150 silly audit report       id: 1115548,
1150 silly audit report       url: 'https://github.com/advisories/GHSA-5m6q-g25r-mvwx',
1150 silly audit report       title: 'Forge has Denial of Service via Infinite Loop in BigInteger.modInverse() with Zero Input',
1150 silly audit report       severity: 'high',
1150 silly audit report       vulnerable_versions: '<1.4.0',
1150 silly audit report       cwe: [Array],
1150 silly audit report       cvss: [Object]
1150 silly audit report     },
1150 silly audit report     {
1150 silly audit report       id: 1115612,
1150 silly audit report       url: 'https://github.com/advisories/GHSA-ppp5-5v6c-4jwp',
1150 silly audit report       title: 'Forge has signature forgery in RSA-PKCS due to ASN.1 extra field  ',
1150 silly audit report       severity: 'high',
1150 silly audit report       vulnerable_versions: '<1.4.0',
1150 silly audit report       cwe: [Array],
1150 silly audit report       cvss: [Object]
1150 silly audit report     },
1150 silly audit report     {
1150 silly audit report       id: 1093719,
1150 silly audit report       url: 'https://github.com/advisories/GHSA-8fr3-hfg3-gpgp',
1150 silly audit report       title: 'Open Redirect in node-forge',
1150 silly audit report       severity: 'moderate',
1150 silly audit report       vulnerable_versions: '<1.0.0',
1150 silly audit report       cwe: [Array],
1150 silly audit report       cvss: [Object]
1150 silly audit report     },
1150 silly audit report     {
1150 silly audit report       id: 1088746,
1150 silly audit report       url: 'https://github.com/advisories/GHSA-2r2c-g63r-vccr',
1150 silly audit report       title: 'Improper Verification of Cryptographic Signature in `node-forge`',
1150 silly audit report       severity: 'moderate',
1150 silly audit report       vulnerable_versions: '<1.3.0',
1150 silly audit report       cwe: [Array],
1150 silly audit report       cvss: [Object]
1150 silly audit report     }
1150 silly audit report   ],
1150 silly audit report   'on-headers': [
1150 silly audit report     {
1150 silly audit report       id: 1106812,
1150 silly audit report       url: 'https://github.com/advisories/GHSA-76c9-3jph-rj3q',
1150 silly audit report       title: 'on-headers is vulnerable to http response header manipulation',
1150 silly audit report       severity: 'low',
1150 silly audit report       vulnerable_versions: '<1.1.0',
1150 silly audit report       cwe: [Array],
1150 silly audit report       cvss: [Object]
1150 silly audit report     }
1150 silly audit report   ],
1150 silly audit report   'path-to-regexp': [
1150 silly audit report     {
1150 silly audit report       id: 1105199,
1150 silly audit report       url: 'https://github.com/advisories/GHSA-rhx6-c78j-4q9w',
1150 silly audit report       title: 'path-to-regexp contains a ReDoS',
1150 silly audit report       severity: 'high',
1150 silly audit report       vulnerable_versions: '<0.1.12',
1150 silly audit report       cwe: [Array],
1150 silly audit report       cvss: [Object]
1150 silly audit report     },
1150 silly audit report     {
1150 silly audit report       id: 1115527,
1150 silly audit report       url: 'https://github.com/advisories/GHSA-37ch-88jc-xwx2',
1150 silly audit report       title: 'path-to-regexp vulnerable to Regular Expression Denial of Service via multiple route parameters',
1150 silly audit report       severity: 'high',
1150 silly audit report       vulnerable_versions: '<0.1.13',
1150 silly audit report       cwe: [Array],
1150 silly audit report       cvss: [Object]
1150 silly audit report     }
1150 silly audit report   ],
1150 silly audit report   picomatch: [
1150 silly audit report     {
1150 silly audit report       id: 1115549,
1150 silly audit report       url: 'https://github.com/advisories/GHSA-3v7f-55p6-f55p',
1150 silly audit report       title: 'Picomatch: Method Injection in POSIX Character Classes causes incorrect Glob Matching',
1150 silly audit report       severity: 'moderate',
1150 silly audit report       vulnerable_versions: '<2.3.2',
1150 silly audit report       cwe: [Array],
1150 silly audit report       cvss: [Object]
1150 silly audit report     },
1150 silly audit report     {
1150 silly audit report       id: 1115552,
1150 silly audit report       url: 'https://github.com/advisories/GHSA-c2c7-rcm5-vvqj',
1150 silly audit report       title: 'Picomatch has a ReDoS vulnerability via extglob quantifiers',
1150 silly audit report       severity: 'high',
1150 silly audit report       vulnerable_versions: '<2.3.2',
1150 silly audit report       cwe: [Array],
1150 silly audit report       cvss: [Object]
1150 silly audit report     }
1150 silly audit report   ],
1150 silly audit report   postcss: [
1150 silly audit report     {
1150 silly audit report       id: 1130709,
1150 silly audit report       url: 'https://github.com/advisories/GHSA-fxqj-rqcc-2cmp',
1150 silly audit report       title: 'PostCSS: incomplete fix of GHSA-6g55-p6wh-862q — attacker-controlled sourceMappingURL reads arbitrary .map files when `from` is unset',
1150 silly audit report       severity: 'moderate',
1150 silly audit report       vulnerable_versions: '<=8.5.22',
1150 silly audit report       cwe: [Array],
1150 silly audit report       cvss: [Object]
1150 silly audit report     },
1150 silly audit report     {
1150 silly audit report       id: 1117015,
1150 silly audit report       url: 'https://github.com/advisories/GHSA-qx2v-qp2m-jg93',
1150 silly audit report       title: 'PostCSS has XSS via Unescaped </style> in its CSS Stringify Output',
1150 silly audit report       severity: 'moderate',
1150 silly audit report       vulnerable_versions: '<8.5.10',
1150 silly audit report       cwe: [Array],
1150 silly audit report       cvss: [Object]
1150 silly audit report     },
1150 silly audit report     {
1150 silly audit report       id: 1124252,
1150 silly audit report       url: 'https://github.com/advisories/GHSA-6g55-p6wh-862q',
1150 silly audit report       title: 'PostCSS: Arbitrary file read and information disclosure via attacker-controlled sourceMappingURL in CSS comments',
1150 silly audit report       severity: 'high',
1150 silly audit report       vulnerable_versions: '<=8.5.11',
1150 silly audit report       cwe: [Array],
1150 silly audit report       cvss: [Object]
1150 silly audit report     },
1150 silly audit report     {
1150 silly audit report       id: 1124288,
1150 silly audit report       url: 'https://github.com/advisories/GHSA-r28c-9q8g-f849',
1150 silly audit report       title: 'PostCSS: Path Traversal in Previous Source Map Auto-Loading (sourceMappingURL) leads to Arbitrary .map File Disclosure',
1150 silly audit report       severity: 'high',
1150 silly audit report       vulnerable_versions: '<=8.5.17',
1150 silly audit report       cwe: [Array],
1150 silly audit report       cvss: [Object]
1150 silly audit report     }
1150 silly audit report   ],
1150 silly audit report   qs: [
1150 silly audit report     {
1150 silly audit report       id: 1119502,
1150 silly audit report       url: 'https://github.com/advisories/GHSA-q8mj-m7cp-5q26',
1150 silly audit report       title: 'qs has a remotely triggerable DoS: qs.stringify crashes with TypeError on null/undefined entries in comma-format arrays when encodeValuesOnly is set',
1150 silly audit report       severity: 'moderate',
1150 silly audit report       vulnerable_versions: '>=6.11.1 <=6.15.1',
1150 silly audit report       cwe: [Array],
1150 silly audit report       cvss: [Object]
1150 silly audit report     },
1150 silly audit report     {
1150 silly audit report       id: 1113161,
1150 silly audit report       url: 'https://github.com/advisories/GHSA-w7fw-mjwx-w883',
1150 silly audit report       title: "qs's arrayLimit bypass in comma parsing allows denial of service",
1150 silly audit report       severity: 'low',
1150 silly audit report       vulnerable_versions: '>=6.7.0 <=6.14.1',
1150 silly audit report       cwe: [Array],
1150 silly audit report       cvss: [Object]
1150 silly audit report     },
1150 silly audit report     {
1150 silly audit report       id: 1113719,
1150 silly audit report       url: 'https://github.com/advisories/GHSA-6rw7-vpxm-498p',
1150 silly audit report       title: "qs's arrayLimit bypass in its bracket notation allows DoS via memory exhaustion",
1150 silly audit report       severity: 'moderate',
1150 silly audit report       vulnerable_versions: '<6.14.1',
1150 silly audit report       cwe: [Array],
1150 silly audit report       cvss: [Object]
1150 silly audit report     }
1150 silly audit report   ],
1150 silly audit report   'serialize-javascript': [
1150 silly audit report     {
1150 silly audit report       id: 1119440,
1150 silly audit report       url: 'https://github.com/advisories/GHSA-qj8w-gfj5-8c6v',
1150 silly audit report       title: 'Serialize JavaScript has CPU Exhaustion Denial of Service via crafted array-like objects',
1150 silly audit report       severity: 'moderate',
1150 silly audit report       vulnerable_versions: '>=5.0.0 <7.0.5',
1150 silly audit report       cwe: [Array],
1150 silly audit report       cvss: [Object]
1150 silly audit report     },
1150 silly audit report     {
1150 silly audit report       id: 1113686,
1150 silly audit report       url: 'https://github.com/advisories/GHSA-5c6j-r48x-rmvq',
1150 silly audit report       title: 'Serialize JavaScript is Vulnerable to RCE via RegExp.flags and Date.prototype.toISOString()',
1150 silly audit report       severity: 'high',
1150 silly audit report       vulnerable_versions: '<=7.0.2',
1150 silly audit report       cwe: [Array],
1150 silly audit report       cvss: [Object]
1150 silly audit report     }
1150 silly audit report   ],
1150 silly audit report   uuid: [
1150 silly audit report     {
1150 silly audit report       id: 1119441,
1150 silly audit report       url: 'https://github.com/advisories/GHSA-w5hq-g745-h8pq',
1150 silly audit report       title: 'uuid: Missing buffer bounds check in v3/v5/v6 when buf is provided',
1150 silly audit report       severity: 'moderate',
1150 silly audit report       vulnerable_versions: '<11.1.1',
1150 silly audit report       cwe: [Array],
1150 silly audit report       cvss: [Object]
1150 silly audit report     }
1150 silly audit report   ],
1150 silly audit report   webpack: [
1150 silly audit report     {
1150 silly audit report       id: 1113041,
1150 silly audit report       url: 'https://github.com/advisories/GHSA-8fgc-7cc6-rx7x',
1150 silly audit report       title: 'webpack buildHttp: allowedUris allow-list bypass via URL userinfo (@) leading to build-time SSRF behavior',
1150 silly audit report       severity: 'low',
1150 silly audit report       vulnerable_versions: '>=5.49.0 <=5.104.0',
1150 silly audit report       cwe: [Array],
1150 silly audit report       cvss: [Object]
1150 silly audit report     },
1150 silly audit report     {
1150 silly audit report       id: 1113042,
1150 silly audit report       url: 'https://github.com/advisories/GHSA-38r7-794h-5758',
1150 silly audit report       title: 'webpack buildHttp HttpUriPlugin allowedUris bypass via HTTP redirects → SSRF + cache persistence',
1150 silly audit report       severity: 'low',
1150 silly audit report       vulnerable_versions: '>=5.49.0 <5.104.0',
1150 silly audit report       cwe: [Array],
1150 silly audit report       cvss: [Object]
1150 silly audit report     }
1150 silly audit report   ],
1150 silly audit report   'webpack-dev-middleware': [
1150 silly audit report     {
1150 silly audit report       id: 1096729,
1150 silly audit report       url: 'https://github.com/advisories/GHSA-wr3j-pwj9-hqq6',
1150 silly audit report       title: 'Path traversal in webpack-dev-middleware',
1150 silly audit report       severity: 'high',
1150 silly audit report       vulnerable_versions: '<=5.3.3',
1150 silly audit report       cwe: [Array],
1150 silly audit report       cvss: [Object]
1150 silly audit report     }
1150 silly audit report   ],
1150 silly audit report   'webpack-dev-server': [
1150 silly audit report     {
1150 silly audit report       id: 1108429,
1150 silly audit report       url: 'https://github.com/advisories/GHSA-9jgg-88mc-972h',
1150 silly audit report       title: "webpack-dev-server users' source code may be stolen when they access a malicious web site with non-Chromium based browser",
1150 silly audit report       severity: 'moderate',
1150 silly audit report       vulnerable_versions: '<=5.2.0',
1150 silly audit report       cwe: [Array],
1150 silly audit report       cvss: [Object]
1150 silly audit report     },
1150 silly audit report     {
1150 silly audit report       id: 1108430,
1150 silly audit report       url: 'https://github.com/advisories/GHSA-4v9v-hfq4-rm2v',
1150 silly audit report       title: "webpack-dev-server users' source code may be stolen when they access a malicious web site",
1150 silly audit report       severity: 'moderate',
1150 silly audit report       vulnerable_versions: '<=5.2.0',
1150 silly audit report       cwe: [Array],
1150 silly audit report       cvss: [Object]
1150 silly audit report     },
1150 silly audit report     {
1150 silly audit report       id: 1119074,
1150 silly audit report       url: 'https://github.com/advisories/GHSA-79cf-xcqc-c78w',
1150 silly audit report       title: 'webpack-dev-server vulnerable to cross-origin source code exposure on non-HTTPS origins',
1150 silly audit report       severity: 'moderate',
1150 silly audit report       vulnerable_versions: '<=5.2.3',
1150 silly audit report       cwe: [Array],
1150 silly audit report       cvss: [Object]
1150 silly audit report     },
1150 silly audit report     {
1150 silly audit report       id: 1121087,
1150 silly audit report       url: 'https://github.com/advisories/GHSA-mx8g-39q3-5c79',
1150 silly audit report       title: 'webpack-dev-server vulnerable to HMR WebSocket interception via permissive user proxies',
1150 silly audit report       severity: 'moderate',
1150 silly audit report       vulnerable_versions: '<5.2.5',
1150 silly audit report       cwe: [Array],
1150 silly audit report       cvss: [Object]
1150 silly audit report     },
1150 silly audit report     {
1150 silly audit report       id: 1123965,
1150 silly audit report       url: 'https://github.com/advisories/GHSA-f5vj-f2hx-8m93',
1150 silly audit report       title: 'webpack-dev-server vulnerable to cross-site request forgery via internal developer endpoints',
1150 silly audit report       severity: 'moderate',
1150 silly audit report       vulnerable_versions: '<=5.2.5',
1150 silly audit report       cwe: [Array],
1150 silly audit report       cvss: [Object]
1150 silly audit report     },
1150 silly audit report     {
1150 silly audit report       id: 1123966,
1150 silly audit report       url: 'https://github.com/advisories/GHSA-m28w-2pqf-7qgj',
1150 silly audit report       title: 'webpack-dev-server vulnerable to denial of service via a malformed Host or Origin header',
1150 silly audit report       severity: 'moderate',
1150 silly audit report       vulnerable_versions: '<=5.2.5',
1150 silly audit report       cwe: [Array],
1150 silly audit report       cvss: [Object]
1150 silly audit report     }
1150 silly audit report   ],
1150 silly audit report   'websocket-driver': [
1150 silly audit report     {
1150 silly audit report       id: 1123482,
1150 silly audit report       url: 'https://github.com/advisories/GHSA-mp7j-qc5w-4988',
1150 silly audit report       title: 'websocket-driver: Resource limit bypass via message compression',
1150 silly audit report       severity: 'moderate',
1150 silly audit report       vulnerable_versions: '<0.7.5',
1150 silly audit report       cwe: [Array],
1150 silly audit report       cvss: [Object]
1150 silly audit report     },
1150 silly audit report     {
1150 silly audit report       id: 1123483,
1150 silly audit report       url: 'https://github.com/advisories/GHSA-xv26-6w52-cph6',
1150 silly audit report       title: 'websocket-driver: Message corruption via abuse of protocol length headers',
1150 silly audit report       severity: 'critical',
1150 silly audit report       vulnerable_versions: '<0.7.5',
1150 silly audit report       cwe: [Array],
1150 silly audit report       cvss: [Object]
1150 silly audit report     }
1150 silly audit report   ],
1150 silly audit report   ws: [
1150 silly audit report     {
1150 silly audit report       id: 1123261,
1150 silly audit report       url: 'https://github.com/advisories/GHSA-96hv-2xvq-fx4p',
1150 silly audit report       title: 'ws: Memory exhaustion DoS from tiny fragments and data chunks',
1150 silly audit report       severity: 'high',
1150 silly audit report       vulnerable_versions: '>=6.0.0 <6.2.4',
1150 silly audit report       cwe: [Array],
1150 silly audit report       cvss: [Object]
1150 silly audit report     }
1150 silly audit report   ]
1150 silly audit report }
1151 silly packumentCache corgi:https://registry.npmjs.org/@babel%2fcore cache-miss
1152 silly packumentCache corgi:https://registry.npmjs.org/@babel%2fhelpers cache-miss
1153 silly packumentCache corgi:https://registry.npmjs.org/@babel%2fplugin-transform-modules-systemjs cache-miss
1154 silly packumentCache corgi:https://registry.npmjs.org/@babel%2fruntime cache-miss
1155 silly packumentCache corgi:https://registry.npmjs.org/ajv cache-miss
1156 silly packumentCache corgi:https://registry.npmjs.org/body-parser cache-miss
1157 silly packumentCache corgi:https://registry.npmjs.org/brace-expansion cache-miss
1158 silly packumentCache corgi:https://registry.npmjs.org/braces cache-miss
1159 silly packumentCache corgi:https://registry.npmjs.org/cross-spawn cache-miss
1160 silly packumentCache corgi:https://registry.npmjs.org/follow-redirects cache-miss
1161 silly packumentCache corgi:https://registry.npmjs.org/http-proxy-middleware cache-miss
1162 silly packumentCache corgi:https://registry.npmjs.org/micromatch cache-miss
1163 silly packumentCache corgi:https://registry.npmjs.org/immutable cache-miss
1164 silly packumentCache corgi:https://registry.npmjs.org/ip cache-miss
1165 silly packumentCache corgi:https://registry.npmjs.org/lodash cache-miss
1166 silly packumentCache corgi:https://registry.npmjs.org/minimatch cache-miss
1167 silly packumentCache corgi:https://registry.npmjs.org/nanoid cache-miss
1168 silly packumentCache corgi:https://registry.npmjs.org/node-forge cache-miss
1169 silly packumentCache corgi:https://registry.npmjs.org/on-headers cache-miss
1170 silly packumentCache corgi:https://registry.npmjs.org/path-to-regexp cache-miss
1171 silly packumentCache corgi:https://registry.npmjs.org/picomatch cache-miss
1172 silly packumentCache corgi:https://registry.npmjs.org/postcss cache-miss
1173 silly packumentCache corgi:https://registry.npmjs.org/qs cache-miss
1174 silly packumentCache corgi:https://registry.npmjs.org/serialize-javascript cache-miss
1175 silly packumentCache corgi:https://registry.npmjs.org/uuid cache-miss
1176 silly packumentCache corgi:https://registry.npmjs.org/webpack cache-miss
1177 silly packumentCache corgi:https://registry.npmjs.org/webpack-dev-middleware cache-miss
1178 silly packumentCache corgi:https://registry.npmjs.org/webpack-dev-server cache-miss
1179 silly packumentCache corgi:https://registry.npmjs.org/websocket-driver cache-miss
1180 silly packumentCache corgi:https://registry.npmjs.org/ws cache-miss
1181 http fetch GET 200 https://registry.npmjs.org/set-function-name/-/set-function-name-2.0.2.tgz 505ms (cache miss)
1182 http fetch GET 200 https://registry.npmjs.org/url/-/url-0.11.4.tgz 510ms (cache miss)
1183 warn deprecated uuid@3.4.0: Please upgrade  to version 7 or higher.  Older versions may use Math.random() in certain circumstances, which is known to be problematic.  See https://v8.dev/blog/math-random for details.
1184 http fetch GET 200 https://registry.npmjs.org/which-typed-array/-/which-typed-array-1.1.15.tgz 530ms (cache miss)
1185 http fetch GET 200 https://registry.npmjs.org/string_decoder/-/string_decoder-1.3.0.tgz 529ms (cache miss)
1186 http fetch GET 200 https://registry.npmjs.org/set-function-length/-/set-function-length-1.2.2.tgz 530ms (cache miss)
1187 http fetch GET 200 https://registry.npmjs.org/serialize-javascript/-/serialize-javascript-6.0.2.tgz 558ms (cache miss)
1188 http fetch GET 200 https://registry.npmjs.org/watchpack/-/watchpack-2.4.2.tgz 563ms (cache miss)
1189 http fetch GET 200 https://registry.npmjs.org/vue-style-loader/-/vue-style-loader-4.1.3.tgz 569ms (cache miss)
1190 http cache https://registry.npmjs.org/@babel%2fcore 78ms (cache hit)
1191 silly packumentCache corgi:https://registry.npmjs.org/@babel%2fcore set size:422446 disposed:false
1192 http cache https://registry.npmjs.org/@babel%2fplugin-transform-modules-systemjs 80ms (cache hit)
1193 silly packumentCache corgi:https://registry.npmjs.org/@babel%2fplugin-transform-modules-systemjs set size:173070 disposed:false
1194 http cache https://registry.npmjs.org/@babel%2fhelpers 82ms (cache hit)
1195 silly packumentCache corgi:https://registry.npmjs.org/@babel%2fhelpers set size:212239 disposed:false
1196 http cache https://registry.npmjs.org/@babel%2fruntime 83ms (cache hit)
1197 silly packumentCache corgi:https://registry.npmjs.org/@babel%2fruntime set size:225384 disposed:false
1198 http cache https://registry.npmjs.org/body-parser 84ms (cache hit)
1199 silly packumentCache corgi:https://registry.npmjs.org/body-parser set size:81203 disposed:false
1200 http cache https://registry.npmjs.org/brace-expansion 84ms (cache hit)
1201 silly packumentCache corgi:https://registry.npmjs.org/brace-expansion set size:34964 disposed:false
1202 http cache https://registry.npmjs.org/braces 85ms (cache hit)
1203 silly packumentCache corgi:https://registry.npmjs.org/braces set size:35919 disposed:false
1204 http cache https://registry.npmjs.org/ip 84ms (cache hit)
1205 silly packumentCache corgi:https://registry.npmjs.org/ip set size:17316 disposed:false
1206 http cache https://registry.npmjs.org/ajv 86ms (cache hit)
1207 silly packumentCache corgi:https://registry.npmjs.org/ajv set size:467559 disposed:false
1208 http cache https://registry.npmjs.org/micromatch 86ms (cache hit)
1209 silly packumentCache corgi:https://registry.npmjs.org/micromatch set size:71776 disposed:false
1210 http cache https://registry.npmjs.org/cross-spawn 88ms (cache hit)
1211 silly packumentCache corgi:https://registry.npmjs.org/cross-spawn set size:44626 disposed:false
1212 http cache https://registry.npmjs.org/http-proxy-middleware 87ms (cache hit)
1213 silly packumentCache corgi:https://registry.npmjs.org/http-proxy-middleware set size:172463 disposed:false
1214 http cache https://registry.npmjs.org/follow-redirects 88ms (cache hit)
1215 silly packumentCache corgi:https://registry.npmjs.org/follow-redirects set size:88479 disposed:false
1216 http cache https://registry.npmjs.org/minimatch 89ms (cache hit)
1217 silly packumentCache corgi:https://registry.npmjs.org/minimatch set size:169442 disposed:false
1218 http cache https://registry.npmjs.org/picomatch 89ms (cache hit)
1219 silly packumentCache corgi:https://registry.npmjs.org/picomatch set size:45123 disposed:false
1220 http cache https://registry.npmjs.org/path-to-regexp 90ms (cache hit)
1221 silly packumentCache corgi:https://registry.npmjs.org/path-to-regexp set size:66575 disposed:false
1222 http cache https://registry.npmjs.org/postcss 90ms (cache hit)
1223 silly packumentCache corgi:https://registry.npmjs.org/postcss set size:355680 disposed:false
1224 http cache https://registry.npmjs.org/on-headers 93ms (cache hit)
1225 silly packumentCache corgi:https://registry.npmjs.org/on-headers set size:4386 disposed:false
1226 http cache https://registry.npmjs.org/node-forge 94ms (cache hit)
1227 silly packumentCache corgi:https://registry.npmjs.org/node-forge set size:106633 disposed:false
1228 http cache https://registry.npmjs.org/qs 95ms (cache hit)
1229 silly packumentCache corgi:https://registry.npmjs.org/qs set size:148003 disposed:false
1230 http cache https://registry.npmjs.org/lodash 98ms (cache hit)
1231 silly packumentCache corgi:https://registry.npmjs.org/lodash set size:69555 disposed:false
1232 http cache https://registry.npmjs.org/nanoid 99ms (cache hit)
1233 silly packumentCache corgi:https://registry.npmjs.org/nanoid set size:158420 disposed:false
1234 http cache https://registry.npmjs.org/uuid 103ms (cache hit)
1235 silly packumentCache corgi:https://registry.npmjs.org/uuid set size:82973 disposed:false
1236 http cache https://registry.npmjs.org/webpack-dev-middleware 103ms (cache hit)
1237 silly packumentCache corgi:https://registry.npmjs.org/webpack-dev-middleware set size:183579 disposed:false
1238 http cache https://registry.npmjs.org/serialize-javascript 104ms (cache hit)
1239 silly packumentCache corgi:https://registry.npmjs.org/serialize-javascript set size:38638 disposed:false
1240 http fetch GET 200 https://registry.npmjs.org/safe-regex-test/-/safe-regex-test-1.0.3.tgz 602ms (cache miss)
1241 http cache https://registry.npmjs.org/webpack 106ms (cache hit)
1242 silly packumentCache corgi:https://registry.npmjs.org/webpack set size:2051227 disposed:false
1243 http cache https://registry.npmjs.org/websocket-driver 114ms (cache hit)
1244 silly packumentCache corgi:https://registry.npmjs.org/websocket-driver set size:19937 disposed:false
1245 http cache https://registry.npmjs.org/webpack-dev-server 115ms (cache hit)
1246 silly packumentCache corgi:https://registry.npmjs.org/webpack-dev-server set size:471651 disposed:false
1247 http cache https://registry.npmjs.org/ws 118ms (cache hit)
1248 silly packumentCache corgi:https://registry.npmjs.org/ws set size:207962 disposed:false
1249 http fetch GET 200 https://registry.npmjs.org/side-channel/-/side-channel-1.0.6.tgz 623ms (cache miss)
1250 http fetch GET 200 https://registry.npmjs.org/regjsparser/-/regjsparser-0.11.1.tgz 626ms (cache miss)
1251 http fetch GET 200 https://registry.npmjs.org/sourcemap-codec/-/sourcemap-codec-1.4.8.tgz 629ms (cache miss)
1252 warn deprecated sourcemap-codec@1.4.8: Please use @jridgewell/sourcemap-codec instead
1253 http fetch GET 200 https://registry.npmjs.org/tslib/-/tslib-2.8.0.tgz 631ms (cache miss)
1254 http fetch GET 200 https://registry.npmjs.org/safe-array-concat/-/safe-array-concat-1.1.2.tgz 629ms (cache miss)
1255 http fetch GET 200 https://registry.npmjs.org/regjsgen/-/regjsgen-0.8.0.tgz 633ms (cache miss)
1256 http fetch GET 200 https://registry.npmjs.org/semver/-/semver-6.3.1.tgz 635ms (cache miss)
1257 http fetch GET 200 https://registry.npmjs.org/string.prototype.trimstart/-/string.prototype.trimstart-1.0.8.tgz 642ms (cache miss)
1258 http fetch GET 200 https://registry.npmjs.org/regenerator-runtime/-/regenerator-runtime-0.14.1.tgz 640ms (cache miss)
1259 http fetch GET 200 https://registry.npmjs.org/terser-webpack-plugin/-/terser-webpack-plugin-5.3.10.tgz 643ms (cache miss)
1260 http fetch GET 200 https://registry.npmjs.org/send/-/send-0.19.0.tgz 648ms (cache miss)
1261 http fetch GET 200 https://registry.npmjs.org/readdirp/-/readdirp-4.0.2.tgz 655ms (cache miss)
1262 http fetch GET 200 https://registry.npmjs.org/pump/-/pump-3.0.2.tgz 657ms (cache miss)
1263 http fetch GET 200 https://registry.npmjs.org/to-regex-range/-/to-regex-range-5.0.1.tgz 660ms (cache miss)
1264 http fetch GET 200 https://registry.npmjs.org/punycode/-/punycode-2.3.1.tgz 657ms (cache miss)
1265 http fetch GET 200 https://registry.npmjs.org/regexpu-core/-/regexpu-core-6.1.1.tgz 659ms (cache miss)
1266 http fetch GET 200 https://registry.npmjs.org/ws/-/ws-6.2.3.tgz 665ms (cache miss)
1267 http fetch GET 200 https://registry.npmjs.org/string.prototype.trimend/-/string.prototype.trimend-1.0.8.tgz 662ms (cache miss)
1268 http fetch GET 200 https://registry.npmjs.org/webpack-merge/-/webpack-merge-5.10.0.tgz 666ms (cache miss)
1269 http fetch GET 200 https://registry.npmjs.org/undici-types/-/undici-types-6.19.8.tgz 667ms (cache miss)
1270 http fetch GET 200 https://registry.npmjs.org/serve-static/-/serve-static-1.16.2.tgz 672ms (cache miss)
1271 http fetch GET 200 https://registry.npmjs.org/source-map-js/-/source-map-js-1.2.1.tgz 684ms (cache miss)
1272 http fetch GET 200 https://registry.npmjs.org/regexp.prototype.flags/-/regexp.prototype.flags-1.5.3.tgz 683ms (cache miss)
1273 http fetch GET 200 https://registry.npmjs.org/qs/-/qs-6.13.0.tgz 694ms (cache miss)
1274 http fetch GET 200 https://registry.npmjs.org/regenerator-transform/-/regenerator-transform-0.15.2.tgz 709ms (cache miss)
1275 http fetch GET 200 https://registry.npmjs.org/picocolors/-/picocolors-1.1.0.tgz 710ms (cache miss)
1276 http fetch GET 200 https://registry.npmjs.org/vue-loader/-/vue-loader-16.8.3.tgz 735ms (cache miss)
1277 http fetch GET 200 https://registry.npmjs.org/object.getownpropertydescriptors/-/object.getownpropertydescriptors-2.1.8.tgz 729ms (cache miss)
1278 http fetch GET 200 https://registry.npmjs.org/postcss-modules-scope/-/postcss-modules-scope-3.2.0.tgz 731ms (cache miss)
1279 http fetch GET 200 https://registry.npmjs.org/sass-loader/-/sass-loader-16.0.2.tgz 753ms (cache miss)
1280 http fetch GET 200 https://registry.npmjs.org/object-is/-/object-is-1.1.6.tgz 750ms (cache miss)
1281 http fetch GET 200 https://registry.npmjs.org/postcss-selector-parser/-/postcss-selector-parser-6.1.2.tgz 755ms (cache miss)
1282 http fetch GET 200 https://registry.npmjs.org/raw-body/-/raw-body-2.5.2.tgz 776ms (cache miss)
1283 http fetch GET 200 https://registry.npmjs.org/node-releases/-/node-releases-2.0.18.tgz 776ms (cache miss)
1284 http fetch GET 200 https://registry.npmjs.org/vue/-/vue-3.2.31.tgz 783ms (cache miss)
1285 http fetch GET 200 https://registry.npmjs.org/object.assign/-/object.assign-4.1.5.tgz 788ms (cache miss)
1286 http fetch GET 200 https://registry.npmjs.org/postcss-modules-local-by-default/-/postcss-modules-local-by-default-4.0.5.tgz 803ms (cache miss)
1287 http fetch GET 200 https://registry.npmjs.org/micromatch/-/micromatch-4.0.8.tgz 806ms (cache miss)
1288 http fetch GET 200 https://registry.npmjs.org/merge-descriptors/-/merge-descriptors-1.0.3.tgz 807ms (cache miss)
1289 http fetch GET 200 https://registry.npmjs.org/postcss-modules-extract-imports/-/postcss-modules-extract-imports-3.1.0.tgz 814ms (cache miss)
1290 http fetch GET 200 https://registry.npmjs.org/node-addon-api/-/node-addon-api-7.1.1.tgz 818ms (cache miss)
1291 http fetch GET 200 https://registry.npmjs.org/object-inspect/-/object-inspect-1.13.2.tgz 820ms (cache miss)
1292 http fetch GET 200 https://registry.npmjs.org/nanoid/-/nanoid-3.3.7.tgz 823ms (cache miss)
1293 http fetch GET 200 https://registry.npmjs.org/is-shared-array-buffer/-/is-shared-array-buffer-1.0.3.tgz 823ms (cache miss)
1294 http fetch GET 200 https://registry.npmjs.org/jsesc/-/jsesc-3.0.2.tgz 828ms (cache miss)
1295 http fetch GET 200 https://registry.npmjs.org/postcss/-/postcss-8.4.47.tgz 831ms (cache miss)
1296 http fetch GET 200 https://registry.npmjs.org/is-typed-array/-/is-typed-array-1.1.13.tgz 841ms (cache miss)
1297 http fetch GET 200 https://registry.npmjs.org/loglevel/-/loglevel-1.9.2.tgz 844ms (cache miss)
1298 http fetch GET 200 https://registry.npmjs.org/is-number/-/is-number-7.0.0.tgz 847ms (cache miss)
1299 http fetch GET 200 https://registry.npmjs.org/is-data-view/-/is-data-view-1.0.1.tgz 848ms (cache miss)
1300 http fetch GET 200 https://registry.npmjs.org/is-descriptor/-/is-descriptor-1.0.3.tgz 848ms (cache miss)
1301 http fetch GET 200 https://registry.npmjs.org/is-negative-zero/-/is-negative-zero-2.0.3.tgz 851ms (cache miss)
1302 http fetch GET 200 https://registry.npmjs.org/is-data-descriptor/-/is-data-descriptor-1.0.1.tgz 853ms (cache miss)
1303 http fetch GET 200 https://registry.npmjs.org/is-core-module/-/is-core-module-2.15.1.tgz 854ms (cache miss)
1304 http fetch GET 200 https://registry.npmjs.org/magic-string/-/magic-string-0.30.12.tgz 856ms (cache miss)
1305 http fetch GET 200 https://registry.npmjs.org/is-array-buffer/-/is-array-buffer-3.0.4.tgz 856ms (cache miss)
1306 http fetch GET 200 https://registry.npmjs.org/is-accessor-descriptor/-/is-accessor-descriptor-1.0.1.tgz 867ms (cache miss)
1307 http fetch GET 200 https://registry.npmjs.org/ip/-/ip-1.1.9.tgz 868ms (cache miss)
1308 http fetch GET 200 https://registry.npmjs.org/import-local/-/import-local-3.2.0.tgz 875ms (cache miss)
1309 http fetch GET 200 https://registry.npmjs.org/internal-slot/-/internal-slot-1.0.7.tgz 880ms (cache miss)
1310 http fetch GET 200 https://registry.npmjs.org/has-tostringtag/-/has-tostringtag-1.0.2.tgz 879ms (cache miss)
1311 http fetch GET 200 https://registry.npmjs.org/hash-sum/-/hash-sum-2.0.0.tgz 883ms (cache miss)
1312 http fetch GET 200 https://registry.npmjs.org/hasown/-/hasown-2.0.2.tgz 889ms (cache miss)
1313 http fetch GET 200 https://registry.npmjs.org/has-proto/-/has-proto-1.0.3.tgz 894ms (cache miss)
1314 http fetch GET 200 https://registry.npmjs.org/globalthis/-/globalthis-1.0.4.tgz 894ms (cache miss)
1315 http fetch GET 200 https://registry.npmjs.org/has-property-descriptors/-/has-property-descriptors-1.0.2.tgz 896ms (cache miss)
1316 http fetch GET 200 https://registry.npmjs.org/primeflex/-/primeflex-3.1.3.tgz 903ms (cache miss)
1317 http fetch GET 200 https://registry.npmjs.org/immutable/-/immutable-4.3.7.tgz 899ms (cache miss)
1318 http fetch GET 200 https://registry.npmjs.org/get-symbol-description/-/get-symbol-description-1.0.2.tgz 905ms (cache miss)
1319 http fetch GET 200 https://registry.npmjs.org/resolve/-/resolve-1.22.8.tgz 916ms (cache miss)
1320 http fetch GET 200 https://registry.npmjs.org/string.prototype.trim/-/string.prototype.trim-1.2.9.tgz 919ms (cache miss)
1321 http fetch GET 200 https://registry.npmjs.org/flat/-/flat-5.0.2.tgz 912ms (cache miss)
1322 http fetch GET 200 https://registry.npmjs.org/sass/-/sass-1.79.5.tgz 923ms (cache miss)
1323 http fetch GET 200 https://registry.npmjs.org/function-bind/-/function-bind-1.1.2.tgz 918ms (cache miss)
1324 http fetch GET 200 https://registry.npmjs.org/follow-redirects/-/follow-redirects-1.15.9.tgz 921ms (cache miss)
1325 http fetch GET 200 https://registry.npmjs.org/finalhandler/-/finalhandler-1.3.1.tgz 921ms (cache miss)
1326 http fetch GET 200 https://registry.npmjs.org/fill-range/-/fill-range-7.1.1.tgz 922ms (cache miss)
1327 http fetch GET 200 https://registry.npmjs.org/get-intrinsic/-/get-intrinsic-1.2.4.tgz 923ms (cache miss)
1328 http fetch GET 200 https://registry.npmjs.org/function.prototype.name/-/function.prototype.name-1.1.6.tgz 924ms (cache miss)
1329 http fetch GET 200 https://registry.npmjs.org/file-loader/-/file-loader-6.2.0.tgz 927ms (cache miss)
1330 http fetch GET 200 https://registry.npmjs.org/estree-walker/-/estree-walker-2.0.2.tgz 936ms (cache miss)
1331 http fetch GET 200 https://registry.npmjs.org/escalade/-/escalade-3.2.0.tgz 942ms (cache miss)
1332 http fetch GET 200 https://registry.npmjs.org/express/-/express-4.21.1.tgz 944ms (cache miss)
1333 http fetch GET 200 https://registry.npmjs.org/es-object-atoms/-/es-object-atoms-1.0.0.tgz 963ms (cache miss)
1334 http fetch GET 200 https://registry.npmjs.org/es-set-tostringtag/-/es-set-tostringtag-2.0.3.tgz 968ms (cache miss)
1335 http fetch GET 200 https://registry.npmjs.org/es-define-property/-/es-define-property-1.0.0.tgz 970ms (cache miss)
1336 http fetch GET 200 https://registry.npmjs.org/es-errors/-/es-errors-1.3.0.tgz 971ms (cache miss)
1337 http fetch GET 200 https://registry.npmjs.org/possible-typed-array-names/-/possible-typed-array-names-1.0.0.tgz 981ms (cache miss)
1338 http fetch GET 200 https://registry.npmjs.org/envinfo/-/envinfo-7.14.0.tgz 971ms (cache miss)
1339 http fetch GET 200 https://registry.npmjs.org/es-module-lexer/-/es-module-lexer-1.5.4.tgz 973ms (cache miss)
1340 http fetch GET 200 https://registry.npmjs.org/primeicons/-/primeicons-5.0.0.tgz 988ms (cache miss)
1341 http fetch GET 200 https://registry.npmjs.org/enhanced-resolve/-/enhanced-resolve-5.17.1.tgz 997ms (cache miss)
1342 http fetch GET 200 https://registry.npmjs.org/nan/-/nan-2.22.0.tgz 1008ms (cache miss)
1343 http fetch GET 200 https://registry.npmjs.org/path-to-regexp/-/path-to-regexp-0.1.10.tgz 1024ms (cache miss)
1344 http fetch GET 200 https://registry.npmjs.org/encodeurl/-/encodeurl-2.0.0.tgz 1024ms (cache miss)
1345 http fetch GET 200 https://registry.npmjs.org/entities/-/entities-4.5.0.tgz 1026ms (cache miss)
1346 http fetch GET 200 https://registry.npmjs.org/detect-libc/-/detect-libc-1.0.3.tgz 1037ms (cache miss)
1347 http fetch GET 200 https://registry.npmjs.org/define-data-property/-/define-data-property-1.1.4.tgz 1048ms (cache miss)
1348 http fetch GET 200 https://registry.npmjs.org/define-properties/-/define-properties-1.2.1.tgz 1048ms (cache miss)
1349 http fetch GET 200 https://registry.npmjs.org/data-view-byte-length/-/data-view-byte-length-1.0.1.tgz 1048ms (cache miss)
1350 http fetch GET 200 https://registry.npmjs.org/cookie/-/cookie-0.7.1.tgz 1049ms (cache miss)
1351 http fetch GET 200 https://registry.npmjs.org/data-view-byte-offset/-/data-view-byte-offset-1.0.0.tgz 1050ms (cache miss)
1352 http fetch GET 200 https://registry.npmjs.org/data-view-buffer/-/data-view-buffer-1.0.1.tgz 1051ms (cache miss)
1353 http fetch GET 200 https://registry.npmjs.org/debug/-/debug-4.3.7.tgz 1051ms (cache miss)
1354 http fetch GET 200 https://registry.npmjs.org/convert-source-map/-/convert-source-map-2.0.0.tgz 1059ms (cache miss)
1355 http fetch GET 200 https://registry.npmjs.org/deep-equal/-/deep-equal-1.1.2.tgz 1062ms (cache miss)
1356 http fetch GET 200 https://registry.npmjs.org/component-emitter/-/component-emitter-1.3.1.tgz 1063ms (cache miss)
1357 http fetch GET 200 https://registry.npmjs.org/core-js-compat/-/core-js-compat-3.38.1.tgz 1064ms (cache miss)
1358 http fetch GET 200 https://registry.npmjs.org/braces/-/braces-3.0.3.tgz 1078ms (cache miss)
1359 http fetch GET 200 https://registry.npmjs.org/babel-plugin-polyfill-corejs2/-/babel-plugin-polyfill-corejs2-0.4.11.tgz 1085ms (cache miss)
1360 http fetch GET 200 https://registry.npmjs.org/call-bind/-/call-bind-1.0.7.tgz 1091ms (cache miss)
1361 http fetch GET 200 https://registry.npmjs.org/babel-plugin-polyfill-regenerator/-/babel-plugin-polyfill-regenerator-0.6.2.tgz 1091ms (cache miss)
1362 http fetch GET 200 https://registry.npmjs.org/babel-loader/-/babel-loader-8.4.1.tgz 1092ms (cache miss)
1363 http fetch GET 200 https://registry.npmjs.org/browserslist/-/browserslist-4.24.0.tgz 1095ms (cache miss)
1364 http fetch GET 200 https://registry.npmjs.org/chokidar/-/chokidar-4.0.1.tgz 1104ms (cache miss)
1365 http fetch GET 200 https://registry.npmjs.org/body-parser/-/body-parser-1.20.3.tgz 1104ms (cache miss)
1366 http fetch GET 200 https://registry.npmjs.org/available-typed-arrays/-/available-typed-arrays-1.0.7.tgz 1106ms (cache miss)
1367 http fetch GET 200 https://registry.npmjs.org/babel-plugin-polyfill-corejs3/-/babel-plugin-polyfill-corejs3-0.10.6.tgz 1110ms (cache miss)
1368 http fetch GET 200 https://registry.npmjs.org/regenerate-unicode-properties/-/regenerate-unicode-properties-10.2.0.tgz 1130ms (cache miss)
1369 http fetch GET 200 https://registry.npmjs.org/arraybuffer.prototype.slice/-/arraybuffer.prototype.slice-1.0.3.tgz 1120ms (cache miss)
1370 http fetch GET 200 https://registry.npmjs.org/array-buffer-byte-length/-/array-buffer-byte-length-1.0.1.tgz 1121ms (cache miss)
1371 http fetch GET 200 https://registry.npmjs.org/array.prototype.reduce/-/array.prototype.reduce-1.0.7.tgz 1124ms (cache miss)
1372 http fetch GET 200 https://registry.npmjs.org/chart.js/-/chart.js-3.7.1.tgz 1139ms (cache miss)
1373 http fetch GET 200 https://registry.npmjs.org/chrome-trace-event/-/chrome-trace-event-1.0.4.tgz 1162ms (cache miss)
1374 http fetch GET 200 https://registry.npmjs.org/@webassemblyjs/wasm-gen/-/wasm-gen-1.12.1.tgz 1188ms (cache miss)
1375 http fetch GET 200 https://registry.npmjs.org/@webassemblyjs/wasm-parser/-/wasm-parser-1.12.1.tgz 1231ms (cache miss)
1376 http fetch GET 200 https://registry.npmjs.org/electron-to-chromium/-/electron-to-chromium-1.5.39.tgz 1247ms (cache miss)
1377 http fetch GET 200 https://registry.npmjs.org/acorn-import-attributes/-/acorn-import-attributes-1.9.5.tgz 1286ms (cache miss)
1378 http fetch GET 200 https://registry.npmjs.org/acorn/-/acorn-8.13.0.tgz 1293ms (cache miss)
1379 http fetch GET 200 https://registry.npmjs.org/@webassemblyjs/wasm-opt/-/wasm-opt-1.12.1.tgz 1293ms (cache miss)
1380 http fetch GET 200 https://registry.npmjs.org/webpack/-/webpack-5.95.0.tgz 1366ms (cache miss)
1381 http fetch GET 200 https://registry.npmjs.org/@webassemblyjs/helper-wasm-section/-/helper-wasm-section-1.12.1.tgz 1349ms (cache miss)
1382 http fetch GET 200 https://registry.npmjs.org/@webassemblyjs/wast-printer/-/wast-printer-1.12.1.tgz 1395ms (cache miss)
1383 http fetch GET 200 https://registry.npmjs.org/@webassemblyjs/ast/-/ast-1.12.1.tgz 1440ms (cache miss)
1384 http fetch GET 200 https://registry.npmjs.org/caniuse-lite/-/caniuse-lite-1.0.30001669.tgz 1460ms (cache miss)
1385 http fetch GET 200 https://registry.npmjs.org/@webassemblyjs/wasm-edit/-/wasm-edit-1.12.1.tgz 1475ms (cache miss)
1386 http fetch GET 200 https://registry.npmjs.org/@vue/shared/-/shared-3.5.12.tgz 1482ms (cache miss)
1387 http fetch GET 200 https://registry.npmjs.org/@types/tapable/-/tapable-1.0.12.tgz 1487ms (cache miss)
1388 http fetch GET 200 https://registry.npmjs.org/es-abstract/-/es-abstract-1.23.3.tgz 1568ms (cache miss)
1389 http fetch GET 200 https://registry.npmjs.org/@types/json-schema/-/json-schema-7.0.15.tgz 1554ms (cache miss)
1390 http fetch GET 200 https://registry.npmjs.org/@vue/compiler-ssr/-/compiler-ssr-3.5.12.tgz 1557ms (cache miss)
1391 http fetch GET 200 https://registry.npmjs.org/@types/webpack-sources/-/webpack-sources-3.2.3.tgz 1566ms (cache miss)
1392 http fetch GET 200 https://registry.npmjs.org/@webassemblyjs/helper-buffer/-/helper-buffer-1.12.1.tgz 1621ms (cache miss)
1393 http fetch GET 200 https://registry.npmjs.org/@types/estree/-/estree-1.0.6.tgz 1619ms (cache miss)
1394 http fetch GET 200 https://registry.npmjs.org/@types/uglify-js/-/uglify-js-3.17.5.tgz 1622ms (cache miss)
1395 http fetch GET 200 https://registry.npmjs.org/@jridgewell/trace-mapping/-/trace-mapping-0.3.25.tgz 1684ms (cache miss)
1396 http fetch GET 200 https://registry.npmjs.org/@jridgewell/source-map/-/source-map-0.3.6.tgz 1702ms (cache miss)
1397 http fetch GET 200 https://registry.npmjs.org/@jridgewell/set-array/-/set-array-1.2.1.tgz 1762ms (cache miss)
1398 http fetch GET 200 https://registry.npmjs.org/@vue/reactivity-transform/-/reactivity-transform-3.2.31.tgz 1766ms (cache miss)
1399 http fetch GET 200 https://registry.npmjs.org/@types/source-list-map/-/source-list-map-0.1.6.tgz 1777ms (cache miss)
1400 http fetch GET 200 https://registry.npmjs.org/@jridgewell/resolve-uri/-/resolve-uri-3.1.2.tgz 1787ms (cache miss)
1401 http fetch GET 200 https://registry.npmjs.org/@vue/compiler-sfc/-/compiler-sfc-3.5.12.tgz 1796ms (cache miss)
1402 http fetch GET 200 https://registry.npmjs.org/@vue/server-renderer/-/server-renderer-3.2.31.tgz 1844ms (cache miss)
1403 http fetch GET 200 https://registry.npmjs.org/@types/webpack/-/webpack-4.41.39.tgz 1960ms (cache miss)
1404 http fetch GET 200 https://registry.npmjs.org/@jridgewell/sourcemap-codec/-/sourcemap-codec-1.5.0.tgz 1981ms (cache miss)
1405 http fetch GET 200 https://registry.npmjs.org/@vue/compiler-core/-/compiler-core-3.5.12.tgz 2019ms (cache miss)
1406 http fetch GET 200 https://registry.npmjs.org/@jridgewell/gen-mapping/-/gen-mapping-0.3.5.tgz 2077ms (cache miss)
1407 http fetch GET 200 https://registry.npmjs.org/@vue/compiler-dom/-/compiler-dom-3.5.12.tgz 2090ms (cache miss)
1408 http fetch GET 200 https://registry.npmjs.org/@types/node/-/node-22.7.5.tgz 2100ms (cache miss)
1409 http fetch GET 200 https://registry.npmjs.org/@vue/runtime-core/-/runtime-core-3.2.31.tgz 2142ms (cache miss)
1410 http fetch GET 200 https://registry.npmjs.org/@babel/traverse/-/traverse-7.25.7.tgz 2236ms (cache miss)
1411 http fetch GET 200 https://registry.npmjs.org/@babel/types/-/types-7.25.8.tgz 2248ms (cache miss)
1412 http fetch GET 200 https://registry.npmjs.org/@parcel/watcher-darwin-arm64/-/watcher-darwin-arm64-2.4.1.tgz 2296ms (cache miss)
1413 http fetch GET 200 https://registry.npmjs.org/@parcel/watcher/-/watcher-2.4.1.tgz 2296ms (cache miss)
1414 http fetch GET 200 https://registry.npmjs.org/@babel/plugin-transform-unicode-sets-regex/-/plugin-transform-unicode-sets-regex-7.25.7.tgz 2306ms (cache miss)
1415 http fetch GET 200 https://registry.npmjs.org/@babel/template/-/template-7.25.7.tgz 2308ms (cache miss)
1416 http fetch GET 200 https://registry.npmjs.org/@babel/plugin-transform-unicode-regex/-/plugin-transform-unicode-regex-7.25.7.tgz 2322ms (cache miss)
1417 http fetch GET 200 https://registry.npmjs.org/@babel/plugin-transform-unicode-escapes/-/plugin-transform-unicode-escapes-7.25.7.tgz 2395ms (cache miss)
1418 http fetch GET 200 https://registry.npmjs.org/@vue/runtime-dom/-/runtime-dom-3.2.31.tgz 2411ms (cache miss)
1419 http fetch GET 200 https://registry.npmjs.org/@babel/plugin-transform-template-literals/-/plugin-transform-template-literals-7.25.7.tgz 2413ms (cache miss)
1420 http fetch GET 200 https://registry.npmjs.org/@babel/plugin-transform-sticky-regex/-/plugin-transform-sticky-regex-7.25.7.tgz 2434ms (cache miss)
1421 http fetch GET 200 https://registry.npmjs.org/@babel/plugin-transform-typeof-symbol/-/plugin-transform-typeof-symbol-7.25.7.tgz 2524ms (cache miss)
1422 http fetch GET 200 https://registry.npmjs.org/@babel/plugin-transform-runtime/-/plugin-transform-runtime-7.25.7.tgz 2612ms (cache miss)
1423 http fetch GET 200 https://registry.npmjs.org/@babel/plugin-transform-reserved-words/-/plugin-transform-reserved-words-7.25.7.tgz 2612ms (cache miss)
1424 http fetch GET 200 https://registry.npmjs.org/@babel/plugin-transform-shorthand-properties/-/plugin-transform-shorthand-properties-7.25.7.tgz 2635ms (cache miss)
1425 http fetch GET 200 https://registry.npmjs.org/@babel/plugin-transform-spread/-/plugin-transform-spread-7.25.7.tgz 2689ms (cache miss)
1426 http fetch GET 200 https://registry.npmjs.org/@babel/plugin-transform-property-literals/-/plugin-transform-property-literals-7.25.7.tgz 2691ms (cache miss)
1427 http fetch GET 200 https://registry.npmjs.org/@babel/plugin-transform-private-property-in-object/-/plugin-transform-private-property-in-object-7.25.8.tgz 2693ms (cache miss)
1428 http fetch GET 200 https://registry.npmjs.org/@babel/plugin-transform-optional-chaining/-/plugin-transform-optional-chaining-7.25.8.tgz 2732ms (cache miss)
1429 http fetch GET 200 https://registry.npmjs.org/@babel/plugin-transform-unicode-property-regex/-/plugin-transform-unicode-property-regex-7.25.7.tgz 2740ms (cache miss)
1430 http fetch GET 200 https://registry.npmjs.org/@babel/plugin-transform-regenerator/-/plugin-transform-regenerator-7.25.7.tgz 2738ms (cache miss)
1431 http fetch GET 200 https://registry.npmjs.org/@babel/plugin-transform-parameters/-/plugin-transform-parameters-7.25.7.tgz 2740ms (cache miss)
1432 http fetch GET 200 https://registry.npmjs.org/primevue/-/primevue-3.12.0.tgz 2790ms (cache miss)
1433 http fetch GET 200 https://registry.npmjs.org/@babel/plugin-transform-optional-catch-binding/-/plugin-transform-optional-catch-binding-7.25.8.tgz 2811ms (cache miss)
1434 http fetch GET 200 https://registry.npmjs.org/@babel/preset-modules/-/preset-modules-0.1.6-no-external-plugins.tgz 2859ms (cache miss)
1435 http fetch GET 200 https://registry.npmjs.org/@babel/plugin-transform-object-super/-/plugin-transform-object-super-7.25.7.tgz 2886ms (cache miss)
1436 http fetch GET 200 https://registry.npmjs.org/@babel/plugin-transform-object-rest-spread/-/plugin-transform-object-rest-spread-7.25.8.tgz 2916ms (cache miss)
1437 http fetch GET 200 https://registry.npmjs.org/@babel/plugin-transform-nullish-coalescing-operator/-/plugin-transform-nullish-coalescing-operator-7.25.8.tgz 2958ms (cache miss)
1438 http fetch GET 200 https://registry.npmjs.org/@babel/plugin-transform-new-target/-/plugin-transform-new-target-7.25.7.tgz 2983ms (cache miss)
1439 http fetch GET 200 https://registry.npmjs.org/@babel/plugin-transform-modules-umd/-/plugin-transform-modules-umd-7.25.7.tgz 2994ms (cache miss)
1440 http fetch GET 200 https://registry.npmjs.org/@babel/plugin-transform-named-capturing-groups-regex/-/plugin-transform-named-capturing-groups-regex-7.25.7.tgz 3035ms (cache miss)
1441 http fetch GET 200 https://registry.npmjs.org/@babel/plugin-transform-modules-systemjs/-/plugin-transform-modules-systemjs-7.25.7.tgz 3035ms (cache miss)
1442 http fetch GET 200 https://registry.npmjs.org/@babel/plugin-transform-modules-amd/-/plugin-transform-modules-amd-7.25.7.tgz 3035ms (cache miss)
1443 http fetch GET 200 https://registry.npmjs.org/@babel/plugin-transform-member-expression-literals/-/plugin-transform-member-expression-literals-7.25.7.tgz 3036ms (cache miss)
1444 http fetch GET 200 https://registry.npmjs.org/@babel/plugin-transform-modules-commonjs/-/plugin-transform-modules-commonjs-7.25.7.tgz 3099ms (cache miss)
1445 http fetch GET 200 https://registry.npmjs.org/@babel/plugin-transform-literals/-/plugin-transform-literals-7.25.7.tgz 3107ms (cache miss)
1446 http fetch GET 200 https://registry.npmjs.org/@babel/plugin-transform-logical-assignment-operators/-/plugin-transform-logical-assignment-operators-7.25.8.tgz 3133ms (cache miss)
1447 http fetch GET 200 https://registry.npmjs.org/@babel/plugin-transform-numeric-separator/-/plugin-transform-numeric-separator-7.25.8.tgz 3186ms (cache miss)
1448 http fetch GET 200 https://registry.npmjs.org/@babel/plugin-transform-function-name/-/plugin-transform-function-name-7.25.7.tgz 3216ms (cache miss)
1449 http fetch GET 200 https://registry.npmjs.org/@babel/preset-env/-/preset-env-7.25.8.tgz 3226ms (cache miss)
1450 http fetch GET 200 https://registry.npmjs.org/@babel/plugin-transform-for-of/-/plugin-transform-for-of-7.25.7.tgz 3222ms (cache miss)
1451 http fetch GET 200 https://registry.npmjs.org/@babel/plugin-transform-exponentiation-operator/-/plugin-transform-exponentiation-operator-7.25.7.tgz 3309ms (cache miss)
1452 http fetch GET 200 https://registry.npmjs.org/@babel/plugin-transform-duplicate-named-capturing-groups-regex/-/plugin-transform-duplicate-named-capturing-groups-regex-7.25.7.tgz 3322ms (cache miss)
1453 http fetch GET 200 https://registry.npmjs.org/@babel/plugin-transform-duplicate-keys/-/plugin-transform-duplicate-keys-7.25.7.tgz 3322ms (cache miss)
1454 http fetch GET 200 https://registry.npmjs.org/@babel/plugin-transform-dynamic-import/-/plugin-transform-dynamic-import-7.25.8.tgz 3322ms (cache miss)
1455 http fetch GET 200 https://registry.npmjs.org/@babel/plugin-transform-dotall-regex/-/plugin-transform-dotall-regex-7.25.7.tgz 3331ms (cache miss)
1456 http fetch GET 200 https://registry.npmjs.org/@babel/plugin-transform-export-namespace-from/-/plugin-transform-export-namespace-from-7.25.8.tgz 3368ms (cache miss)
1457 http fetch GET 200 https://registry.npmjs.org/@babel/plugin-transform-class-properties/-/plugin-transform-class-properties-7.25.7.tgz 3403ms (cache miss)
1458 http fetch GET 200 https://registry.npmjs.org/@babel/plugin-transform-classes/-/plugin-transform-classes-7.25.7.tgz 3411ms (cache miss)
1459 http fetch GET 200 https://registry.npmjs.org/@babel/plugin-transform-private-methods/-/plugin-transform-private-methods-7.25.7.tgz 3416ms (cache miss)
1460 http fetch GET 200 https://registry.npmjs.org/@babel/plugin-transform-destructuring/-/plugin-transform-destructuring-7.25.7.tgz 3457ms (cache miss)
1461 http fetch GET 200 https://registry.npmjs.org/@babel/plugin-transform-computed-properties/-/plugin-transform-computed-properties-7.25.7.tgz 3556ms (cache miss)
1462 http fetch GET 200 https://registry.npmjs.org/@babel/plugin-transform-block-scoping/-/plugin-transform-block-scoping-7.25.7.tgz 3558ms (cache miss)
1463 http fetch GET 200 https://registry.npmjs.org/@babel/plugin-transform-json-strings/-/plugin-transform-json-strings-7.25.8.tgz 3560ms (cache miss)
1464 http fetch GET 200 https://registry.npmjs.org/@babel/plugin-transform-async-generator-functions/-/plugin-transform-async-generator-functions-7.25.8.tgz 3642ms (cache miss)
1465 http fetch GET 200 https://registry.npmjs.org/@babel/plugin-syntax-import-attributes/-/plugin-syntax-import-attributes-7.25.7.tgz 3649ms (cache miss)
1466 http fetch GET 200 https://registry.npmjs.org/@babel/plugin-transform-class-static-block/-/plugin-transform-class-static-block-7.25.8.tgz 3667ms (cache miss)
1467 http fetch GET 200 https://registry.npmjs.org/@babel/plugin-transform-block-scoped-functions/-/plugin-transform-block-scoped-functions-7.25.7.tgz 3674ms (cache miss)
1468 http fetch GET 200 https://registry.npmjs.org/@babel/plugin-bugfix-v8-spread-parameters-in-optional-chaining/-/plugin-bugfix-v8-spread-parameters-in-optional-chaining-7.25.7.tgz 3697ms (cache miss)
1469 http fetch GET 200 https://registry.npmjs.org/@babel/plugin-bugfix-safari-id-destructuring-collision-in-function-expression/-/plugin-bugfix-safari-id-destructuring-collision-in-function-expression-7.25.7.tgz 3709ms (cache miss)
1470 http fetch GET 200 https://registry.npmjs.org/@babel/plugin-transform-arrow-functions/-/plugin-transform-arrow-functions-7.25.7.tgz 3710ms (cache miss)
1471 http fetch GET 200 https://registry.npmjs.org/@babel/plugin-bugfix-safari-class-field-initializer-scope/-/plugin-bugfix-safari-class-field-initializer-scope-7.25.7.tgz 3709ms (cache miss)
1472 http fetch GET 200 https://registry.npmjs.org/@babel/plugin-transform-async-to-generator/-/plugin-transform-async-to-generator-7.25.7.tgz 3777ms (cache miss)
1473 http fetch GET 200 https://registry.npmjs.org/@babel/highlight/-/highlight-7.25.7.tgz 3838ms (cache miss)
1474 http fetch GET 200 https://registry.npmjs.org/@babel/plugin-bugfix-v8-static-class-fields-redefine-readonly/-/plugin-bugfix-v8-static-class-fields-redefine-readonly-7.25.7.tgz 3847ms (cache miss)
1475 http fetch GET 200 https://registry.npmjs.org/@babel/plugin-bugfix-firefox-class-in-computed-class-key/-/plugin-bugfix-firefox-class-in-computed-class-key-7.25.7.tgz 3847ms (cache miss)
1476 http fetch GET 200 https://registry.npmjs.org/@babel/plugin-syntax-import-assertions/-/plugin-syntax-import-assertions-7.25.7.tgz 3890ms (cache miss)
1477 http fetch GET 200 https://registry.npmjs.org/@babel/helper-validator-option/-/helper-validator-option-7.25.7.tgz 3925ms (cache miss)
1478 http fetch GET 200 https://registry.npmjs.org/@babel/helper-string-parser/-/helper-string-parser-7.25.7.tgz 3946ms (cache miss)
1479 http fetch GET 200 https://registry.npmjs.org/@babel/helper-skip-transparent-expression-wrappers/-/helper-skip-transparent-expression-wrappers-7.25.7.tgz 3946ms (cache miss)
1480 http fetch GET 200 https://registry.npmjs.org/@babel/helper-remap-async-to-generator/-/helper-remap-async-to-generator-7.25.7.tgz 3988ms (cache miss)
1481 http fetch GET 200 https://registry.npmjs.org/@babel/helper-define-polyfill-provider/-/helper-define-polyfill-provider-0.6.2.tgz 4091ms (cache miss)
1482 http fetch GET 200 https://registry.npmjs.org/@babel/helper-plugin-utils/-/helper-plugin-utils-7.25.7.tgz 4104ms (cache miss)
1483 http fetch GET 200 https://registry.npmjs.org/@babel/helpers/-/helpers-7.25.7.tgz 4111ms (cache miss)
1484 http fetch GET 200 https://registry.npmjs.org/@babel/helper-validator-identifier/-/helper-validator-identifier-7.25.7.tgz 4130ms (cache miss)
1485 http fetch GET 200 https://registry.npmjs.org/@babel/helper-replace-supers/-/helper-replace-supers-7.25.7.tgz 4150ms (cache miss)
1486 http fetch GET 200 https://registry.npmjs.org/@babel/helper-optimise-call-expression/-/helper-optimise-call-expression-7.25.7.tgz 4154ms (cache miss)
1487 http fetch GET 200 https://registry.npmjs.org/@babel/helper-module-transforms/-/helper-module-transforms-7.25.7.tgz 4230ms (cache miss)
1488 http fetch GET 200 https://registry.npmjs.org/@babel/helper-member-expression-to-functions/-/helper-member-expression-to-functions-7.25.7.tgz 4258ms (cache miss)
1489 http fetch GET 200 https://registry.npmjs.org/@babel/helper-compilation-targets/-/helper-compilation-targets-7.25.7.tgz 4269ms (cache miss)
1490 http fetch GET 200 https://registry.npmjs.org/@babel/helper-simple-access/-/helper-simple-access-7.25.7.tgz 4279ms (cache miss)
1491 http fetch GET 200 https://registry.npmjs.org/@babel/parser/-/parser-7.25.8.tgz 4281ms (cache miss)
1492 http fetch GET 200 https://registry.npmjs.org/@babel/runtime/-/runtime-7.25.7.tgz 4290ms (cache miss)
1493 http fetch GET 200 https://registry.npmjs.org/@ampproject/remapping/-/remapping-2.3.0.tgz 4342ms (cache miss)
1494 http fetch GET 200 https://registry.npmjs.org/color-name/-/color-name-1.1.4.tgz 4345ms (cache miss)
1495 http fetch GET 200 https://registry.npmjs.org/hash-sum/-/hash-sum-1.0.2.tgz 4353ms (cache miss)
1496 http fetch GET 200 https://registry.npmjs.org/@babel/helper-module-imports/-/helper-module-imports-7.25.7.tgz 4380ms (cache miss)
1497 http fetch GET 200 https://registry.npmjs.org/color-convert/-/color-convert-2.0.1.tgz 4383ms (cache miss)
1498 http fetch GET 200 https://registry.npmjs.org/@babel/helper-builder-binary-assignment-operator-visitor/-/helper-builder-binary-assignment-operator-visitor-7.25.7.tgz 4406ms (cache miss)
1499 http fetch GET 200 https://registry.npmjs.org/@babel/helper-annotate-as-pure/-/helper-annotate-as-pure-7.25.7.tgz 4411ms (cache miss)
1500 http fetch GET 200 https://registry.npmjs.org/@babel/helper-create-regexp-features-plugin/-/helper-create-regexp-features-plugin-7.25.7.tgz 4414ms (cache miss)
1501 http fetch GET 200 https://registry.npmjs.org/ansi-styles/-/ansi-styles-4.3.0.tgz 4422ms (cache miss)
1502 http fetch GET 200 https://registry.npmjs.org/@babel/helper-create-class-features-plugin/-/helper-create-class-features-plugin-7.25.7.tgz 4453ms (cache miss)
1503 http fetch GET 200 https://registry.npmjs.org/chalk/-/chalk-4.1.2.tgz 4495ms (cache miss)
1504 http fetch GET 200 https://registry.npmjs.org/@babel/compat-data/-/compat-data-7.25.8.tgz 4514ms (cache miss)
1505 http fetch GET 200 https://registry.npmjs.org/@babel/helper-wrap-function/-/helper-wrap-function-7.25.7.tgz 4515ms (cache miss)
1506 http fetch GET 200 https://registry.npmjs.org/@babel/generator/-/generator-7.25.7.tgz 4531ms (cache miss)
1507 http fetch GET 200 https://registry.npmjs.org/supports-color/-/supports-color-7.2.0.tgz 4538ms (cache miss)
1508 http fetch GET 200 https://registry.npmjs.org/is-descriptor/-/is-descriptor-0.1.7.tgz 4597ms (cache miss)
1509 http fetch GET 200 https://registry.npmjs.org/is-descriptor/-/is-descriptor-0.1.7.tgz 4597ms (cache miss)
1510 http fetch GET 200 https://registry.npmjs.org/semver/-/semver-5.7.2.tgz 4599ms (cache miss)
1511 http fetch GET 200 https://registry.npmjs.org/is-descriptor/-/is-descriptor-0.1.7.tgz 4630ms (cache miss)
1512 http fetch GET 200 https://registry.npmjs.org/is-descriptor/-/is-descriptor-0.1.7.tgz 4634ms (cache miss)
1513 http fetch GET 200 https://registry.npmjs.org/is-descriptor/-/is-descriptor-0.1.7.tgz 4639ms (cache miss)
1514 http fetch GET 200 https://registry.npmjs.org/semver/-/semver-7.6.3.tgz 4649ms (cache miss)
1515 http fetch GET 200 https://registry.npmjs.org/@babel/core/-/core-7.25.8.tgz 4657ms (cache miss)
1516 http fetch GET 200 https://registry.npmjs.org/@vue/reactivity/-/reactivity-3.2.31.tgz 4676ms (cache miss)
1517 http fetch GET 200 https://registry.npmjs.org/@vue/compiler-ssr/-/compiler-ssr-3.2.31.tgz 4711ms (cache miss)
1518 http fetch GET 200 https://registry.npmjs.org/magic-string/-/magic-string-0.25.9.tgz 4714ms (cache miss)
1519 http fetch GET 200 https://registry.npmjs.org/@vue/shared/-/shared-3.2.31.tgz 4745ms (cache miss)
1520 http fetch GET 200 https://registry.npmjs.org/@vue/shared/-/shared-3.2.31.tgz 4763ms (cache miss)
1521 http fetch GET 200 https://registry.npmjs.org/@vue/shared/-/shared-3.2.31.tgz 4775ms (cache miss)
1522 http fetch GET 200 https://registry.npmjs.org/@babel/code-frame/-/code-frame-7.25.7.tgz 4811ms (cache miss)
1523 http fetch GET 200 https://registry.npmjs.org/magic-string/-/magic-string-0.25.9.tgz 4819ms (cache miss)
1524 http fetch GET 200 https://registry.npmjs.org/terser/-/terser-5.36.0.tgz 4850ms (cache miss)
1525 http fetch GET 200 https://registry.npmjs.org/immutable 4414ms (cache miss)
1526 silly packumentCache corgi:https://registry.npmjs.org/immutable set size:undefined disposed:false
1527 silly packumentCache corgi:https://registry.npmjs.org/@babel%2fhelper-create-class-features-plugin cache-miss
1528 silly packumentCache corgi:https://registry.npmjs.org/@babel%2fhelper-create-regexp-features-plugin cache-miss
1529 silly packumentCache corgi:https://registry.npmjs.org/@babel%2fhelper-define-polyfill-provider cache-miss
1530 silly packumentCache corgi:https://registry.npmjs.org/@babel%2fhelper-module-transforms cache-miss
1531 silly packumentCache corgi:https://registry.npmjs.org/@babel%2fhelper-remap-async-to-generator cache-miss
1532 silly packumentCache corgi:https://registry.npmjs.org/@babel%2fhelper-replace-supers cache-miss
1533 silly packumentCache corgi:https://registry.npmjs.org/@babel%2fplugin-bugfix-firefox-class-in-computed-class-key cache-miss
1534 silly packumentCache corgi:https://registry.npmjs.org/@babel%2fplugin-bugfix-safari-class-field-initializer-scope cache-miss
1535 silly packumentCache corgi:https://registry.npmjs.org/@babel%2fplugin-bugfix-safari-id-destructuring-collision-in-function-expression cache-miss
1536 silly packumentCache corgi:https://registry.npmjs.org/@babel%2fplugin-bugfix-v8-spread-parameters-in-optional-chaining cache-miss
1537 silly packumentCache corgi:https://registry.npmjs.org/@babel%2fplugin-bugfix-v8-static-class-fields-redefine-readonly cache-miss
1538 silly packumentCache corgi:https://registry.npmjs.org/@babel%2fplugin-proposal-private-property-in-object cache-miss
1539 silly packumentCache corgi:https://registry.npmjs.org/@babel%2fplugin-syntax-import-assertions cache-miss
1540 silly packumentCache corgi:https://registry.npmjs.org/@babel%2fplugin-syntax-import-attributes cache-miss
1541 silly packumentCache corgi:https://registry.npmjs.org/@babel%2fplugin-syntax-unicode-sets-regex cache-miss
1542 silly packumentCache corgi:https://registry.npmjs.org/@babel%2fplugin-transform-arrow-functions cache-miss
1543 silly packumentCache corgi:https://registry.npmjs.org/@babel%2fplugin-transform-async-generator-functions cache-miss
1544 silly packumentCache corgi:https://registry.npmjs.org/@babel%2fplugin-transform-async-to-generator cache-miss
1545 silly packumentCache corgi:https://registry.npmjs.org/@babel%2fplugin-transform-block-scoped-functions cache-miss
1546 silly packumentCache corgi:https://registry.npmjs.org/@babel%2fplugin-transform-block-scoping cache-miss
1547 silly packumentCache corgi:https://registry.npmjs.org/@babel%2fplugin-transform-class-properties cache-miss
1548 silly packumentCache corgi:https://registry.npmjs.org/@babel%2fplugin-transform-class-static-block cache-miss
1549 silly packumentCache corgi:https://registry.npmjs.org/@babel%2fplugin-transform-classes cache-miss
1550 silly packumentCache corgi:https://registry.npmjs.org/@babel%2fplugin-transform-computed-properties cache-miss
1551 silly packumentCache corgi:https://registry.npmjs.org/@babel%2fplugin-transform-destructuring cache-miss
1552 silly packumentCache corgi:https://registry.npmjs.org/@babel%2fplugin-transform-dotall-regex cache-miss
1553 silly packumentCache corgi:https://registry.npmjs.org/@babel%2fplugin-transform-duplicate-keys cache-miss
1554 silly packumentCache corgi:https://registry.npmjs.org/@babel%2fplugin-transform-duplicate-named-capturing-groups-regex cache-miss
1555 silly packumentCache corgi:https://registry.npmjs.org/@babel%2fplugin-transform-dynamic-import cache-miss
1556 silly packumentCache corgi:https://registry.npmjs.org/@babel%2fplugin-transform-exponentiation-operator cache-miss
1557 silly packumentCache corgi:https://registry.npmjs.org/@babel%2fplugin-transform-export-namespace-from cache-miss
1558 silly packumentCache corgi:https://registry.npmjs.org/@babel%2fplugin-transform-for-of cache-miss
1559 silly packumentCache corgi:https://registry.npmjs.org/@babel%2fplugin-transform-function-name cache-miss
1560 silly packumentCache corgi:https://registry.npmjs.org/@babel%2fplugin-transform-json-strings cache-miss
1561 silly packumentCache corgi:https://registry.npmjs.org/@babel%2fplugin-transform-literals cache-miss
1562 silly packumentCache corgi:https://registry.npmjs.org/@babel%2fplugin-transform-logical-assignment-operators cache-miss
1563 silly packumentCache corgi:https://registry.npmjs.org/@babel%2fplugin-transform-member-expression-literals cache-miss
1564 silly packumentCache corgi:https://registry.npmjs.org/@babel%2fplugin-transform-modules-amd cache-miss
1565 silly packumentCache corgi:https://registry.npmjs.org/@babel%2fplugin-transform-modules-commonjs cache-miss
1566 silly packumentCache corgi:https://registry.npmjs.org/@babel%2fplugin-transform-modules-umd cache-miss
1567 silly packumentCache corgi:https://registry.npmjs.org/@babel%2fplugin-transform-named-capturing-groups-regex cache-miss
1568 silly packumentCache corgi:https://registry.npmjs.org/@babel%2fplugin-transform-new-target cache-miss
1569 silly packumentCache corgi:https://registry.npmjs.org/@babel%2fplugin-transform-nullish-coalescing-operator cache-miss
1570 silly packumentCache corgi:https://registry.npmjs.org/@babel%2fplugin-transform-numeric-separator cache-miss
1571 silly packumentCache corgi:https://registry.npmjs.org/@babel%2fplugin-transform-object-rest-spread cache-miss
1572 silly packumentCache corgi:https://registry.npmjs.org/@babel%2fplugin-transform-object-super cache-miss
1573 silly packumentCache corgi:https://registry.npmjs.org/@babel%2fplugin-transform-optional-catch-binding cache-miss
1574 silly packumentCache corgi:https://registry.npmjs.org/@babel%2fplugin-transform-optional-chaining cache-miss
1575 silly packumentCache corgi:https://registry.npmjs.org/@babel%2fplugin-transform-parameters cache-miss
1576 silly packumentCache corgi:https://registry.npmjs.org/@babel%2fplugin-transform-private-methods cache-miss
1577 silly packumentCache corgi:https://registry.npmjs.org/@babel%2fplugin-transform-private-property-in-object cache-miss
1578 silly packumentCache corgi:https://registry.npmjs.org/@babel%2fplugin-transform-property-literals cache-miss
1579 silly packumentCache corgi:https://registry.npmjs.org/@babel%2fplugin-transform-regenerator cache-miss
1580 silly packumentCache corgi:https://registry.npmjs.org/@babel%2fplugin-transform-reserved-words cache-miss
1581 silly packumentCache corgi:https://registry.npmjs.org/@babel%2fplugin-transform-runtime cache-miss
1582 silly packumentCache corgi:https://registry.npmjs.org/@babel%2fplugin-transform-shorthand-properties cache-miss
1583 silly packumentCache corgi:https://registry.npmjs.org/@babel%2fplugin-transform-spread cache-miss
1584 silly packumentCache corgi:https://registry.npmjs.org/@babel%2fplugin-transform-sticky-regex cache-miss
1585 silly packumentCache corgi:https://registry.npmjs.org/@babel%2fplugin-transform-template-literals cache-miss
1586 silly packumentCache corgi:https://registry.npmjs.org/@babel%2fplugin-transform-typeof-symbol cache-miss
1587 silly packumentCache corgi:https://registry.npmjs.org/@babel%2fplugin-transform-unicode-escapes cache-miss
1588 silly packumentCache corgi:https://registry.npmjs.org/@babel%2fplugin-transform-unicode-property-regex cache-miss
1589 silly packumentCache corgi:https://registry.npmjs.org/@babel%2fplugin-transform-unicode-regex cache-miss
1590 silly packumentCache corgi:https://registry.npmjs.org/@babel%2fplugin-transform-unicode-sets-regex cache-miss
1591 silly packumentCache corgi:https://registry.npmjs.org/@babel%2fpreset-env cache-miss
1592 silly packumentCache corgi:https://registry.npmjs.org/@babel%2fpreset-modules cache-miss
1593 silly packumentCache corgi:https://registry.npmjs.org/babel-loader cache-miss
1594 silly packumentCache corgi:https://registry.npmjs.org/babel-plugin-polyfill-corejs2 cache-miss
1595 silly packumentCache corgi:https://registry.npmjs.org/babel-plugin-polyfill-corejs3 cache-miss
1596 silly packumentCache corgi:https://registry.npmjs.org/babel-plugin-polyfill-regenerator cache-miss
1597 http cache https://registry.npmjs.org/@babel%2fhelper-create-class-features-plugin 27ms (cache hit)
1598 silly packumentCache corgi:https://registry.npmjs.org/@babel%2fhelper-create-class-features-plugin set size:225140 disposed:false
1599 http cache https://registry.npmjs.org/@babel%2fhelper-remap-async-to-generator 27ms (cache hit)
1600 silly packumentCache corgi:https://registry.npmjs.org/@babel%2fhelper-remap-async-to-generator set size:121738 disposed:false
1601 http cache https://registry.npmjs.org/@babel%2fhelper-create-regexp-features-plugin 29ms (cache hit)
1602 silly packumentCache corgi:https://registry.npmjs.org/@babel%2fhelper-create-regexp-features-plugin set size:102509 disposed:false
1603 http cache https://registry.npmjs.org/@babel%2fhelper-define-polyfill-provider 29ms (cache hit)
1604 silly packumentCache corgi:https://registry.npmjs.org/@babel%2fhelper-define-polyfill-provider set size:62899 disposed:false
1605 http cache https://registry.npmjs.org/@babel%2fplugin-bugfix-v8-spread-parameters-in-optional-chaining 29ms (cache hit)
1606 silly packumentCache corgi:https://registry.npmjs.org/@babel%2fplugin-bugfix-v8-spread-parameters-in-optional-chaining set size:75572 disposed:false
1607 http cache https://registry.npmjs.org/@babel%2fhelper-replace-supers 30ms (cache hit)
1608 silly packumentCache corgi:https://registry.npmjs.org/@babel%2fhelper-replace-supers set size:146043 disposed:false
1609 http cache https://registry.npmjs.org/@babel%2fplugin-proposal-private-property-in-object 31ms (cache hit)
1610 silly packumentCache corgi:https://registry.npmjs.org/@babel%2fplugin-proposal-private-property-in-object set size:48496 disposed:false
1611 http cache https://registry.npmjs.org/@babel%2fplugin-syntax-import-assertions 31ms (cache hit)
1612 silly packumentCache corgi:https://registry.npmjs.org/@babel%2fplugin-syntax-import-assertions set size:52563 disposed:false
1613 http cache https://registry.npmjs.org/@babel%2fhelper-module-transforms 32ms (cache hit)
1614 silly packumentCache corgi:https://registry.npmjs.org/@babel%2fhelper-module-transforms set size:187739 disposed:false
1615 http cache https://registry.npmjs.org/@babel%2fplugin-transform-arrow-functions 32ms (cache hit)
1616 silly packumentCache corgi:https://registry.npmjs.org/@babel%2fplugin-transform-arrow-functions set size:115260 disposed:false
1617 http cache https://registry.npmjs.org/@babel%2fplugin-bugfix-safari-id-destructuring-collision-in-function-expression 33ms (cache hit)
1618 silly packumentCache corgi:https://registry.npmjs.org/@babel%2fplugin-bugfix-safari-id-destructuring-collision-in-function-expression set size:62851 disposed:false
1619 http cache https://registry.npmjs.org/@babel%2fplugin-syntax-import-attributes 33ms (cache hit)
1620 silly packumentCache corgi:https://registry.npmjs.org/@babel%2fplugin-syntax-import-attributes set size:31768 disposed:false
1621 http cache https://registry.npmjs.org/@babel%2fplugin-transform-classes 33ms (cache hit)
1622 silly packumentCache corgi:https://registry.npmjs.org/@babel%2fplugin-transform-classes set size:196090 disposed:false
1623 http cache https://registry.npmjs.org/@babel%2fplugin-transform-async-generator-functions 34ms (cache hit)
1624 silly packumentCache corgi:https://registry.npmjs.org/@babel%2fplugin-transform-async-generator-functions set size:62140 disposed:false
1625 http cache https://registry.npmjs.org/@babel%2fplugin-transform-class-static-block 34ms (cache hit)
1626 silly packumentCache corgi:https://registry.npmjs.org/@babel%2fplugin-transform-class-static-block set size:52503 disposed:false
1627 http cache https://registry.npmjs.org/@babel%2fplugin-transform-block-scoped-functions 35ms (cache hit)
1628 silly packumentCache corgi:https://registry.npmjs.org/@babel%2fplugin-transform-block-scoped-functions set size:106398 disposed:false
1629 http cache https://registry.npmjs.org/@babel%2fplugin-transform-class-properties 35ms (cache hit)
1630 silly packumentCache corgi:https://registry.npmjs.org/@babel%2fplugin-transform-class-properties set size:41273 disposed:false
1631 http cache https://registry.npmjs.org/@babel%2fplugin-transform-duplicate-keys 35ms (cache hit)
1632 silly packumentCache corgi:https://registry.npmjs.org/@babel%2fplugin-transform-duplicate-keys set size:108702 disposed:false
1633 http cache https://registry.npmjs.org/@babel%2fplugin-transform-block-scoping 36ms (cache hit)
1634 silly packumentCache corgi:https://registry.npmjs.org/@babel%2fplugin-transform-block-scoping set size:173595 disposed:false
1635 http cache https://registry.npmjs.org/@babel%2fplugin-transform-async-to-generator 37ms (cache hit)
1636 silly packumentCache corgi:https://registry.npmjs.org/@babel%2fplugin-transform-async-to-generator set size:132919 disposed:false
1637 http cache https://registry.npmjs.org/@babel%2fplugin-transform-dotall-regex 37ms (cache hit)
1638 silly packumentCache corgi:https://registry.npmjs.org/@babel%2fplugin-transform-dotall-regex set size:113285 disposed:false
1639 http cache https://registry.npmjs.org/@babel%2fplugin-transform-export-namespace-from 37ms (cache hit)
1640 silly packumentCache corgi:https://registry.npmjs.org/@babel%2fplugin-transform-export-namespace-from set size:40837 disposed:false
1641 http cache https://registry.npmjs.org/@babel%2fplugin-transform-json-strings 38ms (cache hit)
1642 silly packumentCache corgi:https://registry.npmjs.org/@babel%2fplugin-transform-json-strings set size:40272 disposed:false
1643 http cache https://registry.npmjs.org/@babel%2fplugin-syntax-unicode-sets-regex 39ms (cache hit)
1644 silly packumentCache corgi:https://registry.npmjs.org/@babel%2fplugin-syntax-unicode-sets-regex set size:13214 disposed:false
1645 http cache https://registry.npmjs.org/@babel%2fplugin-transform-destructuring 38ms (cache hit)
1646 silly packumentCache corgi:https://registry.npmjs.org/@babel%2fplugin-transform-destructuring set size:158732 disposed:false
1647 http cache https://registry.npmjs.org/@babel%2fplugin-transform-dynamic-import 39ms (cache hit)
1648 silly packumentCache corgi:https://registry.npmjs.org/@babel%2fplugin-transform-dynamic-import set size:39773 disposed:false
1649 http cache https://registry.npmjs.org/@babel%2fplugin-transform-modules-amd 39ms (cache hit)
1650 silly packumentCache corgi:https://registry.npmjs.org/@babel%2fplugin-transform-modules-amd set size:136358 disposed:false
1651 http cache https://registry.npmjs.org/@babel%2fplugin-transform-for-of 39ms (cache hit)
1652 silly packumentCache corgi:https://registry.npmjs.org/@babel%2fplugin-transform-for-of set size:129658 disposed:false
1653 http cache https://registry.npmjs.org/@babel%2fplugin-transform-logical-assignment-operators 40ms (cache hit)
1654 silly packumentCache corgi:https://registry.npmjs.org/@babel%2fplugin-transform-logical-assignment-operators set size:47110 disposed:false
1655 http cache https://registry.npmjs.org/@babel%2fplugin-transform-computed-properties 41ms (cache hit)
1656 silly packumentCache corgi:https://registry.npmjs.org/@babel%2fplugin-transform-computed-properties set size:117599 disposed:false
1657 http cache https://registry.npmjs.org/@babel%2fplugin-transform-exponentiation-operator 41ms (cache hit)
1658 silly packumentCache corgi:https://registry.npmjs.org/@babel%2fplugin-transform-exponentiation-operator set size:115695 disposed:false
1659 http cache https://registry.npmjs.org/@babel%2fplugin-transform-modules-commonjs 41ms (cache hit)
1660 silly packumentCache corgi:https://registry.npmjs.org/@babel%2fplugin-transform-modules-commonjs set size:174466 disposed:false
1661 http cache https://registry.npmjs.org/@babel%2fplugin-transform-named-capturing-groups-regex 42ms (cache hit)
1662 silly packumentCache corgi:https://registry.npmjs.org/@babel%2fplugin-transform-named-capturing-groups-regex set size:100168 disposed:false
1663 http cache https://registry.npmjs.org/@babel%2fplugin-transform-modules-umd 42ms (cache hit)
1664 silly packumentCache corgi:https://registry.npmjs.org/@babel%2fplugin-transform-modules-umd set size:121997 disposed:false
1665 http cache https://registry.npmjs.org/@babel%2fplugin-transform-nullish-coalescing-operator 43ms (cache hit)
1666 silly packumentCache corgi:https://registry.npmjs.org/@babel%2fplugin-transform-nullish-coalescing-operator set size:44314 disposed:false
1667 http cache https://registry.npmjs.org/@babel%2fplugin-transform-member-expression-literals 43ms (cache hit)
1668 silly packumentCache corgi:https://registry.npmjs.org/@babel%2fplugin-transform-member-expression-literals set size:106683 disposed:false
1669 http cache https://registry.npmjs.org/@babel%2fplugin-transform-optional-chaining 43ms (cache hit)
1670 silly packumentCache corgi:https://registry.npmjs.org/@babel%2fplugin-transform-optional-chaining set size:56190 disposed:false
1671 http cache https://registry.npmjs.org/@babel%2fplugin-transform-function-name 45ms (cache hit)
1672 silly packumentCache corgi:https://registry.npmjs.org/@babel%2fplugin-transform-function-name set size:119337 disposed:false
1673 http cache https://registry.npmjs.org/@babel%2fplugin-transform-literals 46ms (cache hit)
1674 silly packumentCache corgi:https://registry.npmjs.org/@babel%2fplugin-transform-literals set size:105944 disposed:false
1675 http cache https://registry.npmjs.org/@babel%2fplugin-transform-numeric-separator 47ms (cache hit)
1676 silly packumentCache corgi:https://registry.npmjs.org/@babel%2fplugin-transform-numeric-separator set size:43871 disposed:false
1677 http cache https://registry.npmjs.org/@babel%2fplugin-transform-object-rest-spread 46ms (cache hit)
1678 silly packumentCache corgi:https://registry.npmjs.org/@babel%2fplugin-transform-object-rest-spread set size:56819 disposed:false
1679 http cache https://registry.npmjs.org/@babel%2fplugin-transform-private-methods 46ms (cache hit)
1680 silly packumentCache corgi:https://registry.npmjs.org/@babel%2fplugin-transform-private-methods set size:41140 disposed:false
1681 http cache https://registry.npmjs.org/@babel%2fplugin-transform-optional-catch-binding 47ms (cache hit)
1682 silly packumentCache corgi:https://registry.npmjs.org/@babel%2fplugin-transform-optional-catch-binding set size:41822 disposed:false
1683 http cache https://registry.npmjs.org/@babel%2fplugin-transform-reserved-words 47ms (cache hit)
1684 silly packumentCache corgi:https://registry.npmjs.org/@babel%2fplugin-transform-reserved-words set size:105094 disposed:false
1685 http cache https://registry.npmjs.org/@babel%2fplugin-transform-parameters 47ms (cache hit)
1686 silly packumentCache corgi:https://registry.npmjs.org/@babel%2fplugin-transform-parameters set size:149698 disposed:false
1687 http cache https://registry.npmjs.org/@babel%2fplugin-transform-new-target 49ms (cache hit)
1688 silly packumentCache corgi:https://registry.npmjs.org/@babel%2fplugin-transform-new-target set size:119936 disposed:false
1689 http cache https://registry.npmjs.org/@babel%2fplugin-transform-object-super 49ms (cache hit)
1690 silly packumentCache corgi:https://registry.npmjs.org/@babel%2fplugin-transform-object-super set size:110555 disposed:false
1691 http cache https://registry.npmjs.org/@babel%2fplugin-transform-private-property-in-object 50ms (cache hit)
1692 silly packumentCache corgi:https://registry.npmjs.org/@babel%2fplugin-transform-private-property-in-object set size:48379 disposed:false
1693 http cache https://registry.npmjs.org/@babel%2fplugin-transform-regenerator 50ms (cache hit)
1694 silly packumentCache corgi:https://registry.npmjs.org/@babel%2fplugin-transform-regenerator set size:150138 disposed:false
1695 http cache https://registry.npmjs.org/@babel%2fplugin-transform-sticky-regex 51ms (cache hit)
1696 silly packumentCache corgi:https://registry.npmjs.org/@babel%2fplugin-transform-sticky-regex set size:106218 disposed:false
1697 http cache https://registry.npmjs.org/@babel%2fplugin-transform-unicode-regex 52ms (cache hit)
1698 silly packumentCache corgi:https://registry.npmjs.org/@babel%2fplugin-transform-unicode-regex set size:115729 disposed:false
1699 http cache https://registry.npmjs.org/@babel%2fplugin-transform-property-literals 52ms (cache hit)
1700 silly packumentCache corgi:https://registry.npmjs.org/@babel%2fplugin-transform-property-literals set size:104150 disposed:false
1701 http cache https://registry.npmjs.org/@babel%2fplugin-transform-template-literals 53ms (cache hit)
1702 silly packumentCache corgi:https://registry.npmjs.org/@babel%2fplugin-transform-template-literals set size:119408 disposed:false
1703 http cache https://registry.npmjs.org/@babel%2fplugin-transform-runtime 54ms (cache hit)
1704 silly packumentCache corgi:https://registry.npmjs.org/@babel%2fplugin-transform-runtime set size:256527 disposed:false
1705 http cache https://registry.npmjs.org/@babel%2fplugin-transform-spread 55ms (cache hit)
1706 silly packumentCache corgi:https://registry.npmjs.org/@babel%2fplugin-transform-spread set size:124964 disposed:false
1707 http cache https://registry.npmjs.org/@babel%2fplugin-transform-shorthand-properties 56ms (cache hit)
1708 silly packumentCache corgi:https://registry.npmjs.org/@babel%2fplugin-transform-shorthand-properties set size:105139 disposed:false
1709 http cache https://registry.npmjs.org/@babel%2fplugin-transform-typeof-symbol 57ms (cache hit)
1710 silly packumentCache corgi:https://registry.npmjs.org/@babel%2fplugin-transform-typeof-symbol set size:119490 disposed:false
1711 http cache https://registry.npmjs.org/@babel%2fpreset-env 58ms (cache hit)
1712 silly packumentCache corgi:https://registry.npmjs.org/@babel%2fpreset-env set size:966126 disposed:false
1713 http cache https://registry.npmjs.org/@babel%2fplugin-transform-unicode-sets-regex 61ms (cache hit)
1714 silly packumentCache corgi:https://registry.npmjs.org/@babel%2fplugin-transform-unicode-sets-regex set size:41566 disposed:false
1715 http cache https://registry.npmjs.org/@babel%2fpreset-modules 61ms (cache hit)
1716 silly packumentCache corgi:https://registry.npmjs.org/@babel%2fpreset-modules set size:21335 disposed:false
1717 http cache https://registry.npmjs.org/@babel%2fplugin-transform-unicode-property-regex 63ms (cache hit)
1718 silly packumentCache corgi:https://registry.npmjs.org/@babel%2fplugin-transform-unicode-property-regex set size:41250 disposed:false
1719 http cache https://registry.npmjs.org/babel-plugin-polyfill-corejs3 66ms (cache hit)
1720 silly packumentCache corgi:https://registry.npmjs.org/babel-plugin-polyfill-corejs3 set size:90382 disposed:false
1721 http cache https://registry.npmjs.org/@babel%2fplugin-transform-unicode-escapes 67ms (cache hit)
1722 silly packumentCache corgi:https://registry.npmjs.org/@babel%2fplugin-transform-unicode-escapes set size:65124 disposed:false
1723 http cache https://registry.npmjs.org/babel-plugin-polyfill-corejs2 67ms (cache hit)
1724 silly packumentCache corgi:https://registry.npmjs.org/babel-plugin-polyfill-corejs2 set size:66942 disposed:false
1725 http cache https://registry.npmjs.org/babel-plugin-polyfill-regenerator 67ms (cache hit)
1726 silly packumentCache corgi:https://registry.npmjs.org/babel-plugin-polyfill-regenerator set size:55469 disposed:false
1727 http cache https://registry.npmjs.org/babel-loader 69ms (cache hit)
1728 silly packumentCache corgi:https://registry.npmjs.org/babel-loader set size:114589 disposed:false
1729 http fetch GET 200 https://registry.npmjs.org/@vue/compiler-dom/-/compiler-dom-3.2.31.tgz 4944ms (cache miss)
1730 http fetch GET 200 https://registry.npmjs.org/@babel%2fplugin-transform-duplicate-named-capturing-groups-regex 75ms (cache miss)
1731 silly packumentCache corgi:https://registry.npmjs.org/@babel%2fplugin-transform-duplicate-named-capturing-groups-regex set size:undefined disposed:false
1732 http fetch GET 200 https://registry.npmjs.org/@babel%2fplugin-bugfix-firefox-class-in-computed-class-key 76ms (cache miss)
1733 silly packumentCache corgi:https://registry.npmjs.org/@babel%2fplugin-bugfix-firefox-class-in-computed-class-key set size:undefined disposed:false
1734 http fetch GET 200 https://registry.npmjs.org/@vue/shared/-/shared-3.2.31.tgz 4944ms (cache miss)
1735 http fetch GET 200 https://registry.npmjs.org/@vue/shared/-/shared-3.2.31.tgz 4944ms (cache miss)
1736 http fetch GET 200 https://registry.npmjs.org/@babel%2fplugin-bugfix-safari-class-field-initializer-scope 86ms (cache miss)
1737 silly packumentCache corgi:https://registry.npmjs.org/@babel%2fplugin-bugfix-safari-class-field-initializer-scope set size:undefined disposed:false
1738 http fetch GET 200 https://registry.npmjs.org/@babel%2fplugin-bugfix-v8-static-class-fields-redefine-readonly 91ms (cache miss)
1739 silly packumentCache corgi:https://registry.npmjs.org/@babel%2fplugin-bugfix-v8-static-class-fields-redefine-readonly set size:undefined disposed:false
1740 silly packumentCache corgi:https://registry.npmjs.org/regenerator-transform cache-miss
1741 http cache https://registry.npmjs.org/regenerator-transform 1ms (cache hit)
1742 silly packumentCache corgi:https://registry.npmjs.org/regenerator-transform set size:38635 disposed:false
1743 silly packumentCache corgi:https://registry.npmjs.org/ajv-errors cache-miss
1744 silly packumentCache corgi:https://registry.npmjs.org/ajv-keywords cache-miss
1745 silly packumentCache corgi:https://registry.npmjs.org/schema-utils cache-miss
1746 http cache https://registry.npmjs.org/ajv-keywords 1ms (cache hit)
1747 silly packumentCache corgi:https://registry.npmjs.org/ajv-keywords set size:53509 disposed:false
1748 http cache https://registry.npmjs.org/ajv-errors 2ms (cache hit)
1749 silly packumentCache corgi:https://registry.npmjs.org/ajv-errors set size:15238 disposed:false
1750 http cache https://registry.npmjs.org/schema-utils 2ms (cache hit)
1751 silly packumentCache corgi:https://registry.npmjs.org/schema-utils set size:76871 disposed:false
1752 silly packumentCache corgi:https://registry.npmjs.org/express cache-miss
1753 http cache https://registry.npmjs.org/express 1ms (cache hit)
1754 silly packumentCache corgi:https://registry.npmjs.org/express set size:339376 disposed:false
1755 silly packumentCache corgi:https://registry.npmjs.org/chokidar cache-miss
1756 http cache https://registry.npmjs.org/chokidar 2ms (cache hit)
1757 silly packumentCache corgi:https://registry.npmjs.org/chokidar set size:119454 disposed:false
1758 silly packumentCache corgi:https://registry.npmjs.org/execa cache-miss
1759 http fetch GET 200 https://registry.npmjs.org/@vue/compiler-core/-/compiler-core-3.2.31.tgz 4974ms (cache miss)
1760 http cache https://registry.npmjs.org/execa 1ms (cache hit)
1761 silly packumentCache corgi:https://registry.npmjs.org/execa set size:91350 disposed:false
1762 silly packumentCache corgi:https://registry.npmjs.org/webpack-cli cache-miss
1763 http cache https://registry.npmjs.org/webpack-cli 1ms (cache hit)
1764 silly packumentCache corgi:https://registry.npmjs.org/webpack-cli set size:286642 disposed:false
1765 silly packumentCache corgi:https://registry.npmjs.org/http-proxy cache-miss
1766 http cache https://registry.npmjs.org/http-proxy 1ms (cache hit)
1767 silly packumentCache corgi:https://registry.npmjs.org/http-proxy set size:66005 disposed:false
1768 silly packumentCache corgi:https://registry.npmjs.org/anymatch cache-miss
1769 silly packumentCache corgi:https://registry.npmjs.org/readdirp cache-miss
1770 http cache https://registry.npmjs.org/anymatch 1ms (cache hit)
1771 silly packumentCache corgi:https://registry.npmjs.org/anymatch set size:18345 disposed:false
1772 http cache https://registry.npmjs.org/readdirp 1ms (cache hit)
1773 silly packumentCache corgi:https://registry.npmjs.org/readdirp set size:48044 disposed:false
1774 silly packumentCache corgi:https://registry.npmjs.org/sass cache-miss
1775 http fetch GET 200 https://registry.npmjs.org/@vue/shared/-/shared-3.2.31.tgz 4983ms (cache miss)
1776 http fetch GET 200 https://registry.npmjs.org/@vue/compiler-dom/-/compiler-dom-3.2.31.tgz 5127ms (cache miss)
1777 http fetch GET 200 https://registry.npmjs.org/@vue/compiler-ssr/-/compiler-ssr-3.2.31.tgz 5249ms (cache miss)
1778 http fetch GET 200 https://registry.npmjs.org/@vue/compiler-core/-/compiler-core-3.2.31.tgz 5293ms (cache miss)
1779 http fetch GET 200 https://registry.npmjs.org/sass 326ms (cache miss)
1780 silly packumentCache corgi:https://registry.npmjs.org/sass set size:undefined disposed:false
1781 silly packumentCache corgi:https://registry.npmjs.org/dns-packet cache-miss
1782 http cache https://registry.npmjs.org/dns-packet 1ms (cache hit)
1783 silly packumentCache corgi:https://registry.npmjs.org/dns-packet set size:47403 disposed:false
1784 silly packumentCache corgi:https://registry.npmjs.org/async cache-miss
1785 silly packumentCache corgi:https://registry.npmjs.org/html-webpack-plugin cache-miss
1786 silly packumentCache corgi:https://registry.npmjs.org/pretty-error cache-miss
1787 silly packumentCache corgi:https://registry.npmjs.org/renderkid cache-miss
1788 http cache https://registry.npmjs.org/async 3ms (cache hit)
1789 silly packumentCache corgi:https://registry.npmjs.org/async set size:98095 disposed:false
1790 http cache https://registry.npmjs.org/pretty-error 2ms (cache hit)
1791 silly packumentCache corgi:https://registry.npmjs.org/pretty-error set size:27665 disposed:false
1792 http cache https://registry.npmjs.org/renderkid 3ms (cache hit)
1793 silly packumentCache corgi:https://registry.npmjs.org/renderkid set size:28799 disposed:false
1794 http cache https://registry.npmjs.org/html-webpack-plugin 3ms (cache hit)
1795 silly packumentCache corgi:https://registry.npmjs.org/html-webpack-plugin set size:239196 disposed:false
1796 silly packumentCache corgi:https://registry.npmjs.org/glob cache-miss
1797 http cache https://registry.npmjs.org/glob 1ms (cache hit)
1798 silly packumentCache corgi:https://registry.npmjs.org/glob set size:199194 disposed:false
1799 silly packumentCache corgi:https://registry.npmjs.org/selfsigned cache-miss
1800 http cache https://registry.npmjs.org/selfsigned 1ms (cache hit)
1801 silly packumentCache corgi:https://registry.npmjs.org/selfsigned set size:37003 disposed:false
1802 silly packumentCache corgi:https://registry.npmjs.org/compression cache-miss
1803 http cache https://registry.npmjs.org/compression 1ms (cache hit)
1804 silly packumentCache corgi:https://registry.npmjs.org/compression set size:31993 disposed:false
1805 silly packumentCache corgi:https://registry.npmjs.org/@vue%2fcompiler-sfc cache-miss
1806 silly packumentCache corgi:https://registry.npmjs.org/css-loader cache-miss
1807 silly packumentCache corgi:https://registry.npmjs.org/icss-utils cache-miss
1808 silly packumentCache corgi:https://registry.npmjs.org/postcss-modules-extract-imports cache-miss
1809 silly packumentCache corgi:https://registry.npmjs.org/postcss-modules-local-by-default cache-miss
1810 silly packumentCache corgi:https://registry.npmjs.org/postcss-modules-scope cache-miss
1811 silly packumentCache corgi:https://registry.npmjs.org/postcss-modules-values cache-miss
1812 http cache https://registry.npmjs.org/icss-utils 2ms (cache hit)
1813 silly packumentCache corgi:https://registry.npmjs.org/icss-utils set size:13079 disposed:false
1814 http cache https://registry.npmjs.org/postcss-modules-extract-imports 5ms (cache hit)
1815 silly packumentCache corgi:https://registry.npmjs.org/postcss-modules-extract-imports set size:20843 disposed:false
1816 http cache https://registry.npmjs.org/postcss-modules-scope 6ms (cache hit)
1817 silly packumentCache corgi:https://registry.npmjs.org/postcss-modules-scope set size:31384 disposed:false
1818 http cache https://registry.npmjs.org/postcss-modules-local-by-default 6ms (cache hit)
1819 silly packumentCache corgi:https://registry.npmjs.org/postcss-modules-local-by-default set size:48451 disposed:false
1820 http cache https://registry.npmjs.org/css-loader 8ms (cache hit)
1821 silly packumentCache corgi:https://registry.npmjs.org/css-loader set size:243401 disposed:false
1822 http cache https://registry.npmjs.org/postcss-modules-values 15ms (cache hit)
1823 silly packumentCache corgi:https://registry.npmjs.org/postcss-modules-values set size:22165 disposed:false
1824 http fetch GET 200 https://registry.npmjs.org/@vue/compiler-sfc/-/compiler-sfc-3.2.31.tgz 5429ms (cache miss)
1825 http fetch GET 200 https://registry.npmjs.org/@vue%2fcompiler-sfc 157ms (cache miss)
1826 silly packumentCache corgi:https://registry.npmjs.org/@vue%2fcompiler-sfc set size:undefined disposed:false
1827 silly packumentCache corgi:https://registry.npmjs.org/url cache-miss
1828 http cache https://registry.npmjs.org/url 5ms (cache hit)
1829 silly packumentCache corgi:https://registry.npmjs.org/url set size:6951 disposed:false
1830 silly packumentCache corgi:https://registry.npmjs.org/terser-webpack-plugin cache-miss
1831 http cache https://registry.npmjs.org/terser-webpack-plugin 2ms (cache hit)
1832 silly packumentCache corgi:https://registry.npmjs.org/terser-webpack-plugin set size:213564 disposed:false
1833 silly packumentCache corgi:https://registry.npmjs.org/sockjs cache-miss
1834 silly packumentCache corgi:https://registry.npmjs.org/webpack-log cache-miss
1835 http cache https://registry.npmjs.org/sockjs 2ms (cache hit)
1836 silly packumentCache corgi:https://registry.npmjs.org/sockjs set size:25891 disposed:false
1837 http cache https://registry.npmjs.org/webpack-log 2ms (cache hit)
1838 silly packumentCache corgi:https://registry.npmjs.org/webpack-log set size:13044 disposed:false
1839 silly packumentCache corgi:https://registry.npmjs.org/@webpack-cli%2fconfigtest cache-miss
1840 silly packumentCache corgi:https://registry.npmjs.org/file-loader cache-miss
1841 silly packumentCache corgi:https://registry.npmjs.org/sass-loader cache-miss
1842 silly packumentCache corgi:https://registry.npmjs.org/style-loader cache-miss
1843 silly packumentCache corgi:https://registry.npmjs.org/vue-loader cache-miss
1844 http cache https://registry.npmjs.org/@webpack-cli%2fconfigtest 8ms (cache hit)
1845 silly packumentCache corgi:https://registry.npmjs.org/@webpack-cli%2fconfigtest set size:18021 disposed:false
1846 http cache https://registry.npmjs.org/style-loader 8ms (cache hit)
1847 silly packumentCache corgi:https://registry.npmjs.org/style-loader set size:87141 disposed:false
1848 http fetch GET 200 https://registry.npmjs.org/file-loader 52ms (cache miss)
1849 silly packumentCache corgi:https://registry.npmjs.org/file-loader set size:undefined disposed:false
1850 http fetch GET 200 https://registry.npmjs.org/sass-loader 68ms (cache miss)
1851 silly packumentCache corgi:https://registry.npmjs.org/sass-loader set size:undefined disposed:false
1852 http fetch GET 200 https://registry.npmjs.org/@vue/compiler-core/-/compiler-core-3.2.31.tgz 5691ms (cache miss)
1853 info run fsevents@1.2.13 install node_modules/fsevents node install.js
1854 http fetch GET 200 https://registry.npmjs.org/vue-loader 214ms (cache miss)
1855 silly packumentCache corgi:https://registry.npmjs.org/vue-loader set size:undefined disposed:false
1856 silly packumentCache corgi:https://registry.npmjs.org/faye-websocket cache-miss
1857 http cache https://registry.npmjs.org/faye-websocket 2ms (cache hit)
1858 silly packumentCache corgi:https://registry.npmjs.org/faye-websocket set size:19807 disposed:false
1859 silly packumentCache corgi:https://registry.npmjs.org/multicast-dns cache-miss
1860 http cache https://registry.npmjs.org/multicast-dns 2ms (cache hit)
1861 silly packumentCache corgi:https://registry.npmjs.org/multicast-dns set size:33661 disposed:false
1862 silly packumentCache corgi:https://registry.npmjs.org/bonjour cache-miss
1863 http cache https://registry.npmjs.org/bonjour 1ms (cache hit)
1864 silly packumentCache corgi:https://registry.npmjs.org/bonjour set size:8878 disposed:false
1865 info run fsevents@1.2.13 install { code: 0, signal: null }
1866 silly ADD node_modules/yargs-parser
1867 silly ADD node_modules/yargs
1868 silly ADD node_modules/yargs/node_modules/path-exists
1869 silly ADD node_modules/yargs/node_modules/p-locate
1870 silly ADD node_modules/yargs/node_modules/locate-path
1871 silly ADD node_modules/yargs/node_modules/find-up
1872 silly ADD node_modules/yallist
1873 silly ADD node_modules/y18n
1874 silly ADD node_modules/ws
1875 silly ADD node_modules/wrappy
1876 silly ADD node_modules/wrap-ansi
1877 silly ADD node_modules/wrap-ansi/node_modules/strip-ansi
1878 silly ADD node_modules/wrap-ansi/node_modules/ansi-regex
1879 silly ADD node_modules/wildcard
1880 silly ADD node_modules/which-typed-array
1881 silly ADD node_modules/which-module
1882 silly ADD node_modules/which-boxed-primitive
1883 silly ADD node_modules/which
1884 silly ADD node_modules/websocket-extensions
1885 silly ADD node_modules/websocket-driver
1886 silly ADD node_modules/webpack-sources
1887 silly ADD node_modules/webpack-merge
1888 silly ADD node_modules/webpack-log
1889 silly ADD node_modules/webpack-log/node_modules/uuid
1890 silly ADD node_modules/webpack-dev-server
1891 silly ADD node_modules/webpack-dev-server/node_modules/to-regex-range
1892 silly ADD node_modules/webpack-dev-server/node_modules/supports-color
1893 silly ADD node_modules/webpack-dev-server/node_modules/string_decoder
1894 silly ADD node_modules/webpack-dev-server/node_modules/schema-utils
1895 silly ADD node_modules/webpack-dev-server/node_modules/safe-buffer
1896 silly ADD node_modules/webpack-dev-server/node_modules/resolve-from
1897 silly ADD node_modules/webpack-dev-server/node_modules/resolve-cwd
1898 silly ADD node_modules/webpack-dev-server/node_modules/readdirp
1899 silly ADD node_modules/webpack-dev-server/node_modules/readable-stream
1900 silly ADD node_modules/webpack-dev-server/node_modules/pkg-dir
1901 silly ADD node_modules/webpack-dev-server/node_modules/path-exists
1902 silly ADD node_modules/webpack-dev-server/node_modules/p-locate
1903 silly ADD node_modules/webpack-dev-server/node_modules/micromatch
1904 silly ADD node_modules/webpack-dev-server/node_modules/locate-path
1905 silly ADD node_modules/webpack-dev-server/node_modules/isarray
1906 silly ADD node_modules/webpack-dev-server/node_modules/is-number
1907 silly ADD node_modules/webpack-dev-server/node_modules/is-number/node_modules/kind-of
1908 silly ADD node_modules/webpack-dev-server/node_modules/is-extendable
1909 silly ADD node_modules/webpack-dev-server/node_modules/import-local
1910 silly ADD node_modules/webpack-dev-server/node_modules/find-up
1911 silly ADD node_modules/webpack-dev-server/node_modules/fill-range
1912 silly ADD node_modules/webpack-dev-server/node_modules/fill-range/node_modules/extend-shallow
1913 silly ADD node_modules/webpack-dev-server/node_modules/chokidar
1914 silly ADD node_modules/webpack-dev-server/node_modules/braces
1915 silly ADD node_modules/webpack-dev-server/node_modules/braces/node_modules/extend-shallow
1916 silly ADD node_modules/webpack-dev-server/node_modules/anymatch
1917 silly ADD node_modules/webpack-dev-server/node_modules/anymatch/node_modules/normalize-path
1918 silly ADD node_modules/webpack-dev-middleware
1919 silly ADD node_modules/webpack-dev-middleware/node_modules/mime
1920 silly ADD node_modules/webpack-cli
1921 silly ADD node_modules/webpack-cli/node_modules/commander
1922 silly ADD node_modules/webpack
1923 silly ADD node_modules/webpack/node_modules/tapable
1924 silly ADD node_modules/webpack/node_modules/schema-utils
1925 silly ADD node_modules/wbuf
1926 silly ADD node_modules/watchpack
1927 silly ADD node_modules/vue-style-loader
1928 silly ADD node_modules/vue-style-loader/node_modules/loader-utils
1929 silly ADD node_modules/vue-style-loader/node_modules/json5
1930 silly ADD node_modules/vue-style-loader/node_modules/hash-sum
1931 silly ADD node_modules/vue-loader
1932 silly ADD node_modules/vue-loader/node_modules/supports-color
1933 silly ADD node_modules/vue-loader/node_modules/has-flag
1934 silly ADD node_modules/vue-loader/node_modules/color-name
1935 silly ADD node_modules/vue-loader/node_modules/color-convert
1936 silly ADD node_modules/vue-loader/node_modules/chalk
1937 silly ADD node_modules/vue-loader/node_modules/ansi-styles
1938 silly ADD node_modules/vue
1939 silly ADD node_modules/vue/node_modules/magic-string
1940 silly ADD node_modules/vue/node_modules/@vue/shared
1941 silly ADD node_modules/vue/node_modules/@vue/compiler-ssr
1942 silly ADD node_modules/vue/node_modules/@vue/compiler-sfc
1943 silly ADD node_modules/vue/node_modules/@vue/compiler-dom
1944 silly ADD node_modules/vue/node_modules/@vue/compiler-core
1945 silly ADD node_modules/vary
1946 silly ADD node_modules/uuid
1947 silly ADD node_modules/utils-merge
1948 silly ADD node_modules/utila
1949 silly ADD node_modules/util.promisify
1950 silly ADD node_modules/util-deprecate
1951 silly ADD node_modules/use
1952 silly ADD node_modules/url-parse
1953 silly ADD node_modules/url
1954 silly ADD node_modules/url/node_modules/punycode
1955 silly ADD node_modules/urix
1956 silly ADD node_modules/uri-js
1957 silly ADD node_modules/update-browserslist-db
1958 silly ADD node_modules/upath
1959 silly ADD node_modules/unset-value
1960 silly ADD node_modules/unset-value/node_modules/isarray
1961 silly ADD node_modules/unset-value/node_modules/has-values
1962 silly ADD node_modules/unset-value/node_modules/has-value
1963 silly ADD node_modules/unset-value/node_modules/has-value/node_modules/isobject
1964 silly ADD node_modules/unpipe
1965 silly ADD node_modules/union-value
1966 silly ADD node_modules/union-value/node_modules/is-extendable
1967 silly ADD node_modules/unicode-property-aliases-ecmascript
1968 silly ADD node_modules/unicode-match-property-value-ecmascript
1969 silly ADD node_modules/unicode-match-property-ecmascript
1970 silly ADD node_modules/unicode-canonical-property-names-ecmascript
1971 silly ADD node_modules/undici-types
1972 silly ADD node_modules/unbox-primitive
1973 silly ADD node_modules/typed-array-length
1974 silly ADD node_modules/typed-array-byte-offset
1975 silly ADD node_modules/typed-array-byte-length
1976 silly ADD node_modules/typed-array-buffer
1977 silly ADD node_modules/type-is
1978 silly ADD node_modules/tslib
1979 silly ADD node_modules/toidentifier
1980 silly ADD node_modules/to-regex-range
1981 silly ADD node_modules/to-regex
1982 silly ADD node_modules/to-object-path
1983 silly ADD node_modules/to-object-path/node_modules/kind-of
1984 silly ADD node_modules/to-fast-properties
1985 silly ADD node_modules/thunky
1986 silly ADD node_modules/terser-webpack-plugin
1987 silly ADD node_modules/terser-webpack-plugin/node_modules/terser
1988 silly ADD node_modules/terser-webpack-plugin/node_modules/schema-utils
1989 silly ADD node_modules/terser-webpack-plugin/node_modules/commander
1990 silly ADD node_modules/terser
1991 silly ADD node_modules/terser/node_modules/commander
1992 silly ADD node_modules/tapable
1993 silly ADD node_modules/supports-preserve-symlinks-flag
1994 silly ADD node_modules/supports-color
1995 silly ADD node_modules/style-loader
1996 silly ADD node_modules/style-loader/node_modules/schema-utils
1997 silly ADD node_modules/strip-eof
1998 silly ADD node_modules/strip-ansi
1999 silly ADD node_modules/string.prototype.trimstart
2000 silly ADD node_modules/string.prototype.trimend
2001 silly ADD node_modules/string.prototype.trim
2002 silly ADD node_modules/string-width
2003 silly ADD node_modules/string-width/node_modules/strip-ansi
2004 silly ADD node_modules/string-width/node_modules/ansi-regex
2005 silly ADD node_modules/string_decoder
2006 silly ADD node_modules/statuses
2007 silly ADD node_modules/static-extend
2008 silly ADD node_modules/static-extend/node_modules/is-descriptor
2009 silly ADD node_modules/static-extend/node_modules/define-property
2010 silly ADD node_modules/split-string
2011 silly ADD node_modules/spdy-transport
2012 silly ADD node_modules/spdy
2013 silly ADD node_modules/sourcemap-codec
2014 silly ADD node_modules/source-map-url
2015 silly ADD node_modules/source-map-support
2016 silly ADD node_modules/source-map-resolve
2017 silly ADD node_modules/source-map-js
2018 silly ADD node_modules/source-map
2019 silly ADD node_modules/sockjs-client
2020 silly ADD node_modules/sockjs-client/node_modules/debug
2021 silly ADD node_modules/sockjs
2022 silly ADD node_modules/snapdragon-util
2023 silly ADD node_modules/snapdragon-util/node_modules/kind-of
2024 silly ADD node_modules/snapdragon-node
2025 silly ADD node_modules/snapdragon-node/node_modules/define-property
2026 silly ADD node_modules/snapdragon
2027 silly ADD node_modules/snapdragon/node_modules/source-map
2028 silly ADD node_modules/snapdragon/node_modules/ms
2029 silly ADD node_modules/snapdragon/node_modules/is-extendable
2030 silly ADD node_modules/snapdragon/node_modules/is-descriptor
2031 silly ADD node_modules/snapdragon/node_modules/extend-shallow
2032 silly ADD node_modules/snapdragon/node_modules/define-property
2033 silly ADD node_modules/snapdragon/node_modules/debug
2034 silly ADD node_modules/signal-exit
2035 silly ADD node_modules/side-channel
2036 silly ADD node_modules/shebang-regex
2037 silly ADD node_modules/shebang-command
2038 silly ADD node_modules/shallow-clone
2039 silly ADD node_modules/setprototypeof
2040 silly ADD node_modules/set-value
2041 silly ADD node_modules/set-value/node_modules/is-extendable
2042 silly ADD node_modules/set-value/node_modules/extend-shallow
2043 silly ADD node_modules/set-function-name
2044 silly ADD node_modules/set-function-length
2045 silly ADD node_modules/set-blocking
2046 silly ADD node_modules/serve-static
2047 silly ADD node_modules/serve-index
2048 silly ADD node_modules/serve-index/node_modules/statuses
2049 silly ADD node_modules/serve-index/node_modules/setprototypeof
2050 silly ADD node_modules/serve-index/node_modules/ms
2051 silly ADD node_modules/serve-index/node_modules/inherits
2052 silly ADD node_modules/serve-index/node_modules/http-errors
2053 silly ADD node_modules/serve-index/node_modules/depd
2054 silly ADD node_modules/serve-index/node_modules/debug
2055 silly ADD node_modules/serialize-javascript
2056 silly ADD node_modules/send
2057 silly ADD node_modules/send/node_modules/encodeurl
2058 silly ADD node_modules/send/node_modules/debug
2059 silly ADD node_modules/send/node_modules/debug/node_modules/ms
2060 silly ADD node_modules/semver
2061 silly ADD node_modules/selfsigned
2062 silly ADD node_modules/select-hose
2063 silly ADD node_modules/schema-utils
2064 silly ADD node_modules/sass-loader
2065 silly ADD node_modules/sass
2066 silly ADD node_modules/safer-buffer
2067 silly ADD node_modules/safe-regex-test
2068 silly ADD node_modules/safe-regex
2069 silly ADD node_modules/safe-buffer
2070 silly ADD node_modules/safe-array-concat
2071 silly ADD node_modules/rimraf
2072 silly ADD node_modules/retry
2073 silly ADD node_modules/ret
2074 silly ADD node_modules/resolve-url
2075 silly ADD node_modules/resolve-from
2076 silly ADD node_modules/resolve-cwd
2077 silly ADD node_modules/resolve
2078 silly ADD node_modules/requires-port
2079 silly ADD node_modules/require-main-filename
2080 silly ADD node_modules/require-directory
2081 silly ADD node_modules/repeat-string
2082 silly ADD node_modules/repeat-element
2083 silly ADD node_modules/renderkid
2084 silly ADD node_modules/remove-trailing-separator
2085 silly ADD node_modules/relateurl
2086 silly ADD node_modules/regjsparser
2087 silly ADD node_modules/regjsgen
2088 silly ADD node_modules/regexpu-core
2089 silly ADD node_modules/regexp.prototype.flags
2090 silly ADD node_modules/regex-not
2091 silly ADD node_modules/regenerator-transform
2092 silly ADD node_modules/regenerator-runtime
2093 silly ADD node_modules/regenerate-unicode-properties
2094 silly ADD node_modules/regenerate
2095 silly ADD node_modules/rechoir
2096 silly ADD node_modules/readdirp
2097 silly ADD node_modules/readable-stream
2098 silly ADD node_modules/raw-body
2099 silly ADD node_modules/raw-body/node_modules/bytes
2100 silly ADD node_modules/range-parser
2101 silly ADD node_modules/randombytes
2102 silly ADD node_modules/querystringify
2103 silly ADD node_modules/qs
2104 silly ADD node_modules/punycode
2105 silly ADD node_modules/pump
2106 silly ADD node_modules/prr
2107 silly ADD node_modules/proxy-addr
2108 silly ADD node_modules/process-nextick-args
2109 silly ADD node_modules/primevue
2110 silly ADD node_modules/primeicons
2111 silly ADD node_modules/primeflex
2112 silly ADD node_modules/pretty-error
2113 silly ADD node_modules/postcss-value-parser
2114 silly ADD node_modules/postcss-selector-parser
2115 silly ADD node_modules/postcss-modules-values
2116 silly ADD node_modules/postcss-modules-scope
2117 silly ADD node_modules/postcss-modules-local-by-default
2118 silly ADD node_modules/postcss-modules-extract-imports
2119 silly ADD node_modules/postcss
2120 silly ADD node_modules/possible-typed-array-names
2121 silly ADD node_modules/posix-character-classes
2122 silly ADD node_modules/portfinder
2123 silly ADD node_modules/portfinder/node_modules/debug
2124 silly ADD node_modules/pkg-dir
2125 silly ADD node_modules/pinkie-promise
2126 silly ADD node_modules/pinkie
2127 silly ADD node_modules/pify
2128 silly ADD node_modules/picomatch
2129 silly ADD node_modules/picocolors
2130 silly ADD node_modules/path-to-regexp
2131 silly ADD node_modules/path-parse
2132 silly ADD node_modules/path-key
2133 silly ADD node_modules/path-is-inside
2134 silly ADD node_modules/path-is-absolute
2135 silly ADD node_modules/path-exists
2136 silly ADD node_modules/path-dirname
2137 silly ADD node_modules/pascalcase
2138 silly ADD node_modules/pascal-case
2139 silly ADD node_modules/parseurl
2140 silly ADD node_modules/param-case
2141 silly ADD node_modules/p-try
2142 silly ADD node_modules/p-retry
2143 silly ADD node_modules/p-map
2144 silly ADD node_modules/p-locate
2145 silly ADD node_modules/p-limit
2146 silly ADD node_modules/p-finally
2147 silly ADD node_modules/opn
2148 silly ADD node_modules/once
2149 silly ADD node_modules/on-headers
2150 silly ADD node_modules/on-finished
2151 silly ADD node_modules/obuf
2152 silly ADD node_modules/object.pick
2153 silly ADD node_modules/object.getownpropertydescriptors
2154 silly ADD node_modules/object.assign
2155 silly ADD node_modules/object-visit
2156 silly ADD node_modules/object-keys
2157 silly ADD node_modules/object-is
2158 silly ADD node_modules/object-inspect
2159 silly ADD node_modules/object-copy
2160 silly ADD node_modules/object-copy/node_modules/kind-of
2161 silly ADD node_modules/object-copy/node_modules/is-descriptor
2162 silly ADD node_modules/object-copy/node_modules/define-property
2163 silly ADD node_modules/object-assign
2164 silly ADD node_modules/nth-check
2165 silly ADD node_modules/npm-run-path
2166 silly ADD node_modules/npm-run-path/node_modules/path-key
2167 silly ADD node_modules/normalize-path
2168 silly ADD node_modules/node-releases
2169 silly ADD node_modules/node-forge
2170 silly ADD node_modules/node-addon-api
2171 silly ADD node_modules/no-case
2172 silly ADD node_modules/nice-try
2173 silly ADD node_modules/neo-async
2174 silly ADD node_modules/negotiator
2175 silly ADD node_modules/nanomatch
2176 silly ADD node_modules/nanoid
2177 silly ADD node_modules/nan
2178 silly ADD node_modules/multicast-dns-service-types
2179 silly ADD node_modules/multicast-dns
2180 silly ADD node_modules/ms
2181 silly ADD node_modules/mkdirp
2182 silly ADD node_modules/mixin-deep
2183 silly ADD node_modules/minimist
2184 silly ADD node_modules/minimatch
2185 silly ADD node_modules/minimalistic-assert
2186 silly ADD node_modules/mime-types
2187 silly ADD node_modules/mime-db
2188 silly ADD node_modules/mime
2189 silly ADD node_modules/micromatch
2190 silly ADD node_modules/methods
2191 silly ADD node_modules/merge-stream
2192 silly ADD node_modules/merge-descriptors
2193 silly ADD node_modules/memory-fs
2194 silly ADD node_modules/memory-fs/node_modules/string_decoder
2195 silly ADD node_modules/memory-fs/node_modules/safe-buffer
2196 silly ADD node_modules/memory-fs/node_modules/readable-stream
2197 silly ADD node_modules/memory-fs/node_modules/isarray
2198 silly ADD node_modules/media-typer
2199 silly ADD node_modules/map-visit
2200 silly ADD node_modules/map-cache
2201 silly ADD node_modules/make-dir
2202 silly ADD node_modules/magic-string
2203 silly ADD node_modules/lru-cache
2204 silly ADD node_modules/lower-case
2205 silly ADD node_modules/loglevel
2206 silly ADD node_modules/lodash.debounce
2207 silly ADD node_modules/lodash
2208 silly ADD node_modules/locate-path
2209 silly ADD node_modules/loader-utils
2210 silly ADD node_modules/loader-runner
2211 silly ADD node_modules/kind-of
2212 silly ADD node_modules/killable
2213 silly ADD node_modules/json5
2214 silly ADD node_modules/json-schema-traverse
2215 silly ADD node_modules/json-parse-even-better-errors
2216 silly ADD node_modules/jsesc
2217 silly ADD node_modules/js-tokens
2218 silly ADD node_modules/jest-worker
2219 silly ADD node_modules/jest-worker/node_modules/supports-color
2220 silly ADD node_modules/jest-worker/node_modules/has-flag
2221 silly ADD node_modules/isobject
2222 silly ADD node_modules/isexe
2223 silly ADD node_modules/isarray
2224 silly ADD node_modules/is-wsl
2225 silly ADD node_modules/is-windows
2226 silly ADD node_modules/is-weakref
2227 silly ADD node_modules/is-typed-array
2228 silly ADD node_modules/is-symbol
2229 silly ADD node_modules/is-string
2230 silly ADD node_modules/is-stream
2231 silly ADD node_modules/is-shared-array-buffer
2232 silly ADD node_modules/is-regex
2233 silly ADD node_modules/is-plain-object
2234 silly ADD node_modules/is-path-inside
2235 silly ADD node_modules/is-path-in-cwd
2236 silly ADD node_modules/is-path-cwd
2237 silly ADD node_modules/is-number-object
2238 silly ADD node_modules/is-number
2239 silly ADD node_modules/is-negative-zero
2240 silly ADD node_modules/is-glob
2241 silly ADD node_modules/is-fullwidth-code-point
2242 silly ADD node_modules/is-extglob
2243 silly ADD node_modules/is-extendable
2244 silly ADD node_modules/is-descriptor
2245 silly ADD node_modules/is-date-object
2246 silly ADD node_modules/is-data-view
2247 silly ADD node_modules/is-data-descriptor
2248 silly ADD node_modules/is-core-module
2249 silly ADD node_modules/is-callable
2250 silly ADD node_modules/is-buffer
2251 silly ADD node_modules/is-boolean-object
2252 silly ADD node_modules/is-binary-path
2253 silly ADD node_modules/is-bigint
2254 silly ADD node_modules/is-array-buffer
2255 silly ADD node_modules/is-arguments
2256 silly ADD node_modules/is-accessor-descriptor
2257 silly ADD node_modules/is-absolute-url
2258 silly ADD node_modules/ipaddr.js
2259 silly ADD node_modules/ip-regex
2260 silly ADD node_modules/ip
2261 silly ADD node_modules/interpret
2262 silly ADD node_modules/internal-slot
2263 silly ADD node_modules/internal-ip
2264 silly ADD node_modules/inherits
2265 silly ADD node_modules/inflight
2266 silly ADD node_modules/import-local
2267 silly ADD node_modules/immutable
2268 silly ADD node_modules/icss-utils
2269 silly ADD node_modules/iconv-lite
2270 silly ADD node_modules/http-proxy-middleware
2271 silly ADD node_modules/http-proxy-middleware/node_modules/to-regex-range
2272 silly ADD node_modules/http-proxy-middleware/node_modules/micromatch
2273 silly ADD node_modules/http-proxy-middleware/node_modules/is-number
2274 silly ADD node_modules/http-proxy-middleware/node_modules/is-number/node_modules/kind-of
2275 silly ADD node_modules/http-proxy-middleware/node_modules/is-extendable
2276 silly ADD node_modules/http-proxy-middleware/node_modules/fill-range
2277 silly ADD node_modules/http-proxy-middleware/node_modules/fill-range/node_modules/extend-shallow
2278 silly ADD node_modules/http-proxy-middleware/node_modules/braces
2279 silly ADD node_modules/http-proxy-middleware/node_modules/braces/node_modules/extend-shallow
2280 silly ADD node_modules/http-proxy
2281 silly ADD node_modules/http-parser-js
2282 silly ADD node_modules/http-errors
2283 silly ADD node_modules/http-deceiver
2284 silly ADD node_modules/htmlparser2
2285 silly ADD node_modules/htmlparser2/node_modules/entities
2286 silly ADD node_modules/html-webpack-plugin
2287 silly ADD node_modules/html-webpack-plugin/node_modules/loader-utils
2288 silly ADD node_modules/html-webpack-plugin/node_modules/json5
2289 silly ADD node_modules/html-minifier-terser
2290 silly ADD node_modules/html-entities
2291 silly ADD node_modules/hpack.js
2292 silly ADD node_modules/hpack.js/node_modules/string_decoder
2293 silly ADD node_modules/hpack.js/node_modules/safe-buffer
2294 silly ADD node_modules/hpack.js/node_modules/readable-stream
2295 silly ADD node_modules/hpack.js/node_modules/isarray
2296 silly ADD node_modules/he
2297 silly ADD node_modules/hasown
2298 silly ADD node_modules/hash-sum
2299 silly ADD node_modules/has-values
2300 silly ADD node_modules/has-values/node_modules/kind-of
2301 silly ADD node_modules/has-values/node_modules/is-number
2302 silly ADD node_modules/has-values/node_modules/is-number/node_modules/kind-of
2303 silly ADD node_modules/has-value
2304 silly ADD node_modules/has-tostringtag
2305 silly ADD node_modules/has-symbols
2306 silly ADD node_modules/has-proto
2307 silly ADD node_modules/has-property-descriptors
2308 silly ADD node_modules/has-flag
2309 silly ADD node_modules/has-bigints
2310 silly ADD node_modules/handle-thing
2311 silly ADD node_modules/graceful-fs
2312 silly ADD node_modules/gopd
2313 silly ADD node_modules/globby
2314 silly ADD node_modules/globby/node_modules/pify
2315 silly ADD node_modules/globalthis
2316 silly ADD node_modules/globals
2317 silly ADD node_modules/glob-to-regexp
2318 silly ADD node_modules/glob-parent
2319 silly ADD node_modules/glob-parent/node_modules/is-glob
2320 silly ADD node_modules/glob
2321 silly ADD node_modules/get-value
2322 silly ADD node_modules/get-symbol-description
2323 silly ADD node_modules/get-stream
2324 silly ADD node_modules/get-intrinsic
2325 silly ADD node_modules/get-caller-file
2326 silly ADD node_modules/gensync
2327 silly ADD node_modules/functions-have-names
2328 silly ADD node_modules/function.prototype.name
2329 silly ADD node_modules/function-bind
2330 silly ADD node_modules/fsevents
2331 silly ADD node_modules/fs.realpath
2332 silly ADD node_modules/fresh
2333 silly ADD node_modules/fragment-cache
2334 silly ADD node_modules/forwarded
2335 silly ADD node_modules/for-in
2336 silly ADD node_modules/for-each
2337 silly ADD node_modules/follow-redirects
2338 silly ADD node_modules/flat
2339 silly ADD node_modules/find-up
2340 silly ADD node_modules/find-cache-dir
2341 silly ADD node_modules/finalhandler
2342 silly ADD node_modules/finalhandler/node_modules/ms
2343 silly ADD node_modules/finalhandler/node_modules/debug
2344 silly ADD node_modules/fill-range
2345 silly ADD node_modules/file-uri-to-path
2346 silly ADD node_modules/file-loader
2347 silly ADD node_modules/file-loader/node_modules/schema-utils
2348 silly ADD node_modules/faye-websocket
2349 silly ADD node_modules/fastest-levenshtein
2350 silly ADD node_modules/fast-json-stable-stringify
2351 silly ADD node_modules/fast-deep-equal
2352 silly ADD node_modules/extglob
2353 silly ADD node_modules/extglob/node_modules/is-extendable
2354 silly ADD node_modules/extglob/node_modules/extend-shallow
2355 silly ADD node_modules/extglob/node_modules/define-property
2356 silly ADD node_modules/extend-shallow
2357 silly ADD node_modules/express
2358 silly ADD node_modules/express/node_modules/ms
2359 silly ADD node_modules/express/node_modules/debug
2360 silly ADD node_modules/express/node_modules/array-flatten
2361 silly ADD node_modules/expand-brackets
2362 silly ADD node_modules/expand-brackets/node_modules/ms
2363 silly ADD node_modules/expand-brackets/node_modules/is-extendable
2364 silly ADD node_modules/expand-brackets/node_modules/is-descriptor
2365 silly ADD node_modules/expand-brackets/node_modules/extend-shallow
2366 silly ADD node_modules/expand-brackets/node_modules/define-property
2367 silly ADD node_modules/expand-brackets/node_modules/debug
2368 silly ADD node_modules/execa
2369 silly ADD node_modules/execa/node_modules/which
2370 silly ADD node_modules/execa/node_modules/shebang-regex
2371 silly ADD node_modules/execa/node_modules/shebang-command
2372 silly ADD node_modules/execa/node_modules/semver
2373 silly ADD node_modules/execa/node_modules/path-key
2374 silly ADD node_modules/execa/node_modules/cross-spawn
2375 silly ADD node_modules/eventsource
2376 silly ADD node_modules/events
2377 silly ADD node_modules/eventemitter3
2378 silly ADD node_modules/etag
2379 silly ADD node_modules/esutils
2380 silly ADD node_modules/estree-walker
2381 silly ADD node_modules/estraverse
2382 silly ADD node_modules/esrecurse
2383 silly ADD node_modules/esrecurse/node_modules/estraverse
2384 silly ADD node_modules/eslint-scope
2385 silly ADD node_modules/escape-string-regexp
2386 silly ADD node_modules/escape-html
2387 silly ADD node_modules/escalade
2388 silly ADD node_modules/es-to-primitive
2389 silly ADD node_modules/es-set-tostringtag
2390 silly ADD node_modules/es-object-atoms
2391 silly ADD node_modules/es-module-lexer
2392 silly ADD node_modules/es-errors
2393 silly ADD node_modules/es-define-property
2394 silly ADD node_modules/es-array-method-boxes-properly
2395 silly ADD node_modules/es-abstract
2396 silly ADD node_modules/errno
2397 silly ADD node_modules/envinfo
2398 silly ADD node_modules/entities
2399 silly ADD node_modules/enhanced-resolve
2400 silly ADD node_modules/enhanced-resolve/node_modules/tapable
2401 silly ADD node_modules/end-of-stream
2402 silly ADD node_modules/encodeurl
2403 silly ADD node_modules/emojis-list
2404 silly ADD node_modules/emoji-regex
2405 silly ADD node_modules/electron-to-chromium
2406 silly ADD node_modules/ee-first
2407 silly ADD node_modules/dot-case
2408 silly ADD node_modules/domutils
2409 silly ADD node_modules/domhandler
2410 silly ADD node_modules/domelementtype
2411 silly ADD node_modules/dom-serializer
2412 silly ADD node_modules/dom-serializer/node_modules/entities
2413 silly ADD node_modules/dom-converter
2414 silly ADD node_modules/dns-txt
2415 silly ADD node_modules/dns-packet
2416 silly ADD node_modules/dns-equal
2417 silly ADD node_modules/detect-node
2418 silly ADD node_modules/detect-libc
2419 silly ADD node_modules/destroy
2420 silly ADD node_modules/depd
2421 silly ADD node_modules/del
2422 silly ADD node_modules/define-property
2423 silly ADD node_modules/define-properties
2424 silly ADD node_modules/define-data-property
2425 silly ADD node_modules/default-gateway
2426 silly ADD node_modules/deep-equal
2427 silly ADD node_modules/decode-uri-component
2428 silly ADD node_modules/decamelize
2429 silly ADD node_modules/debug
2430 silly ADD node_modules/data-view-byte-offset
2431 silly ADD node_modules/data-view-byte-length
2432 silly ADD node_modules/data-view-buffer
2433 silly ADD node_modules/csstype
2434 silly ADD node_modules/cssesc
2435 silly ADD node_modules/css-what
2436 silly ADD node_modules/css-select
2437 silly ADD node_modules/css-loader
2438 silly ADD node_modules/css-loader/node_modules/semver
2439 silly ADD node_modules/css-loader/node_modules/schema-utils
2440 silly ADD node_modules/cross-spawn
2441 silly ADD node_modules/core-util-is
2442 silly ADD node_modules/core-js-compat
2443 silly ADD node_modules/copy-descriptor
2444 silly ADD node_modules/cookie-signature
2445 silly ADD node_modules/cookie
2446 silly ADD node_modules/convert-source-map
2447 silly ADD node_modules/content-type
2448 silly ADD node_modules/content-disposition
2449 silly ADD node_modules/connect-history-api-fallback
2450 silly ADD node_modules/concat-map
2451 silly ADD node_modules/compression
2452 silly ADD node_modules/compression/node_modules/safe-buffer
2453 silly ADD node_modules/compression/node_modules/ms
2454 silly ADD node_modules/compression/node_modules/debug
2455 silly ADD node_modules/compressible
2456 silly ADD node_modules/component-emitter
2457 silly ADD node_modules/commondir
2458 silly ADD node_modules/commander
2459 silly ADD node_modules/colorette
2460 silly ADD node_modules/color-name
2461 silly ADD node_modules/color-convert
2462 silly ADD node_modules/collection-visit
2463 silly ADD node_modules/clone-deep
2464 silly ADD node_modules/cliui
2465 silly ADD node_modules/cliui/node_modules/strip-ansi
2466 silly ADD node_modules/cliui/node_modules/ansi-regex
2467 silly ADD node_modules/clean-css
2468 silly ADD node_modules/class-utils
2469 silly ADD node_modules/class-utils/node_modules/is-descriptor
2470 silly ADD node_modules/class-utils/node_modules/define-property
2471 silly ADD node_modules/chrome-trace-event
2472 silly ADD node_modules/chokidar
2473 silly ADD node_modules/chart.js
2474 silly ADD node_modules/chalk
2475 silly ADD node_modules/caniuse-lite
2476 silly ADD node_modules/camelcase
2477 silly ADD node_modules/camel-case
2478 silly ADD node_modules/call-bind
2479 silly ADD node_modules/cache-base
2480 silly ADD node_modules/bytes
2481 silly ADD node_modules/buffer-indexof
2482 silly ADD node_modules/buffer-from
2483 silly ADD node_modules/browserslist
2484 silly ADD node_modules/braces
2485 silly ADD node_modules/brace-expansion
2486 silly ADD node_modules/boolbase
2487 silly ADD node_modules/bonjour
2488 silly ADD node_modules/body-parser
2489 silly ADD node_modules/body-parser/node_modules/ms
2490 silly ADD node_modules/body-parser/node_modules/debug
2491 silly ADD node_modules/body-parser/node_modules/bytes
2492 silly ADD node_modules/bindings
2493 silly ADD node_modules/binary-extensions
2494 silly ADD node_modules/big.js
2495 silly ADD node_modules/batch
2496 silly ADD node_modules/base
2497 silly ADD node_modules/base/node_modules/define-property
2498 silly ADD node_modules/balanced-match
2499 silly ADD node_modules/babel-plugin-polyfill-regenerator
2500 silly ADD node_modules/babel-plugin-polyfill-corejs3
2501 silly ADD node_modules/babel-plugin-polyfill-corejs2
2502 silly ADD node_modules/babel-loader
2503 silly ADD node_modules/available-typed-arrays
2504 silly ADD node_modules/atob
2505 silly ADD node_modules/async-limiter
2506 silly ADD node_modules/async-each
2507 silly ADD node_modules/async
2508 silly ADD node_modules/assign-symbols
2509 silly ADD node_modules/arraybuffer.prototype.slice
2510 silly ADD node_modules/array.prototype.reduce
2511 silly ADD node_modules/array-unique
2512 silly ADD node_modules/array-uniq
2513 silly ADD node_modules/array-union
2514 silly ADD node_modules/array-flatten
2515 silly ADD node_modules/array-buffer-byte-length
2516 silly ADD node_modules/arr-union
2517 silly ADD node_modules/arr-flatten
2518 silly ADD node_modules/arr-diff
2519 silly ADD node_modules/anymatch
2520 silly ADD node_modules/ansi-styles
2521 silly ADD node_modules/ansi-regex
2522 silly ADD node_modules/ansi-html-community
2523 silly ADD node_modules/ansi-colors
2524 silly ADD node_modules/ajv-keywords
2525 silly ADD node_modules/ajv-errors
2526 silly ADD node_modules/ajv
2527 silly ADD node_modules/acorn-import-attributes
2528 silly ADD node_modules/acorn
2529 silly ADD node_modules/accepts
2530 silly ADD node_modules/@xtuc/long
2531 silly ADD node_modules/@xtuc/ieee754
2532 silly ADD node_modules/@webpack-cli/serve
2533 silly ADD node_modules/@webpack-cli/info
2534 silly ADD node_modules/@webpack-cli/configtest
2535 silly ADD node_modules/@webassemblyjs/wast-printer
2536 silly ADD node_modules/@webassemblyjs/wasm-parser
2537 silly ADD node_modules/@webassemblyjs/wasm-opt
2538 silly ADD node_modules/@webassemblyjs/wasm-gen
2539 silly ADD node_modules/@webassemblyjs/wasm-edit
2540 silly ADD node_modules/@webassemblyjs/utf8
2541 silly ADD node_modules/@webassemblyjs/leb128
2542 silly ADD node_modules/@webassemblyjs/ieee754
2543 silly ADD node_modules/@webassemblyjs/helper-wasm-section
2544 silly ADD node_modules/@webassemblyjs/helper-wasm-bytecode
2545 silly ADD node_modules/@webassemblyjs/helper-numbers
2546 silly ADD node_modules/@webassemblyjs/helper-buffer
2547 silly ADD node_modules/@webassemblyjs/helper-api-error
2548 silly ADD node_modules/@webassemblyjs/floating-point-hex-parser
2549 silly ADD node_modules/@webassemblyjs/ast
2550 silly ADD node_modules/@vue/shared
2551 silly ADD node_modules/@vue/server-renderer
2552 silly ADD node_modules/@vue/server-renderer/node_modules/@vue/shared
2553 silly ADD node_modules/@vue/server-renderer/node_modules/@vue/compiler-ssr
2554 silly ADD node_modules/@vue/server-renderer/node_modules/@vue/compiler-dom
2555 silly ADD node_modules/@vue/server-renderer/node_modules/@vue/compiler-core
2556 silly ADD node_modules/@vue/runtime-dom
2557 silly ADD node_modules/@vue/runtime-dom/node_modules/@vue/shared
2558 silly ADD node_modules/@vue/runtime-core
2559 silly ADD node_modules/@vue/runtime-core/node_modules/@vue/shared
2560 silly ADD node_modules/@vue/reactivity-transform
2561 silly ADD node_modules/@vue/reactivity-transform/node_modules/magic-string
2562 silly ADD node_modules/@vue/reactivity-transform/node_modules/@vue/shared
2563 silly ADD node_modules/@vue/reactivity-transform/node_modules/@vue/compiler-core
2564 silly ADD node_modules/@vue/reactivity
2565 silly ADD node_modules/@vue/reactivity/node_modules/@vue/shared
2566 silly ADD node_modules/@vue/compiler-ssr
2567 silly ADD node_modules/@vue/compiler-sfc
2568 silly ADD node_modules/@vue/compiler-dom
2569 silly ADD node_modules/@vue/compiler-core
2570 silly ADD node_modules/@types/webpack-sources
2571 silly ADD node_modules/@types/webpack-sources/node_modules/source-map
2572 silly ADD node_modules/@types/webpack
2573 silly ADD node_modules/@types/uglify-js
2574 silly ADD node_modules/@types/tapable
2575 silly ADD node_modules/@types/source-list-map
2576 silly ADD node_modules/@types/node
2577 silly ADD node_modules/@types/minimatch
2578 silly ADD node_modules/@types/json-schema
2579 silly ADD node_modules/@types/html-minifier-terser
2580 silly ADD node_modules/@types/glob
2581 silly ADD node_modules/@types/estree
2582 silly ADD node_modules/@parcel/watcher-darwin-arm64
2583 silly ADD node_modules/@parcel/watcher
2584 silly ADD node_modules/@jridgewell/trace-mapping
2585 silly ADD node_modules/@jridgewell/sourcemap-codec
2586 silly ADD node_modules/@jridgewell/source-map
2587 silly ADD node_modules/@jridgewell/set-array
2588 silly ADD node_modules/@jridgewell/resolve-uri
2589 silly ADD node_modules/@jridgewell/gen-mapping
2590 silly ADD node_modules/@discoveryjs/json-ext
2591 silly ADD node_modules/@babel/types
2592 silly ADD node_modules/@babel/traverse
2593 silly ADD node_modules/@babel/template
2594 silly ADD node_modules/@babel/runtime
2595 silly ADD node_modules/@babel/preset-modules
2596 silly ADD node_modules/@babel/preset-env
2597 silly ADD node_modules/@babel/plugin-transform-unicode-sets-regex
2598 silly ADD node_modules/@babel/plugin-transform-unicode-regex
2599 silly ADD node_modules/@babel/plugin-transform-unicode-property-regex
2600 silly ADD node_modules/@babel/plugin-transform-unicode-escapes
2601 silly ADD node_modules/@babel/plugin-transform-typeof-symbol
2602 silly ADD node_modules/@babel/plugin-transform-template-literals
2603 silly ADD node_modules/@babel/plugin-transform-sticky-regex
2604 silly ADD node_modules/@babel/plugin-transform-spread
2605 silly ADD node_modules/@babel/plugin-transform-shorthand-properties
2606 silly ADD node_modules/@babel/plugin-transform-runtime
2607 silly ADD node_modules/@babel/plugin-transform-reserved-words
2608 silly ADD node_modules/@babel/plugin-transform-regenerator
2609 silly ADD node_modules/@babel/plugin-transform-property-literals
2610 silly ADD node_modules/@babel/plugin-transform-private-property-in-object
2611 silly ADD node_modules/@babel/plugin-transform-private-methods
2612 silly ADD node_modules/@babel/plugin-transform-parameters
2613 silly ADD node_modules/@babel/plugin-transform-optional-chaining
2614 silly ADD node_modules/@babel/plugin-transform-optional-catch-binding
2615 silly ADD node_modules/@babel/plugin-transform-object-super
2616 silly ADD node_modules/@babel/plugin-transform-object-rest-spread
2617 silly ADD node_modules/@babel/plugin-transform-numeric-separator
2618 silly ADD node_modules/@babel/plugin-transform-nullish-coalescing-operator
2619 silly ADD node_modules/@babel/plugin-transform-new-target
2620 silly ADD node_modules/@babel/plugin-transform-named-capturing-groups-regex
2621 silly ADD node_modules/@babel/plugin-transform-modules-umd
2622 silly ADD node_modules/@babel/plugin-transform-modules-systemjs
2623 silly ADD node_modules/@babel/plugin-transform-modules-commonjs
2624 silly ADD node_modules/@babel/plugin-transform-modules-amd
2625 silly ADD node_modules/@babel/plugin-transform-member-expression-literals
2626 silly ADD node_modules/@babel/plugin-transform-logical-assignment-operators
2627 silly ADD node_modules/@babel/plugin-transform-literals
2628 silly ADD node_modules/@babel/plugin-transform-json-strings
2629 silly ADD node_modules/@babel/plugin-transform-function-name
2630 silly ADD node_modules/@babel/plugin-transform-for-of
2631 silly ADD node_modules/@babel/plugin-transform-export-namespace-from
2632 silly ADD node_modules/@babel/plugin-transform-exponentiation-operator
2633 silly ADD node_modules/@babel/plugin-transform-dynamic-import
2634 silly ADD node_modules/@babel/plugin-transform-duplicate-named-capturing-groups-regex
2635 silly ADD node_modules/@babel/plugin-transform-duplicate-keys
2636 silly ADD node_modules/@babel/plugin-transform-dotall-regex
2637 silly ADD node_modules/@babel/plugin-transform-destructuring
2638 silly ADD node_modules/@babel/plugin-transform-computed-properties
2639 silly ADD node_modules/@babel/plugin-transform-classes
2640 silly ADD node_modules/@babel/plugin-transform-class-static-block
2641 silly ADD node_modules/@babel/plugin-transform-class-properties
2642 silly ADD node_modules/@babel/plugin-transform-block-scoping
2643 silly ADD node_modules/@babel/plugin-transform-block-scoped-functions
2644 silly ADD node_modules/@babel/plugin-transform-async-to-generator
2645 silly ADD node_modules/@babel/plugin-transform-async-generator-functions
2646 silly ADD node_modules/@babel/plugin-transform-arrow-functions
2647 silly ADD node_modules/@babel/plugin-syntax-unicode-sets-regex
2648 silly ADD node_modules/@babel/plugin-syntax-import-attributes
2649 silly ADD node_modules/@babel/plugin-syntax-import-assertions
2650 silly ADD node_modules/@babel/plugin-proposal-private-property-in-object
2651 silly ADD node_modules/@babel/plugin-bugfix-v8-static-class-fields-redefine-readonly
2652 silly ADD node_modules/@babel/plugin-bugfix-v8-spread-parameters-in-optional-chaining
2653 silly ADD node_modules/@babel/plugin-bugfix-safari-id-destructuring-collision-in-function-expression
2654 silly ADD node_modules/@babel/plugin-bugfix-safari-class-field-initializer-scope
2655 silly ADD node_modules/@babel/plugin-bugfix-firefox-class-in-computed-class-key
2656 silly ADD node_modules/@babel/parser
2657 silly ADD node_modules/@babel/highlight
2658 silly ADD node_modules/@babel/helpers
2659 silly ADD node_modules/@babel/helper-wrap-function
2660 silly ADD node_modules/@babel/helper-validator-option
2661 silly ADD node_modules/@babel/helper-validator-identifier
2662 silly ADD node_modules/@babel/helper-string-parser
2663 silly ADD node_modules/@babel/helper-skip-transparent-expression-wrappers
2664 silly ADD node_modules/@babel/helper-simple-access
2665 silly ADD node_modules/@babel/helper-replace-supers
2666 silly ADD node_modules/@babel/helper-remap-async-to-generator
2667 silly ADD node_modules/@babel/helper-plugin-utils
2668 silly ADD node_modules/@babel/helper-optimise-call-expression
2669 silly ADD node_modules/@babel/helper-module-transforms
2670 silly ADD node_modules/@babel/helper-module-imports
2671 silly ADD node_modules/@babel/helper-member-expression-to-functions
2672 silly ADD node_modules/@babel/helper-define-polyfill-provider
2673 silly ADD node_modules/@babel/helper-create-regexp-features-plugin
2674 silly ADD node_modules/@babel/helper-create-class-features-plugin
2675 silly ADD node_modules/@babel/helper-compilation-targets
2676 silly ADD node_modules/@babel/helper-builder-binary-assignment-operator-visitor
2677 silly ADD node_modules/@babel/helper-annotate-as-pure
2678 silly ADD node_modules/@babel/generator
2679 silly ADD node_modules/@babel/core
2680 silly ADD node_modules/@babel/compat-data
2681 silly ADD node_modules/@babel/code-frame
2682 silly ADD node_modules/@ampproject/remapping
2683 warn allow-scripts 1 package has install scripts not yet covered by allowScripts:
2683 warn allow-scripts   fsevents@1.2.13 (install: node install.js)
2683 warn allow-scripts
2683 warn allow-scripts Run `npm approve-scripts --allow-scripts-pending` to review, or `npm approve-scripts <pkg>` to allow.
2684 verbose cwd /Users/dilliswararaogalala/workspace/personal/micro-frontend/mfp/packages/dashboard
2685 verbose os Darwin 25.6.0
2686 verbose node v26.3.1
2687 verbose npm  v11.16.0
2688 verbose exit 0
2689 info ok
