0 verbose cli /opt/homebrew/Cellar/node/26.3.1/bin/node /opt/homebrew/bin/npm
1 info using npm@11.16.0
2 info using node@v26.3.1
3 silly config load:file:/opt/homebrew/lib/node_modules/npm/npmrc
4 silly config load:file:/Users/dilliswararaogalala/workspace/personal/micro-frontend/mfp/packages/auth/.npmrc
5 silly config load:file:/Users/dilliswararaogalala/.npmrc
6 silly config load:file:/opt/homebrew/etc/npmrc
7 verbose title npm install
8 verbose argv "install" "--cache" "/Users/dilliswararaogalala/workspace/personal/micro-frontend/mfp/.npm-cache"
9 verbose logfile logs-max:10 dir:/Users/dilliswararaogalala/workspace/personal/micro-frontend/mfp/.npm-cache/_logs/2026-08-10T05_29_26_519Z-
10 verbose logfile /Users/dilliswararaogalala/workspace/personal/micro-frontend/mfp/.npm-cache/_logs/2026-08-10T05_29_26_519Z-debug-0.log
11 silly logfile done cleaning log files
12 silly packumentCache heap:4395630592 maxSize:1098907648 maxEntrySize:549453824
13 silly idealTree buildDeps
14 silly fetch manifest @types/react@^16.8.6 || ^17.0.0
15 silly packumentCache full:https://registry.npmjs.org/@types%2freact cache-miss
16 http fetch GET 200 https://registry.npmjs.org/npm 282ms
17 http fetch GET 200 https://registry.npmjs.org/@types%2freact 235ms (cache miss)
18 silly packumentCache full:https://registry.npmjs.org/@types%2freact set size:undefined disposed:false
19 silly placeDep ROOT @types/react@17.0.93 REPLACE for: @material-ui/core@4.12.4 want: ^16.8.6 || ^17.0.0
20 silly fetch manifest csstype@^3.2.2
21 silly packumentCache full:https://registry.npmjs.org/csstype cache-miss
22 http fetch GET 200 https://registry.npmjs.org/csstype 53ms (cache miss)
23 silly packumentCache full:https://registry.npmjs.org/csstype set size:undefined disposed:false
24 silly placeDep node_modules/@types/react csstype@3.2.3 OK for: @types/react@17.0.93 want: ^3.2.2
25 silly reify moves {}
26 silly audit bulk request {
26 silly audit   '@ampproject/remapping': [ '2.2.1' ],
26 silly audit   '@babel/code-frame': [ '7.22.5' ],
26 silly audit   '@babel/compat-data': [ '7.22.5' ],
26 silly audit   '@babel/core': [ '7.22.5' ],
26 silly audit   '@babel/generator': [ '7.22.5' ],
26 silly audit   '@babel/helper-annotate-as-pure': [ '7.22.5' ],
26 silly audit   '@babel/helper-builder-binary-assignment-operator-visitor': [ '7.22.5' ],
26 silly audit   '@babel/helper-compilation-targets': [ '7.22.5' ],
26 silly audit   '@babel/helper-create-class-features-plugin': [ '7.22.5' ],
26 silly audit   '@babel/helper-create-regexp-features-plugin': [ '7.22.5' ],
26 silly audit   '@babel/helper-define-polyfill-provider': [ '0.4.0' ],
26 silly audit   '@babel/helper-environment-visitor': [ '7.22.5' ],
26 silly audit   '@babel/helper-function-name': [ '7.22.5' ],
26 silly audit   '@babel/helper-hoist-variables': [ '7.22.5' ],
26 silly audit   '@babel/helper-member-expression-to-functions': [ '7.22.5' ],
26 silly audit   '@babel/helper-module-imports': [ '7.22.5' ],
26 silly audit   '@babel/helper-module-transforms': [ '7.22.5' ],
26 silly audit   '@babel/helper-optimise-call-expression': [ '7.22.5' ],
26 silly audit   '@babel/helper-plugin-utils': [ '7.22.5' ],
26 silly audit   '@babel/helper-remap-async-to-generator': [ '7.22.5' ],
26 silly audit   '@babel/helper-replace-supers': [ '7.22.5' ],
26 silly audit   '@babel/helper-simple-access': [ '7.22.5' ],
26 silly audit   '@babel/helper-skip-transparent-expression-wrappers': [ '7.22.5' ],
26 silly audit   '@babel/helper-split-export-declaration': [ '7.22.5' ],
26 silly audit   '@babel/helper-string-parser': [ '7.22.5' ],
26 silly audit   '@babel/helper-validator-identifier': [ '7.22.5' ],
26 silly audit   '@babel/helper-validator-option': [ '7.22.5' ],
26 silly audit   '@babel/helper-wrap-function': [ '7.22.5' ],
26 silly audit   '@babel/helpers': [ '7.22.5' ],
26 silly audit   '@babel/highlight': [ '7.22.5' ],
26 silly audit   '@babel/parser': [ '7.22.5' ],
26 silly audit   '@babel/plugin-bugfix-safari-id-destructuring-collision-in-function-expression': [ '7.22.5' ],
26 silly audit   '@babel/plugin-bugfix-v8-spread-parameters-in-optional-chaining': [ '7.22.5' ],
26 silly audit   '@babel/plugin-proposal-private-property-in-object': [ '7.21.0-placeholder-for-preset-env.2' ],
26 silly audit   '@babel/plugin-proposal-unicode-property-regex': [ '7.18.6' ],
26 silly audit   '@babel/plugin-syntax-async-generators': [ '7.8.4' ],
26 silly audit   '@babel/plugin-syntax-class-properties': [ '7.12.13' ],
26 silly audit   '@babel/plugin-syntax-class-static-block': [ '7.14.5' ],
26 silly audit   '@babel/plugin-syntax-dynamic-import': [ '7.8.3' ],
26 silly audit   '@babel/plugin-syntax-export-namespace-from': [ '7.8.3' ],
26 silly audit   '@babel/plugin-syntax-import-assertions': [ '7.22.5' ],
26 silly audit   '@babel/plugin-syntax-import-attributes': [ '7.22.5' ],
26 silly audit   '@babel/plugin-syntax-import-meta': [ '7.10.4' ],
26 silly audit   '@babel/plugin-syntax-json-strings': [ '7.8.3' ],
26 silly audit   '@babel/plugin-syntax-jsx': [ '7.22.5' ],
26 silly audit   '@babel/plugin-syntax-logical-assignment-operators': [ '7.10.4' ],
26 silly audit   '@babel/plugin-syntax-nullish-coalescing-operator': [ '7.8.3' ],
26 silly audit   '@babel/plugin-syntax-numeric-separator': [ '7.10.4' ],
26 silly audit   '@babel/plugin-syntax-object-rest-spread': [ '7.8.3' ],
26 silly audit   '@babel/plugin-syntax-optional-catch-binding': [ '7.8.3' ],
26 silly audit   '@babel/plugin-syntax-optional-chaining': [ '7.8.3' ],
26 silly audit   '@babel/plugin-syntax-private-property-in-object': [ '7.14.5' ],
26 silly audit   '@babel/plugin-syntax-top-level-await': [ '7.14.5' ],
26 silly audit   '@babel/plugin-syntax-unicode-sets-regex': [ '7.18.6' ],
26 silly audit   '@babel/plugin-transform-arrow-functions': [ '7.22.5' ],
26 silly audit   '@babel/plugin-transform-async-generator-functions': [ '7.22.5' ],
26 silly audit   '@babel/plugin-transform-async-to-generator': [ '7.22.5' ],
26 silly audit   '@babel/plugin-transform-block-scoped-functions': [ '7.22.5' ],
26 silly audit   '@babel/plugin-transform-block-scoping': [ '7.22.5' ],
26 silly audit   '@babel/plugin-transform-class-properties': [ '7.22.5' ],
26 silly audit   '@babel/plugin-transform-class-static-block': [ '7.22.5' ],
26 silly audit   '@babel/plugin-transform-classes': [ '7.22.5' ],
26 silly audit   '@babel/plugin-transform-computed-properties': [ '7.22.5' ],
26 silly audit   '@babel/plugin-transform-destructuring': [ '7.22.5' ],
26 silly audit   '@babel/plugin-transform-dotall-regex': [ '7.22.5' ],
26 silly audit   '@babel/plugin-transform-duplicate-keys': [ '7.22.5' ],
26 silly audit   '@babel/plugin-transform-dynamic-import': [ '7.22.5' ],
26 silly audit   '@babel/plugin-transform-exponentiation-operator': [ '7.22.5' ],
26 silly audit   '@babel/plugin-transform-export-namespace-from': [ '7.22.5' ],
26 silly audit   '@babel/plugin-transform-for-of': [ '7.22.5' ],
26 silly audit   '@babel/plugin-transform-function-name': [ '7.22.5' ],
26 silly audit   '@babel/plugin-transform-json-strings': [ '7.22.5' ],
26 silly audit   '@babel/plugin-transform-literals': [ '7.22.5' ],
26 silly audit   '@babel/plugin-transform-logical-assignment-operators': [ '7.22.5' ],
26 silly audit   '@babel/plugin-transform-member-expression-literals': [ '7.22.5' ],
26 silly audit   '@babel/plugin-transform-modules-amd': [ '7.22.5' ],
26 silly audit   '@babel/plugin-transform-modules-commonjs': [ '7.22.5' ],
26 silly audit   '@babel/plugin-transform-modules-systemjs': [ '7.22.5' ],
26 silly audit   '@babel/plugin-transform-modules-umd': [ '7.22.5' ],
26 silly audit   '@babel/plugin-transform-named-capturing-groups-regex': [ '7.22.5' ],
26 silly audit   '@babel/plugin-transform-new-target': [ '7.22.5' ],
26 silly audit   '@babel/plugin-transform-nullish-coalescing-operator': [ '7.22.5' ],
26 silly audit   '@babel/plugin-transform-numeric-separator': [ '7.22.5' ],
26 silly audit   '@babel/plugin-transform-object-rest-spread': [ '7.22.5' ],
26 silly audit   '@babel/plugin-transform-object-super': [ '7.22.5' ],
26 silly audit   '@babel/plugin-transform-optional-catch-binding': [ '7.22.5' ],
26 silly audit   '@babel/plugin-transform-optional-chaining': [ '7.22.5' ],
26 silly audit   '@babel/plugin-transform-parameters': [ '7.22.5' ],
26 silly audit   '@babel/plugin-transform-private-methods': [ '7.22.5' ],
26 silly audit   '@babel/plugin-transform-private-property-in-object': [ '7.22.5' ],
26 silly audit   '@babel/plugin-transform-property-literals': [ '7.22.5' ],
26 silly audit   '@babel/plugin-transform-react-display-name': [ '7.22.5' ],
26 silly audit   '@babel/plugin-transform-react-jsx': [ '7.22.5' ],
26 silly audit   '@babel/plugin-transform-react-jsx-development': [ '7.22.5' ],
26 silly audit   '@babel/plugin-transform-react-pure-annotations': [ '7.22.5' ],
26 silly audit   '@babel/plugin-transform-regenerator': [ '7.22.5' ],
26 silly audit   '@babel/plugin-transform-reserved-words': [ '7.22.5' ],
26 silly audit   '@babel/plugin-transform-runtime': [ '7.22.5' ],
26 silly audit   '@babel/plugin-transform-shorthand-properties': [ '7.22.5' ],
26 silly audit   '@babel/plugin-transform-spread': [ '7.22.5' ],
26 silly audit   '@babel/plugin-transform-sticky-regex': [ '7.22.5' ],
26 silly audit   '@babel/plugin-transform-template-literals': [ '7.22.5' ],
26 silly audit   '@babel/plugin-transform-typeof-symbol': [ '7.22.5' ],
26 silly audit   '@babel/plugin-transform-unicode-escapes': [ '7.22.5' ],
26 silly audit   '@babel/plugin-transform-unicode-property-regex': [ '7.22.5' ],
26 silly audit   '@babel/plugin-transform-unicode-regex': [ '7.22.5' ],
26 silly audit   '@babel/plugin-transform-unicode-sets-regex': [ '7.22.5' ],
26 silly audit   '@babel/preset-env': [ '7.22.5' ],
26 silly audit   '@babel/preset-modules': [ '0.1.5' ],
26 silly audit   '@babel/preset-react': [ '7.22.5' ],
26 silly audit   '@babel/regjsgen': [ '0.8.0' ],
26 silly audit   '@babel/runtime': [ '7.22.5' ],
26 silly audit   '@babel/template': [ '7.22.5' ],
26 silly audit   '@babel/traverse': [ '7.22.5' ],
26 silly audit   '@babel/types': [ '7.22.5' ],
26 silly audit   '@discoveryjs/json-ext': [ '0.5.7' ],
26 silly audit   '@emotion/hash': [ '0.8.0' ],
26 silly audit   '@jridgewell/gen-mapping': [ '0.3.3' ],
26 silly audit   '@jridgewell/resolve-uri': [ '3.1.0' ],
26 silly audit   '@jridgewell/set-array': [ '1.1.2' ],
26 silly audit   '@jridgewell/source-map': [ '0.3.3' ],
26 silly audit   '@jridgewell/sourcemap-codec': [ '1.4.15', '1.4.14' ],
26 silly audit   '@jridgewell/trace-mapping': [ '0.3.18' ],
26 silly audit   '@material-ui/core': [ '4.12.4' ],
26 silly audit   '@material-ui/icons': [ '4.11.3' ],
26 silly audit   '@material-ui/styles': [ '4.11.5' ],
26 silly audit   '@material-ui/system': [ '4.12.2' ],
26 silly audit   '@material-ui/types': [ '5.1.0' ],
26 silly audit   '@material-ui/utils': [ '4.11.3' ],
26 silly audit   '@types/eslint': [ '8.40.2' ],
26 silly audit   '@types/eslint-scope': [ '3.7.4' ],
26 silly audit   '@types/estree': [ '1.0.1' ],
26 silly audit   '@types/glob': [ '7.2.0' ],
26 silly audit   '@types/html-minifier-terser': [ '5.1.2' ],
26 silly audit   '@types/json-schema': [ '7.0.12' ],
26 silly audit   '@types/minimatch': [ '5.1.2' ],
26 silly audit   '@types/node': [ '20.3.2' ],
26 silly audit   '@types/prop-types': [ '15.7.5' ],
26 silly audit   '@types/react-transition-group': [ '4.4.6' ],
26 silly audit   csstype: [ '2.6.21', '3.1.2', '3.2.3' ],
26 silly audit   '@types/scheduler': [ '0.16.3' ],
26 silly audit   '@types/source-list-map': [ '0.1.2' ],
26 silly audit   '@types/tapable': [ '1.0.8' ],
26 silly audit   '@types/uglify-js': [ '3.17.1' ],
26 silly audit   '@types/webpack': [ '4.41.33' ],
26 silly audit   '@types/webpack-sources': [ '3.2.0' ],
26 silly audit   'source-map': [ '0.7.4', '0.5.7', '0.6.1' ],
26 silly audit   '@webassemblyjs/ast': [ '1.11.6' ],
26 silly audit   '@webassemblyjs/floating-point-hex-parser': [ '1.11.6' ],
26 silly audit   '@webassemblyjs/helper-api-error': [ '1.11.6' ],
26 silly audit   '@webassemblyjs/helper-buffer': [ '1.11.6' ],
26 silly audit   '@webassemblyjs/helper-numbers': [ '1.11.6' ],
26 silly audit   '@webassemblyjs/helper-wasm-bytecode': [ '1.11.6' ],
26 silly audit   '@webassemblyjs/helper-wasm-section': [ '1.11.6' ],
26 silly audit   '@webassemblyjs/ieee754': [ '1.11.6' ],
26 silly audit   '@webassemblyjs/leb128': [ '1.11.6' ],
26 silly audit   '@webassemblyjs/utf8': [ '1.11.6' ],
26 silly audit   '@webassemblyjs/wasm-edit': [ '1.11.6' ],
26 silly audit   '@webassemblyjs/wasm-gen': [ '1.11.6' ],
26 silly audit   '@webassemblyjs/wasm-opt': [ '1.11.6' ],
26 silly audit   '@webassemblyjs/wasm-parser': [ '1.11.6' ],
26 silly audit   '@webassemblyjs/wast-printer': [ '1.11.6' ],
26 silly audit   '@webpack-cli/configtest': [ '1.2.0' ],
26 silly audit   '@webpack-cli/info': [ '1.5.0' ],
26 silly audit   '@webpack-cli/serve': [ '1.7.0' ],
26 silly audit   '@xtuc/ieee754': [ '1.2.0' ],
26 silly audit   '@xtuc/long': [ '4.2.2' ],
26 silly audit   accepts: [ '1.3.8' ],
26 silly audit   acorn: [ '8.9.0' ],
26 silly audit   'acorn-import-assertions': [ '1.9.0' ],
26 silly audit   ajv: [ '6.12.6' ],
26 silly audit   'ajv-errors': [ '1.0.1' ],
26 silly audit   'ajv-keywords': [ '3.5.2' ],
26 silly audit   'ansi-colors': [ '3.2.4' ],
26 silly audit   'ansi-html-community': [ '0.0.8' ],
26 silly audit   'ansi-regex': [ '2.1.1', '4.1.1' ],
26 silly audit   'ansi-styles': [ '3.2.1' ],
26 silly audit   anymatch: [ '3.1.3', '2.0.0' ],
26 silly audit   'arr-diff': [ '4.0.0' ],
26 silly audit   'arr-flatten': [ '1.1.0' ],
26 silly audit   'arr-union': [ '3.1.0' ],
26 silly audit   'array-buffer-byte-length': [ '1.0.0' ],
26 silly audit   'array-flatten': [ '2.1.2', '1.1.1' ],
26 silly audit   'array-union': [ '1.0.2' ],
26 silly audit   'array-uniq': [ '1.0.3' ],
26 silly audit   'array-unique': [ '0.3.2' ],
26 silly audit   'array.prototype.reduce': [ '1.0.5' ],
26 silly audit   'assign-symbols': [ '1.0.0' ],
26 silly audit   async: [ '2.6.4' ],
26 silly audit   'async-each': [ '1.0.6' ],
26 silly audit   'async-limiter': [ '1.0.1' ],
26 silly audit   atob: [ '2.1.2' ],
26 silly audit   'available-typed-arrays': [ '1.0.5' ],
26 silly audit   'babel-loader': [ '8.3.0' ],
26 silly audit   'babel-plugin-polyfill-corejs2': [ '0.4.3' ],
26 silly audit   'babel-plugin-polyfill-corejs3': [ '0.8.1' ],
26 silly audit   'babel-plugin-polyfill-regenerator': [ '0.5.0' ],
26 silly audit   'balanced-match': [ '1.0.2' ],
26 silly audit   base: [ '0.11.2' ],
26 silly audit   'define-property': [ '1.0.0', '0.2.5', '2.0.2' ],
26 silly audit   batch: [ '0.6.1' ],
26 silly audit   'big.js': [ '5.2.2' ],
26 silly audit   'binary-extensions': [ '1.13.1' ],
26 silly audit   bindings: [ '1.5.0' ],
26 silly audit   'body-parser': [ '1.20.1' ],
26 silly audit   bytes: [ '3.1.2', '3.0.0' ],
26 silly audit   debug: [ '2.6.9', '4.3.4', '3.2.7' ],
26 silly audit   ms: [ '2.0.0', '2.1.2', '2.1.3' ],
26 silly audit   bonjour: [ '3.5.0' ],
26 silly audit   boolbase: [ '1.0.0' ],
26 silly audit   'brace-expansion': [ '1.1.11' ],
26 silly audit   braces: [ '2.3.2' ],
26 silly audit   browserslist: [ '4.21.9' ],
26 silly audit   'buffer-from': [ '1.1.2' ],
26 silly audit   'buffer-indexof': [ '1.1.1' ],
26 silly audit   'cache-base': [ '1.0.1' ],
26 silly audit   'call-bind': [ '1.0.2' ],
26 silly audit   'camel-case': [ '4.1.2' ],
26 silly audit   camelcase: [ '5.3.1' ],
26 silly audit   'caniuse-lite': [ '1.0.30001508' ],
26 silly audit   chalk: [ '2.4.2' ],
26 silly audit   chokidar: [ '2.1.8' ],
26 silly audit   'normalize-path': [ '2.1.1', '3.0.0' ],
26 silly audit   'chrome-trace-event': [ '1.0.3' ],
26 silly audit   'class-utils': [ '0.3.6' ],
26 silly audit   'is-accessor-descriptor': [ '0.1.6', '1.0.0' ],
26 silly audit   'is-data-descriptor': [ '0.1.4', '1.0.0' ],
26 silly audit   'is-descriptor': [ '0.1.6', '1.0.2' ],
26 silly audit   'kind-of': [ '5.1.0', '6.0.3', '4.0.0', '3.2.2' ],
26 silly audit   'clean-css': [ '4.2.4' ],
26 silly audit   'clean-webpack-plugin': [ '3.0.0' ],
26 silly audit   cliui: [ '5.0.0' ],
26 silly audit   'strip-ansi': [ '5.2.0', '3.0.1' ],
26 silly audit   'clone-deep': [ '4.0.1' ],
26 silly audit   clsx: [ '1.2.1' ],
26 silly audit   'collection-visit': [ '1.0.0' ],
26 silly audit   'color-convert': [ '1.9.3' ],
26 silly audit   'color-name': [ '1.1.3' ],
26 silly audit   colorette: [ '2.0.20' ],
26 silly audit   commander: [ '4.1.1', '2.20.3', '7.2.0' ],
26 silly audit   commondir: [ '1.0.1' ],
26 silly audit   'component-emitter': [ '1.3.0' ],
26 silly audit   compressible: [ '2.0.18' ],
26 silly audit   compression: [ '1.7.4' ],
26 silly audit   'safe-buffer': [ '5.1.2', '5.2.1' ],
26 silly audit   'concat-map': [ '0.0.1' ],
26 silly audit   'connect-history-api-fallback': [ '1.6.0' ],
26 silly audit   'content-disposition': [ '0.5.4' ],
26 silly audit   'content-type': [ '1.0.5' ],
26 silly audit   'convert-source-map': [ '1.9.0' ],
26 silly audit   cookie: [ '0.5.0' ],
26 silly audit   'cookie-signature': [ '1.0.6' ],
26 silly audit   'copy-descriptor': [ '0.1.1' ],
26 silly audit   'core-js-compat': [ '3.31.0' ],
26 silly audit   'core-util-is': [ '1.0.3' ],
26 silly audit   'cross-spawn': [ '7.0.3', '6.0.5' ],
26 silly audit   'css-loader': [ '5.2.7' ],
26 silly audit   'lru-cache': [ '6.0.0', '5.1.1' ],
26 silly audit   'schema-utils': [ '3.3.0', '2.7.1', '1.0.0' ],
26 silly audit   semver: [ '7.5.3', '5.7.1', '6.3.0' ],
26 silly audit   yallist: [ '4.0.0', '3.1.1' ],
26 silly audit   'css-select': [ '4.3.0' ],
26 silly audit   'css-vendor': [ '2.0.8' ],
26 silly audit   'css-what': [ '6.1.0' ],
26 silly audit   cssesc: [ '3.0.0' ],
26 silly audit   decamelize: [ '1.2.0' ],
26 silly audit   'decode-uri-component': [ '0.2.2' ],
26 silly audit   'deep-equal': [ '1.1.1' ],
26 silly audit   'default-gateway': [ '4.2.0' ],
26 silly audit   'define-properties': [ '1.2.0' ],
26 silly audit   del: [ '4.1.1' ],
26 silly audit   depd: [ '2.0.0', '1.1.2' ],
26 silly audit   destroy: [ '1.2.0' ],
26 silly audit   'detect-node': [ '2.1.0' ],
26 silly audit   'dns-equal': [ '1.0.0' ],
26 silly audit   'dns-packet': [ '1.3.4' ],
26 silly audit   'dns-txt': [ '2.0.2' ],
26 silly audit   'dom-converter': [ '0.2.0' ],
26 silly audit   'dom-helpers': [ '5.2.1' ],
26 silly audit   'dom-serializer': [ '1.4.1' ],
26 silly audit   domelementtype: [ '2.3.0' ],
26 silly audit   domhandler: [ '4.3.1' ],
26 silly audit   domutils: [ '2.8.0' ],
26 silly audit   'dot-case': [ '3.0.4' ],
26 silly audit   'ee-first': [ '1.1.1' ],
26 silly audit   'electron-to-chromium': [ '1.4.442' ],
26 silly audit   'emoji-regex': [ '7.0.3' ],
26 silly audit   'emojis-list': [ '3.0.0' ],
26 silly audit   encodeurl: [ '1.0.2' ],
26 silly audit   'end-of-stream': [ '1.4.4' ],
26 silly audit   'enhanced-resolve': [ '5.15.0' ],
26 silly audit   tapable: [ '2.2.1', '1.1.3' ],
26 silly audit   entities: [ '2.2.0' ],
26 silly audit   envinfo: [ '7.10.0' ],
26 silly audit   errno: [ '0.1.8' ],
26 silly audit   'es-abstract': [ '1.21.2' ],
26 silly audit   'es-array-method-boxes-properly': [ '1.0.0' ],
26 silly audit   'es-module-lexer': [ '1.3.0' ],
26 silly audit   'es-set-tostringtag': [ '2.0.1' ],
26 silly audit   'es-to-primitive': [ '1.2.1' ],
26 silly audit   escalade: [ '3.1.1' ],
26 silly audit   'escape-html': [ '1.0.3' ],
26 silly audit   'escape-string-regexp': [ '1.0.5' ],
26 silly audit   'eslint-scope': [ '5.1.1' ],
26 silly audit   esrecurse: [ '4.3.0' ],
26 silly audit   estraverse: [ '5.3.0', '4.3.0' ],
26 silly audit   esutils: [ '2.0.3' ],
26 silly audit   etag: [ '1.8.1' ],
26 silly audit   eventemitter3: [ '4.0.7' ],
26 silly audit   events: [ '3.3.0' ],
26 silly audit   eventsource: [ '2.0.2' ],
26 silly audit   execa: [ '1.0.0' ],
26 silly audit   'path-key': [ '2.0.1', '3.1.1' ],
26 silly audit   'shebang-command': [ '1.2.0', '2.0.0' ],
26 silly audit   'shebang-regex': [ '1.0.0', '3.0.0' ],
26 silly audit   which: [ '1.3.1', '2.0.2' ],
26 silly audit   'expand-brackets': [ '2.1.4' ],
26 silly audit   express: [ '4.18.2' ],
26 silly audit   'path-to-regexp': [ '0.1.7', '1.8.0' ],
26 silly audit   'extend-shallow': [ '2.0.1', '3.0.2' ],
26 silly audit   extglob: [ '2.0.4' ],
26 silly audit   'fast-deep-equal': [ '3.1.3' ],
26 silly audit   'fast-json-stable-stringify': [ '2.1.0' ],
26 silly audit   'fastest-levenshtein': [ '1.0.16' ],
26 silly audit   'faye-websocket': [ '0.11.4' ],
26 silly audit   'file-uri-to-path': [ '1.0.0' ],
26 silly audit   'fill-range': [ '4.0.0' ],
26 silly audit   finalhandler: [ '1.2.0' ],
26 silly audit   'find-cache-dir': [ '3.3.2' ],
26 silly audit   'find-up': [ '4.1.0', '3.0.0' ],
26 silly audit   'follow-redirects': [ '1.15.2' ],
26 silly audit   'for-each': [ '0.3.3' ],
26 silly audit   'for-in': [ '1.0.2' ],
26 silly audit   forwarded: [ '0.2.0' ],
26 silly audit   'fragment-cache': [ '0.2.1' ],
26 silly audit   fresh: [ '0.5.2' ],
26 silly audit   'fs.realpath': [ '1.0.0' ],
26 silly audit   fsevents: [ '1.2.13' ],
26 silly audit   'function-bind': [ '1.1.1' ],
26 silly audit   'function.prototype.name': [ '1.1.5' ],
26 silly audit   'functions-have-names': [ '1.2.3' ],
26 silly audit   gensync: [ '1.0.0-beta.2' ],
26 silly audit   'get-caller-file': [ '2.0.5' ],
26 silly audit   'get-intrinsic': [ '1.2.1' ],
26 silly audit   'get-stream': [ '4.1.0' ],
26 silly audit   'get-symbol-description': [ '1.0.0' ],
26 silly audit   'get-value': [ '2.0.6' ],
26 silly audit   glob: [ '7.2.3' ],
26 silly audit   'glob-parent': [ '3.1.0' ],
26 silly audit   'is-glob': [ '3.1.0', '4.0.3' ],
26 silly audit   'glob-to-regexp': [ '0.4.1' ],
26 silly audit   globals: [ '11.12.0' ],
26 silly audit   globalthis: [ '1.0.3' ],
26 silly audit   globby: [ '6.1.0' ],
26 silly audit   pify: [ '2.3.0', '4.0.1' ],
26 silly audit   gopd: [ '1.0.1' ],
26 silly audit   'graceful-fs': [ '4.2.11' ],
26 silly audit   'handle-thing': [ '2.0.1' ],
26 silly audit   has: [ '1.0.3' ],
26 silly audit   'has-bigints': [ '1.0.2' ],
26 silly audit   'has-flag': [ '3.0.0', '4.0.0' ],
26 silly audit   'has-property-descriptors': [ '1.0.0' ],
26 silly audit   'has-proto': [ '1.0.1' ],
26 silly audit   'has-symbols': [ '1.0.3' ],
26 silly audit   'has-tostringtag': [ '1.0.0' ],
26 silly audit   'has-value': [ '1.0.0', '0.3.1' ],
26 silly audit   'has-values': [ '1.0.0', '0.1.4' ],
26 silly audit   he: [ '1.2.0' ],
26 silly audit   history: [ '4.10.1' ],
26 silly audit   'hoist-non-react-statics': [ '3.3.2' ],
26 silly audit   'react-is': [ '16.13.1', '17.0.2' ],
26 silly audit   'hpack.js': [ '2.1.6' ],
26 silly audit   'html-entities': [ '1.4.0' ],
26 silly audit   'html-minifier-terser': [ '5.1.1' ],
26 silly audit   'html-webpack-plugin': [ '4.5.2' ],
26 silly audit   json5: [ '1.0.2', '2.2.3' ],
26 silly audit   'loader-utils': [ '1.4.2', '2.0.4' ],
26 silly audit   htmlparser2: [ '6.1.0' ],
26 silly audit   'http-deceiver': [ '1.2.7' ],
26 silly audit   'http-errors': [ '2.0.0', '1.6.3' ],
26 silly audit   'http-parser-js': [ '0.5.8' ],
26 silly audit   'http-proxy': [ '1.18.1' ],
26 silly audit   'http-proxy-middleware': [ '0.19.1' ],
26 silly audit   'hyphenate-style-name': [ '1.0.4' ],
26 silly audit   'iconv-lite': [ '0.4.24' ],
26 silly audit   'icss-utils': [ '5.1.0' ],
26 silly audit   'import-local': [ '3.1.0', '2.0.0' ],
26 silly audit   inflight: [ '1.0.6' ],
26 silly audit   inherits: [ '2.0.4', '2.0.3' ],
26 silly audit   'internal-ip': [ '4.3.0' ],
26 silly audit   'internal-slot': [ '1.0.5' ],
26 silly audit   interpret: [ '2.2.0' ],
26 silly audit   ip: [ '1.1.8' ],
26 silly audit   'ip-regex': [ '2.1.0' ],
26 silly audit   'ipaddr.js': [ '1.9.1' ],
26 silly audit   'is-absolute-url': [ '3.0.3' ],
26 silly audit   'is-arguments': [ '1.1.1' ],
26 silly audit   'is-array-buffer': [ '3.0.2' ],
26 silly audit   'is-bigint': [ '1.0.4' ],
26 silly audit   'is-binary-path': [ '1.0.1' ],
26 silly audit   'is-boolean-object': [ '1.1.2' ],
26 silly audit   'is-buffer': [ '1.1.6' ],
26 silly audit   'is-callable': [ '1.2.7' ],
26 silly audit   'is-core-module': [ '2.12.1' ],
26 silly audit   'is-date-object': [ '1.0.5' ],
26 silly audit   'is-extendable': [ '0.1.1', '1.0.1' ],
26 silly audit   'is-extglob': [ '2.1.1' ],
26 silly audit   'is-fullwidth-code-point': [ '2.0.0' ],
26 silly audit   'is-in-browser': [ '1.1.3' ],
26 silly audit   'is-negative-zero': [ '2.0.2' ],
26 silly audit   'is-number': [ '3.0.0' ],
26 silly audit   'is-number-object': [ '1.0.7' ],
26 silly audit   'is-path-cwd': [ '2.2.0' ],
26 silly audit   'is-path-in-cwd': [ '2.1.0' ],
26 silly audit   'is-path-inside': [ '2.1.0' ],
26 silly audit   'is-plain-object': [ '2.0.4' ],
26 silly audit   'is-regex': [ '1.1.4' ],
26 silly audit   'is-shared-array-buffer': [ '1.0.2' ],
26 silly audit   'is-stream': [ '1.1.0' ],
26 silly audit   'is-string': [ '1.0.7' ],
26 silly audit   'is-symbol': [ '1.0.4' ],
26 silly audit   'is-typed-array': [ '1.1.10' ],
26 silly audit   'is-weakref': [ '1.0.2' ],
26 silly audit   'is-windows': [ '1.0.2' ],
26 silly audit   'is-wsl': [ '1.1.0' ],
26 silly audit   isarray: [ '0.0.1', '1.0.0', '2.0.5' ],
26 silly audit   isexe: [ '2.0.0' ],
26 silly audit   isobject: [ '3.0.1', '2.1.0' ],
26 silly audit   'jest-worker': [ '27.5.1' ],
26 silly audit   'supports-color': [ '8.1.1', '5.5.0', '6.1.0' ],
26 silly audit   'js-tokens': [ '4.0.0' ],
26 silly audit   jsesc: [ '2.5.2', '0.5.0' ],
26 silly audit   'json-parse-even-better-errors': [ '2.3.1' ],
26 silly audit   'json-schema-traverse': [ '0.4.1' ],
26 silly audit   jss: [ '10.10.0' ],
26 silly audit   'jss-plugin-camel-case': [ '10.10.0' ],
26 silly audit   'jss-plugin-default-unit': [ '10.10.0' ],
26 silly audit   'jss-plugin-global': [ '10.10.0' ],
26 silly audit   'jss-plugin-nested': [ '10.10.0' ],
26 silly audit   'jss-plugin-props-sort': [ '10.10.0' ],
26 silly audit   'jss-plugin-rule-value-function': [ '10.10.0' ],
26 silly audit   'jss-plugin-vendor-prefixer': [ '10.10.0' ],
26 silly audit   killable: [ '1.0.1' ],
26 silly audit   'loader-runner': [ '4.3.0' ],
26 silly audit   'locate-path': [ '5.0.0', '3.0.0' ],
26 silly audit   lodash: [ '4.17.21' ],
26 silly audit   'lodash.debounce': [ '4.0.8' ],
26 silly audit   loglevel: [ '1.8.1' ],
26 silly audit   'loose-envify': [ '1.4.0' ],
26 silly audit   'lower-case': [ '2.0.2' ],
26 silly audit   'make-dir': [ '3.1.0' ],
26 silly audit   'map-cache': [ '0.2.2' ],
26 silly audit   'map-visit': [ '1.0.0' ],
26 silly audit   'media-typer': [ '0.3.0' ],
26 silly audit   'memory-fs': [ '0.4.1' ],
26 silly audit   'merge-descriptors': [ '1.0.1' ],
26 silly audit   'merge-stream': [ '2.0.0' ],
26 silly audit   methods: [ '1.1.2' ],
26 silly audit   micromatch: [ '3.1.10' ],
26 silly audit   mime: [ '1.6.0', '2.6.0' ],
26 silly audit   'mime-db': [ '1.52.0' ],
26 silly audit   'mime-types': [ '2.1.35' ],
26 silly audit   'minimalistic-assert': [ '1.0.1' ],
26 silly audit   minimatch: [ '3.1.2' ],
26 silly audit   minimist: [ '1.2.8' ],
26 silly audit   'mixin-deep': [ '1.3.2' ],
26 silly audit   mkdirp: [ '0.5.6' ],
26 silly audit   'multicast-dns': [ '6.2.3' ],
26 silly audit   'multicast-dns-service-types': [ '1.1.0' ],
26 silly audit   nan: [ '2.17.0' ],
26 silly audit   nanoid: [ '3.3.6' ],
26 silly audit   nanomatch: [ '1.2.13' ],
26 silly audit   negotiator: [ '0.6.3' ],
26 silly audit   'neo-async': [ '2.6.2' ],
26 silly audit   'nice-try': [ '1.0.5' ],
26 silly audit   'no-case': [ '3.0.4' ],
26 silly audit   'node-forge': [ '0.10.0' ],
26 silly audit   'node-releases': [ '2.0.12' ],
26 silly audit   'npm-run-path': [ '2.0.2' ],
26 silly audit   'nth-check': [ '2.1.1' ],
26 silly audit   'object-assign': [ '4.1.1' ],
26 silly audit   'object-copy': [ '0.1.0' ],
26 silly audit   'object-inspect': [ '1.12.3' ],
26 silly audit   'object-is': [ '1.1.5' ],
26 silly audit   'object-keys': [ '1.1.1' ],
26 silly audit   'object-visit': [ '1.0.1' ],
26 silly audit   'object.assign': [ '4.1.4' ],
26 silly audit   'object.getownpropertydescriptors': [ '2.1.6' ],
26 silly audit   'object.pick': [ '1.3.0' ],
26 silly audit   obuf: [ '1.1.2' ],
26 silly audit   'on-finished': [ '2.4.1' ],
26 silly audit   'on-headers': [ '1.0.2' ],
26 silly audit   once: [ '1.4.0' ],
26 silly audit   opn: [ '5.5.0' ],
26 silly audit   'p-finally': [ '1.0.0' ],
26 silly audit   'p-limit': [ '2.3.0' ],
26 silly audit   'p-locate': [ '4.1.0', '3.0.0' ],
26 silly audit   'p-map': [ '2.1.0' ],
26 silly audit   'p-retry': [ '3.0.1' ],
26 silly audit   'p-try': [ '2.2.0' ],
26 silly audit   'param-case': [ '3.0.4' ],
26 silly audit   parseurl: [ '1.3.3' ],
26 silly audit   'pascal-case': [ '3.1.2' ],
26 silly audit   pascalcase: [ '0.1.1' ],
26 silly audit   'path-dirname': [ '1.0.2' ],
26 silly audit   'path-exists': [ '4.0.0', '3.0.0' ],
26 silly audit   'path-is-absolute': [ '1.0.1' ],
26 silly audit   'path-is-inside': [ '1.0.2' ],
26 silly audit   'path-parse': [ '1.0.7' ],
26 silly audit   picocolors: [ '1.0.0' ],
26 silly audit   picomatch: [ '2.3.1' ],
26 silly audit   pinkie: [ '2.0.4' ],
26 silly audit   'pinkie-promise': [ '2.0.1' ],
26 silly audit   'pkg-dir': [ '4.2.0', '3.0.0' ],
26 silly audit   'popper.js': [ '1.16.1-lts' ],
26 silly audit   portfinder: [ '1.0.32' ],
26 silly audit   'posix-character-classes': [ '0.1.1' ],
26 silly audit   postcss: [ '8.4.24' ],
26 silly audit   'postcss-modules-extract-imports': [ '3.0.0' ],
26 silly audit   'postcss-modules-local-by-default': [ '4.0.3' ],
26 silly audit   'postcss-modules-scope': [ '3.0.0' ],
26 silly audit   'postcss-modules-values': [ '4.0.0' ],
26 silly audit   'postcss-selector-parser': [ '6.0.13' ],
26 silly audit   'postcss-value-parser': [ '4.2.0' ],
26 silly audit   'pretty-error': [ '2.1.2' ],
26 silly audit   'process-nextick-args': [ '2.0.1' ],
26 silly audit   'prop-types': [ '15.8.1' ],
26 silly audit   'proxy-addr': [ '2.0.7' ],
26 silly audit   prr: [ '1.0.1' ],
26 silly audit   pump: [ '3.0.0' ],
26 silly audit   punycode: [ '2.3.0', '1.4.1' ],
26 silly audit   qs: [ '6.11.0' ],
26 silly audit   querystringify: [ '2.2.0' ],
26 silly audit   randombytes: [ '2.1.0' ],
26 silly audit   'range-parser': [ '1.2.1' ],
26 silly audit   'raw-body': [ '2.5.1' ],
26 silly audit   react: [ '17.0.2' ],
26 silly audit   'react-dom': [ '17.0.2' ],
26 silly audit   'react-router': [ '5.3.4' ],
26 silly audit   'react-router-dom': [ '5.3.4' ],
26 silly audit   'react-transition-group': [ '4.4.5' ],
26 silly audit   'readable-stream': [ '2.3.8', '3.6.2' ],
26 silly audit   readdirp: [ '2.2.1' ],
26 silly audit   rechoir: [ '0.7.1' ],
26 silly audit   regenerate: [ '1.4.2' ],
26 silly audit   'regenerate-unicode-properties': [ '10.1.0' ],
26 silly audit   'regenerator-runtime': [ '0.13.11' ],
26 silly audit   'regenerator-transform': [ '0.15.1' ],
26 silly audit   'regex-not': [ '1.0.2' ],
26 silly audit   'regexp.prototype.flags': [ '1.5.0' ],
26 silly audit   'regexpu-core': [ '5.3.2' ],
26 silly audit   regjsparser: [ '0.9.1' ],
26 silly audit   relateurl: [ '0.2.7' ],
26 silly audit   'remove-trailing-separator': [ '1.1.0' ],
26 silly audit   renderkid: [ '2.0.7' ],
26 silly audit   'repeat-element': [ '1.1.4' ],
26 silly audit   'repeat-string': [ '1.6.1' ],
26 silly audit   'require-directory': [ '2.1.1' ],
26 silly audit   'require-main-filename': [ '2.0.0' ],
26 silly audit   'requires-port': [ '1.0.0' ],
26 silly audit   resolve: [ '1.22.2' ],
26 silly audit   'resolve-cwd': [ '3.0.0', '2.0.0' ],
26 silly audit   'resolve-from': [ '5.0.0', '3.0.0' ],
26 silly audit   'resolve-pathname': [ '3.0.0' ],
26 silly audit   'resolve-url': [ '0.2.1' ],
26 silly audit   ret: [ '0.1.15' ],
26 silly audit   retry: [ '0.12.0' ],
26 silly audit   rimraf: [ '2.7.1' ],
26 silly audit   'safe-array-concat': [ '1.0.0' ],
26 silly audit   'safe-regex': [ '1.1.0' ],
26 silly audit   'safe-regex-test': [ '1.0.0' ],
26 silly audit   'safer-buffer': [ '2.1.2' ],
26 silly audit   scheduler: [ '0.20.2' ],
26 silly audit   'select-hose': [ '2.0.0' ],
26 silly audit   selfsigned: [ '1.10.14' ],
26 silly audit   send: [ '0.18.0' ],
26 silly audit   'serialize-javascript': [ '6.0.1' ],
26 silly audit   'serve-index': [ '1.9.1' ],
26 silly audit   setprototypeof: [ '1.1.0', '1.2.0' ],
26 silly audit   statuses: [ '1.5.0', '2.0.1' ],
26 silly audit   'serve-static': [ '1.15.0' ],
26 silly audit   'set-blocking': [ '2.0.0' ],
26 silly audit   'set-value': [ '2.0.1' ],
26 silly audit   'shallow-clone': [ '3.0.1' ],
26 silly audit   'side-channel': [ '1.0.4' ],
26 silly audit   'signal-exit': [ '3.0.7' ],
26 silly audit   snapdragon: [ '0.8.2' ],
26 silly audit   'snapdragon-node': [ '2.1.1' ],
26 silly audit   'snapdragon-util': [ '3.0.1' ],
26 silly audit   sockjs: [ '0.3.24' ],
26 silly audit   'sockjs-client': [ '1.6.1' ],
26 silly audit   'source-map-js': [ '1.0.2' ],
26 silly audit   'source-map-resolve': [ '0.5.3' ],
26 silly audit   'source-map-support': [ '0.5.21' ],
26 silly audit   'source-map-url': [ '0.4.1' ],
26 silly audit   spdy: [ '4.0.2' ],
26 silly audit   'spdy-transport': [ '3.0.0' ],
26 silly audit   'split-string': [ '3.1.0' ],
26 silly audit   'static-extend': [ '0.1.2' ],
26 silly audit   string_decoder: [ '1.1.1' ],
26 silly audit   'string-width': [ '3.1.0' ],
26 silly audit   'string.prototype.trim': [ '1.2.7' ],
26 silly audit   'string.prototype.trimend': [ '1.0.6' ],
26 silly audit   'string.prototype.trimstart': [ '1.0.6' ],
26 silly audit   'strip-eof': [ '1.0.0' ],
26 silly audit   'style-loader': [ '2.0.0' ],
26 silly audit   'supports-preserve-symlinks-flag': [ '1.0.0' ],
26 silly audit   terser: [ '4.8.1', '5.18.2' ],
26 silly audit   'terser-webpack-plugin': [ '5.3.9' ],
26 silly audit   thunky: [ '1.1.0' ],
26 silly audit   'tiny-invariant': [ '1.3.1' ],
26 silly audit   'tiny-warning': [ '1.0.3' ],
26 silly audit   'to-fast-properties': [ '2.0.0' ],
26 silly audit   'to-object-path': [ '0.3.0' ],
26 silly audit   'to-regex': [ '3.0.2' ],
26 silly audit   'to-regex-range': [ '2.1.1' ],
26 silly audit   toidentifier: [ '1.0.1' ],
26 silly audit   tslib: [ '2.6.0' ],
26 silly audit   'type-is': [ '1.6.18' ],
26 silly audit   'typed-array-length': [ '1.0.4' ],
26 silly audit   'unbox-primitive': [ '1.0.2' ],
26 silly audit   'unicode-canonical-property-names-ecmascript': [ '2.0.0' ],
26 silly audit   'unicode-match-property-ecmascript': [ '2.0.0' ],
26 silly audit   'unicode-match-property-value-ecmascript': [ '2.1.0' ],
26 silly audit   'unicode-property-aliases-ecmascript': [ '2.1.0' ],
26 silly audit   'union-value': [ '1.0.1' ],
26 silly audit   unpipe: [ '1.0.0' ],
26 silly audit   'unset-value': [ '1.0.0' ],
26 silly audit   upath: [ '1.2.0' ],
26 silly audit   'update-browserslist-db': [ '1.0.11' ],
26 silly audit   'uri-js': [ '4.4.1' ],
26 silly audit   urix: [ '0.1.0' ],
26 silly audit   url: [ '0.11.1' ],
26 silly audit   'url-parse': [ '1.5.10' ],
26 silly audit   use: [ '3.1.1' ],
26 silly audit   'util-deprecate': [ '1.0.2' ],
26 silly audit   'util.promisify': [ '1.0.0' ],
26 silly audit   utila: [ '0.4.0' ],
26 silly audit   'utils-merge': [ '1.0.1' ],
26 silly audit   uuid: [ '8.3.2', '3.4.0' ],
26 silly audit   'value-equal': [ '1.0.1' ],
26 silly audit   vary: [ '1.1.2' ],
26 silly audit   watchpack: [ '2.4.0' ],
26 silly audit   wbuf: [ '1.7.3' ],
26 silly audit   webpack: [ '5.88.0' ],
26 silly audit   'webpack-cli': [ '4.10.0' ],
26 silly audit   'webpack-dev-middleware': [ '3.7.3' ],
26 silly audit   'webpack-dev-server': [ '3.11.3' ],
26 silly audit   'webpack-log': [ '2.0.0' ],
26 silly audit   'webpack-merge': [ '5.9.0' ],
26 silly audit   'webpack-sources': [ '3.2.3' ],
26 silly audit   'websocket-driver': [ '0.7.4' ],
26 silly audit   'websocket-extensions': [ '0.1.4' ],
26 silly audit   'which-boxed-primitive': [ '1.0.2' ],
26 silly audit   'which-module': [ '2.0.1' ],
26 silly audit   'which-typed-array': [ '1.1.9' ],
26 silly audit   wildcard: [ '2.0.1' ],
26 silly audit   'wrap-ansi': [ '5.1.0' ],
26 silly audit   wrappy: [ '1.0.2' ],
26 silly audit   ws: [ '6.2.2' ],
26 silly audit   y18n: [ '4.0.3' ],
26 silly audit   yargs: [ '13.3.2' ],
26 silly audit   'yargs-parser': [ '13.1.2' ],
26 silly audit   '@types/react': [ '17.0.93' ]
26 silly audit }
27 http cache @types/react@https://registry.npmjs.org/@types/react/-/react-17.0.93.tgz 0ms (cache hit)
28 http cache yargs-parser@https://registry.npmjs.org/yargs-parser/-/yargs-parser-13.1.2.tgz 0ms (cache hit)
29 http cache y18n@https://registry.npmjs.org/y18n/-/y18n-4.0.3.tgz 0ms (cache hit)
30 http cache yargs@https://registry.npmjs.org/yargs/-/yargs-13.3.2.tgz 0ms (cache hit)
31 http cache wrap-ansi@https://registry.npmjs.org/wrap-ansi/-/wrap-ansi-5.1.0.tgz 0ms (cache hit)
32 http cache ws@https://registry.npmjs.org/ws/-/ws-6.2.2.tgz 0ms (cache hit)
33 http cache wrappy@https://registry.npmjs.org/wrappy/-/wrappy-1.0.2.tgz 0ms (cache hit)
34 http cache which-module@https://registry.npmjs.org/which-module/-/which-module-2.0.1.tgz 0ms (cache hit)
35 http cache yallist@https://registry.npmjs.org/yallist/-/yallist-3.1.1.tgz 0ms (cache hit)
36 http cache which-boxed-primitive@https://registry.npmjs.org/which-boxed-primitive/-/which-boxed-primitive-1.0.2.tgz 0ms (cache hit)
37 http cache wildcard@https://registry.npmjs.org/wildcard/-/wildcard-2.0.1.tgz 0ms (cache hit)
38 http cache which-typed-array@https://registry.npmjs.org/which-typed-array/-/which-typed-array-1.1.9.tgz 0ms (cache hit)
39 http cache which@https://registry.npmjs.org/which/-/which-2.0.2.tgz 0ms (cache hit)
40 http cache websocket-extensions@https://registry.npmjs.org/websocket-extensions/-/websocket-extensions-0.1.4.tgz 0ms (cache hit)
41 http cache websocket-driver@https://registry.npmjs.org/websocket-driver/-/websocket-driver-0.7.4.tgz 0ms (cache hit)
42 http cache webpack-merge@https://registry.npmjs.org/webpack-merge/-/webpack-merge-5.9.0.tgz 0ms (cache hit)
43 http cache webpack-log@https://registry.npmjs.org/webpack-log/-/webpack-log-2.0.0.tgz 0ms (cache hit)
44 http cache webpack-dev-middleware@https://registry.npmjs.org/webpack-dev-middleware/-/webpack-dev-middleware-3.7.3.tgz 0ms (cache hit)
45 http cache webpack-cli@https://registry.npmjs.org/webpack-cli/-/webpack-cli-4.10.0.tgz 0ms (cache hit)
46 http cache webpack@https://registry.npmjs.org/webpack/-/webpack-5.88.0.tgz 0ms (cache hit)
47 http cache webpack-dev-server@https://registry.npmjs.org/webpack-dev-server/-/webpack-dev-server-3.11.3.tgz 0ms (cache hit)
48 http cache wbuf@https://registry.npmjs.org/wbuf/-/wbuf-1.7.3.tgz 0ms (cache hit)
49 http cache webpack-sources@https://registry.npmjs.org/webpack-sources/-/webpack-sources-3.2.3.tgz 0ms (cache hit)
50 http cache watchpack@https://registry.npmjs.org/watchpack/-/watchpack-2.4.0.tgz 0ms (cache hit)
51 http cache vary@https://registry.npmjs.org/vary/-/vary-1.1.2.tgz 0ms (cache hit)
52 http cache value-equal@https://registry.npmjs.org/value-equal/-/value-equal-1.0.1.tgz 0ms (cache hit)
53 http cache uuid@https://registry.npmjs.org/uuid/-/uuid-8.3.2.tgz 0ms (cache hit)
54 http cache utila@https://registry.npmjs.org/utila/-/utila-0.4.0.tgz 0ms (cache hit)
55 http cache utils-merge@https://registry.npmjs.org/utils-merge/-/utils-merge-1.0.1.tgz 0ms (cache hit)
56 http cache util.promisify@https://registry.npmjs.org/util.promisify/-/util.promisify-1.0.0.tgz 0ms (cache hit)
57 http cache util-deprecate@https://registry.npmjs.org/util-deprecate/-/util-deprecate-1.0.2.tgz 0ms (cache hit)
58 http cache url-parse@https://registry.npmjs.org/url-parse/-/url-parse-1.5.10.tgz 0ms (cache hit)
59 http cache url@https://registry.npmjs.org/url/-/url-0.11.1.tgz 0ms (cache hit)
60 http cache urix@https://registry.npmjs.org/urix/-/urix-0.1.0.tgz 0ms (cache hit)
61 http cache uri-js@https://registry.npmjs.org/uri-js/-/uri-js-4.4.1.tgz 0ms (cache hit)
62 http cache use@https://registry.npmjs.org/use/-/use-3.1.1.tgz 0ms (cache hit)
63 http cache update-browserslist-db@https://registry.npmjs.org/update-browserslist-db/-/update-browserslist-db-1.0.11.tgz 0ms (cache hit)
64 http cache upath@https://registry.npmjs.org/upath/-/upath-1.2.0.tgz 0ms (cache hit)
65 http cache unpipe@https://registry.npmjs.org/unpipe/-/unpipe-1.0.0.tgz 0ms (cache hit)
66 http cache unset-value@https://registry.npmjs.org/unset-value/-/unset-value-1.0.0.tgz 0ms (cache hit)
67 http cache union-value@https://registry.npmjs.org/union-value/-/union-value-1.0.1.tgz 0ms (cache hit)
68 http cache unicode-property-aliases-ecmascript@https://registry.npmjs.org/unicode-property-aliases-ecmascript/-/unicode-property-aliases-ecmascript-2.1.0.tgz 0ms (cache hit)
69 http cache unicode-match-property-value-ecmascript@https://registry.npmjs.org/unicode-match-property-value-ecmascript/-/unicode-match-property-value-ecmascript-2.1.0.tgz 0ms (cache hit)
70 http cache unicode-match-property-ecmascript@https://registry.npmjs.org/unicode-match-property-ecmascript/-/unicode-match-property-ecmascript-2.0.0.tgz 0ms (cache hit)
71 http cache unbox-primitive@https://registry.npmjs.org/unbox-primitive/-/unbox-primitive-1.0.2.tgz 0ms (cache hit)
72 http cache unicode-canonical-property-names-ecmascript@https://registry.npmjs.org/unicode-canonical-property-names-ecmascript/-/unicode-canonical-property-names-ecmascript-2.0.0.tgz 0ms (cache hit)
73 http cache typed-array-length@https://registry.npmjs.org/typed-array-length/-/typed-array-length-1.0.4.tgz 0ms (cache hit)
74 http cache type-is@https://registry.npmjs.org/type-is/-/type-is-1.6.18.tgz 0ms (cache hit)
75 http cache toidentifier@https://registry.npmjs.org/toidentifier/-/toidentifier-1.0.1.tgz 0ms (cache hit)
76 http cache tslib@https://registry.npmjs.org/tslib/-/tslib-2.6.0.tgz 0ms (cache hit)
77 http cache to-regex-range@https://registry.npmjs.org/to-regex-range/-/to-regex-range-2.1.1.tgz 0ms (cache hit)
78 http cache to-regex@https://registry.npmjs.org/to-regex/-/to-regex-3.0.2.tgz 0ms (cache hit)
79 http cache to-object-path@https://registry.npmjs.org/to-object-path/-/to-object-path-0.3.0.tgz 0ms (cache hit)
80 http cache to-fast-properties@https://registry.npmjs.org/to-fast-properties/-/to-fast-properties-2.0.0.tgz 0ms (cache hit)
81 http cache tiny-warning@https://registry.npmjs.org/tiny-warning/-/tiny-warning-1.0.3.tgz 0ms (cache hit)
82 http cache tiny-invariant@https://registry.npmjs.org/tiny-invariant/-/tiny-invariant-1.3.1.tgz 0ms (cache hit)
83 http cache thunky@https://registry.npmjs.org/thunky/-/thunky-1.1.0.tgz 0ms (cache hit)
84 http cache terser-webpack-plugin@https://registry.npmjs.org/terser-webpack-plugin/-/terser-webpack-plugin-5.3.9.tgz 0ms (cache hit)
85 http cache tapable@https://registry.npmjs.org/tapable/-/tapable-1.1.3.tgz 0ms (cache hit)
86 http cache terser@https://registry.npmjs.org/terser/-/terser-4.8.1.tgz 0ms (cache hit)
87 http cache supports-color@https://registry.npmjs.org/supports-color/-/supports-color-5.5.0.tgz 0ms (cache hit)
88 http cache supports-preserve-symlinks-flag@https://registry.npmjs.org/supports-preserve-symlinks-flag/-/supports-preserve-symlinks-flag-1.0.0.tgz 0ms (cache hit)
89 http cache style-loader@https://registry.npmjs.org/style-loader/-/style-loader-2.0.0.tgz 0ms (cache hit)
90 http cache strip-eof@https://registry.npmjs.org/strip-eof/-/strip-eof-1.0.0.tgz 0ms (cache hit)
91 http cache string.prototype.trimstart@https://registry.npmjs.org/string.prototype.trimstart/-/string.prototype.trimstart-1.0.6.tgz 0ms (cache hit)
92 http cache string.prototype.trimend@https://registry.npmjs.org/string.prototype.trimend/-/string.prototype.trimend-1.0.6.tgz 0ms (cache hit)
93 http cache string.prototype.trim@https://registry.npmjs.org/string.prototype.trim/-/string.prototype.trim-1.2.7.tgz 0ms (cache hit)
94 http cache strip-ansi@https://registry.npmjs.org/strip-ansi/-/strip-ansi-3.0.1.tgz 0ms (cache hit)
95 http cache string_decoder@https://registry.npmjs.org/string_decoder/-/string_decoder-1.1.1.tgz 0ms (cache hit)
96 http cache split-string@https://registry.npmjs.org/split-string/-/split-string-3.1.0.tgz 0ms (cache hit)
97 http cache static-extend@https://registry.npmjs.org/static-extend/-/static-extend-0.1.2.tgz 0ms (cache hit)
98 http cache string-width@https://registry.npmjs.org/string-width/-/string-width-3.1.0.tgz 0ms (cache hit)
99 http cache statuses@https://registry.npmjs.org/statuses/-/statuses-2.0.1.tgz 0ms (cache hit)
100 http cache spdy-transport@https://registry.npmjs.org/spdy-transport/-/spdy-transport-3.0.0.tgz 0ms (cache hit)
101 http cache spdy@https://registry.npmjs.org/spdy/-/spdy-4.0.2.tgz 0ms (cache hit)
102 http cache source-map-url@https://registry.npmjs.org/source-map-url/-/source-map-url-0.4.1.tgz 0ms (cache hit)
103 http cache source-map-resolve@https://registry.npmjs.org/source-map-resolve/-/source-map-resolve-0.5.3.tgz 0ms (cache hit)
104 http cache source-map-js@https://registry.npmjs.org/source-map-js/-/source-map-js-1.0.2.tgz 0ms (cache hit)
105 http cache source-map@https://registry.npmjs.org/source-map/-/source-map-0.6.1.tgz 0ms (cache hit)
106 http cache sockjs-client@https://registry.npmjs.org/sockjs-client/-/sockjs-client-1.6.1.tgz 0ms (cache hit)
107 http cache source-map-support@https://registry.npmjs.org/source-map-support/-/source-map-support-0.5.21.tgz 0ms (cache hit)
108 http cache sockjs@https://registry.npmjs.org/sockjs/-/sockjs-0.3.24.tgz 0ms (cache hit)
109 http cache snapdragon@https://registry.npmjs.org/snapdragon/-/snapdragon-0.8.2.tgz 0ms (cache hit)
110 http cache snapdragon-node@https://registry.npmjs.org/snapdragon-node/-/snapdragon-node-2.1.1.tgz 0ms (cache hit)
111 http cache signal-exit@https://registry.npmjs.org/signal-exit/-/signal-exit-3.0.7.tgz 0ms (cache hit)
112 http cache side-channel@https://registry.npmjs.org/side-channel/-/side-channel-1.0.4.tgz 0ms (cache hit)
113 http cache shebang-regex@https://registry.npmjs.org/shebang-regex/-/shebang-regex-3.0.0.tgz 0ms (cache hit)
114 http cache snapdragon-util@https://registry.npmjs.org/snapdragon-util/-/snapdragon-util-3.0.1.tgz 0ms (cache hit)
115 http cache shebang-command@https://registry.npmjs.org/shebang-command/-/shebang-command-2.0.0.tgz 0ms (cache hit)
116 http cache shallow-clone@https://registry.npmjs.org/shallow-clone/-/shallow-clone-3.0.1.tgz 0ms (cache hit)
117 http cache setprototypeof@https://registry.npmjs.org/setprototypeof/-/setprototypeof-1.2.0.tgz 0ms (cache hit)
118 http cache set-blocking@https://registry.npmjs.org/set-blocking/-/set-blocking-2.0.0.tgz 0ms (cache hit)
119 http cache set-value@https://registry.npmjs.org/set-value/-/set-value-2.0.1.tgz 0ms (cache hit)
120 http cache serve-index@https://registry.npmjs.org/serve-index/-/serve-index-1.9.1.tgz 0ms (cache hit)
121 http cache send@https://registry.npmjs.org/send/-/send-0.18.0.tgz 0ms (cache hit)
122 http cache serve-static@https://registry.npmjs.org/serve-static/-/serve-static-1.15.0.tgz 0ms (cache hit)
123 http cache semver@https://registry.npmjs.org/semver/-/semver-6.3.0.tgz 0ms (cache hit)
124 http cache serialize-javascript@https://registry.npmjs.org/serialize-javascript/-/serialize-javascript-6.0.1.tgz 0ms (cache hit)
125 http cache selfsigned@https://registry.npmjs.org/selfsigned/-/selfsigned-1.10.14.tgz 0ms (cache hit)
126 http cache select-hose@https://registry.npmjs.org/select-hose/-/select-hose-2.0.0.tgz 0ms (cache hit)
127 http cache schema-utils@https://registry.npmjs.org/schema-utils/-/schema-utils-2.7.1.tgz 0ms (cache hit)
128 http cache scheduler@https://registry.npmjs.org/scheduler/-/scheduler-0.20.2.tgz 0ms (cache hit)
129 http cache safer-buffer@https://registry.npmjs.org/safer-buffer/-/safer-buffer-2.1.2.tgz 0ms (cache hit)
130 http cache safe-regex-test@https://registry.npmjs.org/safe-regex-test/-/safe-regex-test-1.0.0.tgz 0ms (cache hit)
131 http cache safe-regex@https://registry.npmjs.org/safe-regex/-/safe-regex-1.1.0.tgz 0ms (cache hit)
132 http cache safe-buffer@https://registry.npmjs.org/safe-buffer/-/safe-buffer-5.2.1.tgz 0ms (cache hit)
133 http cache rimraf@https://registry.npmjs.org/rimraf/-/rimraf-2.7.1.tgz 0ms (cache hit)
134 http cache safe-array-concat@https://registry.npmjs.org/safe-array-concat/-/safe-array-concat-1.0.0.tgz 0ms (cache hit)
135 http cache retry@https://registry.npmjs.org/retry/-/retry-0.12.0.tgz 0ms (cache hit)
136 http cache resolve-url@https://registry.npmjs.org/resolve-url/-/resolve-url-0.2.1.tgz 0ms (cache hit)
137 http cache ret@https://registry.npmjs.org/ret/-/ret-0.1.15.tgz 0ms (cache hit)
138 http cache resolve-from@https://registry.npmjs.org/resolve-from/-/resolve-from-5.0.0.tgz 0ms (cache hit)
139 http cache resolve-cwd@https://registry.npmjs.org/resolve-cwd/-/resolve-cwd-3.0.0.tgz 0ms (cache hit)
140 http cache resolve@https://registry.npmjs.org/resolve/-/resolve-1.22.2.tgz 0ms (cache hit)
141 http cache resolve-pathname@https://registry.npmjs.org/resolve-pathname/-/resolve-pathname-3.0.0.tgz 0ms (cache hit)
142 http cache requires-port@https://registry.npmjs.org/requires-port/-/requires-port-1.0.0.tgz 0ms (cache hit)
143 http cache require-main-filename@https://registry.npmjs.org/require-main-filename/-/require-main-filename-2.0.0.tgz 0ms (cache hit)
144 http cache require-directory@https://registry.npmjs.org/require-directory/-/require-directory-2.1.1.tgz 0ms (cache hit)
145 http cache repeat-string@https://registry.npmjs.org/repeat-string/-/repeat-string-1.6.1.tgz 1ms (cache hit)
146 http cache repeat-element@https://registry.npmjs.org/repeat-element/-/repeat-element-1.1.4.tgz 0ms (cache hit)
147 http cache relateurl@https://registry.npmjs.org/relateurl/-/relateurl-0.2.7.tgz 0ms (cache hit)
148 http cache remove-trailing-separator@https://registry.npmjs.org/remove-trailing-separator/-/remove-trailing-separator-1.1.0.tgz 0ms (cache hit)
149 http cache renderkid@https://registry.npmjs.org/renderkid/-/renderkid-2.0.7.tgz 0ms (cache hit)
150 http cache regexpu-core@https://registry.npmjs.org/regexpu-core/-/regexpu-core-5.3.2.tgz 0ms (cache hit)
151 http cache regjsparser@https://registry.npmjs.org/regjsparser/-/regjsparser-0.9.1.tgz 0ms (cache hit)
152 http cache regex-not@https://registry.npmjs.org/regex-not/-/regex-not-1.0.2.tgz 0ms (cache hit)
153 http cache regenerator-runtime@https://registry.npmjs.org/regenerator-runtime/-/regenerator-runtime-0.13.11.tgz 0ms (cache hit)
154 http cache regenerator-transform@https://registry.npmjs.org/regenerator-transform/-/regenerator-transform-0.15.1.tgz 0ms (cache hit)
155 http cache regexp.prototype.flags@https://registry.npmjs.org/regexp.prototype.flags/-/regexp.prototype.flags-1.5.0.tgz 0ms (cache hit)
156 http cache regenerate-unicode-properties@https://registry.npmjs.org/regenerate-unicode-properties/-/regenerate-unicode-properties-10.1.0.tgz 0ms (cache hit)
157 http cache regenerate@https://registry.npmjs.org/regenerate/-/regenerate-1.4.2.tgz 0ms (cache hit)
158 http cache readable-stream@https://registry.npmjs.org/readable-stream/-/readable-stream-2.3.8.tgz 0ms (cache hit)
159 http cache readdirp@https://registry.npmjs.org/readdirp/-/readdirp-2.2.1.tgz 0ms (cache hit)
160 http cache react-transition-group@https://registry.npmjs.org/react-transition-group/-/react-transition-group-4.4.5.tgz 0ms (cache hit)
161 http cache rechoir@https://registry.npmjs.org/rechoir/-/rechoir-0.7.1.tgz 0ms (cache hit)
162 http cache react-router@https://registry.npmjs.org/react-router/-/react-router-5.3.4.tgz 0ms (cache hit)
163 http cache react-is@https://registry.npmjs.org/react-is/-/react-is-17.0.2.tgz 0ms (cache hit)
164 http cache react@https://registry.npmjs.org/react/-/react-17.0.2.tgz 0ms (cache hit)
165 http cache react-dom@https://registry.npmjs.org/react-dom/-/react-dom-17.0.2.tgz 0ms (cache hit)
166 http cache raw-body@https://registry.npmjs.org/raw-body/-/raw-body-2.5.1.tgz 0ms (cache hit)
167 http cache react-router-dom@https://registry.npmjs.org/react-router-dom/-/react-router-dom-5.3.4.tgz 0ms (cache hit)
168 http cache range-parser@https://registry.npmjs.org/range-parser/-/range-parser-1.2.1.tgz 0ms (cache hit)
169 http cache randombytes@https://registry.npmjs.org/randombytes/-/randombytes-2.1.0.tgz 0ms (cache hit)
170 http cache querystringify@https://registry.npmjs.org/querystringify/-/querystringify-2.2.0.tgz 0ms (cache hit)
171 http cache qs@https://registry.npmjs.org/qs/-/qs-6.11.0.tgz 0ms (cache hit)
172 http cache punycode@https://registry.npmjs.org/punycode/-/punycode-2.3.0.tgz 0ms (cache hit)
173 http cache prr@https://registry.npmjs.org/prr/-/prr-1.0.1.tgz 0ms (cache hit)
174 http cache pump@https://registry.npmjs.org/pump/-/pump-3.0.0.tgz 0ms (cache hit)
175 http cache prop-types@https://registry.npmjs.org/prop-types/-/prop-types-15.8.1.tgz 0ms (cache hit)
176 http cache process-nextick-args@https://registry.npmjs.org/process-nextick-args/-/process-nextick-args-2.0.1.tgz 0ms (cache hit)
177 http cache pretty-error@https://registry.npmjs.org/pretty-error/-/pretty-error-2.1.2.tgz 0ms (cache hit)
178 http cache proxy-addr@https://registry.npmjs.org/proxy-addr/-/proxy-addr-2.0.7.tgz 0ms (cache hit)
179 http cache postcss-value-parser@https://registry.npmjs.org/postcss-value-parser/-/postcss-value-parser-4.2.0.tgz 0ms (cache hit)
180 http cache postcss-selector-parser@https://registry.npmjs.org/postcss-selector-parser/-/postcss-selector-parser-6.0.13.tgz 0ms (cache hit)
181 http cache postcss-modules-values@https://registry.npmjs.org/postcss-modules-values/-/postcss-modules-values-4.0.0.tgz 0ms (cache hit)
182 http cache postcss-modules-scope@https://registry.npmjs.org/postcss-modules-scope/-/postcss-modules-scope-3.0.0.tgz 0ms (cache hit)
183 http cache postcss-modules-local-by-default@https://registry.npmjs.org/postcss-modules-local-by-default/-/postcss-modules-local-by-default-4.0.3.tgz 0ms (cache hit)
184 http cache postcss-modules-extract-imports@https://registry.npmjs.org/postcss-modules-extract-imports/-/postcss-modules-extract-imports-3.0.0.tgz 0ms (cache hit)
185 http cache posix-character-classes@https://registry.npmjs.org/posix-character-classes/-/posix-character-classes-0.1.1.tgz 0ms (cache hit)
186 http cache portfinder@https://registry.npmjs.org/portfinder/-/portfinder-1.0.32.tgz 0ms (cache hit)
187 http cache popper.js@https://registry.npmjs.org/popper.js/-/popper.js-1.16.1-lts.tgz 0ms (cache hit)
188 http cache pkg-dir@https://registry.npmjs.org/pkg-dir/-/pkg-dir-4.2.0.tgz 0ms (cache hit)
189 http cache pinkie-promise@https://registry.npmjs.org/pinkie-promise/-/pinkie-promise-2.0.1.tgz 0ms (cache hit)
190 http cache pinkie@https://registry.npmjs.org/pinkie/-/pinkie-2.0.4.tgz 0ms (cache hit)
191 http cache pify@https://registry.npmjs.org/pify/-/pify-4.0.1.tgz 0ms (cache hit)
192 http cache picomatch@https://registry.npmjs.org/picomatch/-/picomatch-2.3.1.tgz 0ms (cache hit)
193 http cache path-to-regexp@https://registry.npmjs.org/path-to-regexp/-/path-to-regexp-1.8.0.tgz 0ms (cache hit)
194 http cache postcss@https://registry.npmjs.org/postcss/-/postcss-8.4.24.tgz 0ms (cache hit)
195 http cache picocolors@https://registry.npmjs.org/picocolors/-/picocolors-1.0.0.tgz 0ms (cache hit)
196 http cache path-is-inside@https://registry.npmjs.org/path-is-inside/-/path-is-inside-1.0.2.tgz 0ms (cache hit)
197 http cache path-key@https://registry.npmjs.org/path-key/-/path-key-3.1.1.tgz 0ms (cache hit)
198 http cache path-is-absolute@https://registry.npmjs.org/path-is-absolute/-/path-is-absolute-1.0.1.tgz 0ms (cache hit)
199 http cache path-exists@https://registry.npmjs.org/path-exists/-/path-exists-4.0.0.tgz 0ms (cache hit)
200 http cache path-dirname@https://registry.npmjs.org/path-dirname/-/path-dirname-1.0.2.tgz 0ms (cache hit)
201 http cache path-parse@https://registry.npmjs.org/path-parse/-/path-parse-1.0.7.tgz 0ms (cache hit)
202 http cache parseurl@https://registry.npmjs.org/parseurl/-/parseurl-1.3.3.tgz 0ms (cache hit)
203 http cache pascal-case@https://registry.npmjs.org/pascal-case/-/pascal-case-3.1.2.tgz 0ms (cache hit)
204 http cache param-case@https://registry.npmjs.org/param-case/-/param-case-3.0.4.tgz 0ms (cache hit)
205 http cache p-retry@https://registry.npmjs.org/p-retry/-/p-retry-3.0.1.tgz 0ms (cache hit)
206 http cache p-try@https://registry.npmjs.org/p-try/-/p-try-2.2.0.tgz 0ms (cache hit)
207 http cache pascalcase@https://registry.npmjs.org/pascalcase/-/pascalcase-0.1.1.tgz 0ms (cache hit)
208 http cache p-map@https://registry.npmjs.org/p-map/-/p-map-2.1.0.tgz 0ms (cache hit)
209 http cache p-locate@https://registry.npmjs.org/p-locate/-/p-locate-4.1.0.tgz 0ms (cache hit)
210 http cache p-limit@https://registry.npmjs.org/p-limit/-/p-limit-2.3.0.tgz 0ms (cache hit)
211 http cache opn@https://registry.npmjs.org/opn/-/opn-5.5.0.tgz 0ms (cache hit)
212 http cache p-finally@https://registry.npmjs.org/p-finally/-/p-finally-1.0.0.tgz 0ms (cache hit)
213 http cache on-headers@https://registry.npmjs.org/on-headers/-/on-headers-1.0.2.tgz 0ms (cache hit)
214 http cache on-finished@https://registry.npmjs.org/on-finished/-/on-finished-2.4.1.tgz 0ms (cache hit)
215 http cache once@https://registry.npmjs.org/once/-/once-1.4.0.tgz 0ms (cache hit)
216 http cache obuf@https://registry.npmjs.org/obuf/-/obuf-1.1.2.tgz 0ms (cache hit)
217 http cache object.pick@https://registry.npmjs.org/object.pick/-/object.pick-1.3.0.tgz 0ms (cache hit)
218 http cache object.getownpropertydescriptors@https://registry.npmjs.org/object.getownpropertydescriptors/-/object.getownpropertydescriptors-2.1.6.tgz 0ms (cache hit)
219 http cache object-keys@https://registry.npmjs.org/object-keys/-/object-keys-1.1.1.tgz 0ms (cache hit)
220 http cache object.assign@https://registry.npmjs.org/object.assign/-/object.assign-4.1.4.tgz 0ms (cache hit)
221 http cache object-is@https://registry.npmjs.org/object-is/-/object-is-1.1.5.tgz 0ms (cache hit)
222 http cache object-visit@https://registry.npmjs.org/object-visit/-/object-visit-1.0.1.tgz 0ms (cache hit)
223 http cache object-inspect@https://registry.npmjs.org/object-inspect/-/object-inspect-1.12.3.tgz 0ms (cache hit)
224 http cache object-copy@https://registry.npmjs.org/object-copy/-/object-copy-0.1.0.tgz 0ms (cache hit)
225 http cache object-assign@https://registry.npmjs.org/object-assign/-/object-assign-4.1.1.tgz 0ms (cache hit)
226 http cache nth-check@https://registry.npmjs.org/nth-check/-/nth-check-2.1.1.tgz 0ms (cache hit)
227 http cache npm-run-path@https://registry.npmjs.org/npm-run-path/-/npm-run-path-2.0.2.tgz 0ms (cache hit)
228 http cache node-releases@https://registry.npmjs.org/node-releases/-/node-releases-2.0.12.tgz 0ms (cache hit)
229 http cache normalize-path@https://registry.npmjs.org/normalize-path/-/normalize-path-3.0.0.tgz 0ms (cache hit)
230 http cache node-forge@https://registry.npmjs.org/node-forge/-/node-forge-0.10.0.tgz 0ms (cache hit)
231 http cache no-case@https://registry.npmjs.org/no-case/-/no-case-3.0.4.tgz 0ms (cache hit)
232 http cache neo-async@https://registry.npmjs.org/neo-async/-/neo-async-2.6.2.tgz 0ms (cache hit)
233 http cache nanomatch@https://registry.npmjs.org/nanomatch/-/nanomatch-1.2.13.tgz 0ms (cache hit)
234 http cache nan@https://registry.npmjs.org/nan/-/nan-2.17.0.tgz 0ms (cache hit)
235 http cache nice-try@https://registry.npmjs.org/nice-try/-/nice-try-1.0.5.tgz 0ms (cache hit)
236 http cache negotiator@https://registry.npmjs.org/negotiator/-/negotiator-0.6.3.tgz 0ms (cache hit)
237 http cache nanoid@https://registry.npmjs.org/nanoid/-/nanoid-3.3.6.tgz 0ms (cache hit)
238 http cache multicast-dns-service-types@https://registry.npmjs.org/multicast-dns-service-types/-/multicast-dns-service-types-1.1.0.tgz 0ms (cache hit)
239 http cache multicast-dns@https://registry.npmjs.org/multicast-dns/-/multicast-dns-6.2.3.tgz 0ms (cache hit)
240 http cache mkdirp@https://registry.npmjs.org/mkdirp/-/mkdirp-0.5.6.tgz 0ms (cache hit)
241 http cache minimist@https://registry.npmjs.org/minimist/-/minimist-1.2.8.tgz 0ms (cache hit)
242 http cache ms@https://registry.npmjs.org/ms/-/ms-2.1.2.tgz 0ms (cache hit)
243 http cache minimatch@https://registry.npmjs.org/minimatch/-/minimatch-3.1.2.tgz 0ms (cache hit)
244 http cache mixin-deep@https://registry.npmjs.org/mixin-deep/-/mixin-deep-1.3.2.tgz 0ms (cache hit)
245 http cache minimalistic-assert@https://registry.npmjs.org/minimalistic-assert/-/minimalistic-assert-1.0.1.tgz 0ms (cache hit)
246 http cache mime-types@https://registry.npmjs.org/mime-types/-/mime-types-2.1.35.tgz 0ms (cache hit)
247 http cache mime-db@https://registry.npmjs.org/mime-db/-/mime-db-1.52.0.tgz 0ms (cache hit)
248 http cache mime@https://registry.npmjs.org/mime/-/mime-1.6.0.tgz 0ms (cache hit)
249 http cache micromatch@https://registry.npmjs.org/micromatch/-/micromatch-3.1.10.tgz 0ms (cache hit)
250 http cache merge-stream@https://registry.npmjs.org/merge-stream/-/merge-stream-2.0.0.tgz 0ms (cache hit)
251 http cache merge-descriptors@https://registry.npmjs.org/merge-descriptors/-/merge-descriptors-1.0.1.tgz 0ms (cache hit)
252 http cache memory-fs@https://registry.npmjs.org/memory-fs/-/memory-fs-0.4.1.tgz 0ms (cache hit)
253 http cache methods@https://registry.npmjs.org/methods/-/methods-1.1.2.tgz 0ms (cache hit)
254 http cache map-visit@https://registry.npmjs.org/map-visit/-/map-visit-1.0.0.tgz 0ms (cache hit)
255 http cache media-typer@https://registry.npmjs.org/media-typer/-/media-typer-0.3.0.tgz 0ms (cache hit)
256 http cache map-cache@https://registry.npmjs.org/map-cache/-/map-cache-0.2.2.tgz 0ms (cache hit)
257 http cache make-dir@https://registry.npmjs.org/make-dir/-/make-dir-3.1.0.tgz 0ms (cache hit)
258 http cache lower-case@https://registry.npmjs.org/lower-case/-/lower-case-2.0.2.tgz 0ms (cache hit)
259 http cache loose-envify@https://registry.npmjs.org/loose-envify/-/loose-envify-1.4.0.tgz 0ms (cache hit)
260 http cache lru-cache@https://registry.npmjs.org/lru-cache/-/lru-cache-5.1.1.tgz 0ms (cache hit)
261 http cache lodash.debounce@https://registry.npmjs.org/lodash.debounce/-/lodash.debounce-4.0.8.tgz 0ms (cache hit)
262 http cache locate-path@https://registry.npmjs.org/locate-path/-/locate-path-5.0.0.tgz 0ms (cache hit)
263 http cache loader-utils@https://registry.npmjs.org/loader-utils/-/loader-utils-2.0.4.tgz 0ms (cache hit)
264 http cache lodash@https://registry.npmjs.org/lodash/-/lodash-4.17.21.tgz 0ms (cache hit)
265 http cache kind-of@https://registry.npmjs.org/kind-of/-/kind-of-3.2.2.tgz 0ms (cache hit)
266 http cache loglevel@https://registry.npmjs.org/loglevel/-/loglevel-1.8.1.tgz 0ms (cache hit)
267 http cache loader-runner@https://registry.npmjs.org/loader-runner/-/loader-runner-4.3.0.tgz 0ms (cache hit)
268 http cache killable@https://registry.npmjs.org/killable/-/killable-1.0.1.tgz 0ms (cache hit)
269 http cache jss-plugin-vendor-prefixer@https://registry.npmjs.org/jss-plugin-vendor-prefixer/-/jss-plugin-vendor-prefixer-10.10.0.tgz 0ms (cache hit)
270 http cache jss-plugin-props-sort@https://registry.npmjs.org/jss-plugin-props-sort/-/jss-plugin-props-sort-10.10.0.tgz 0ms (cache hit)
271 http cache jss-plugin-nested@https://registry.npmjs.org/jss-plugin-nested/-/jss-plugin-nested-10.10.0.tgz 0ms (cache hit)
272 http cache jss-plugin-global@https://registry.npmjs.org/jss-plugin-global/-/jss-plugin-global-10.10.0.tgz 0ms (cache hit)
273 http cache jss-plugin-rule-value-function@https://registry.npmjs.org/jss-plugin-rule-value-function/-/jss-plugin-rule-value-function-10.10.0.tgz 0ms (cache hit)
274 http cache jss-plugin-default-unit@https://registry.npmjs.org/jss-plugin-default-unit/-/jss-plugin-default-unit-10.10.0.tgz 0ms (cache hit)
275 http cache jss-plugin-camel-case@https://registry.npmjs.org/jss-plugin-camel-case/-/jss-plugin-camel-case-10.10.0.tgz 0ms (cache hit)
276 http cache jss@https://registry.npmjs.org/jss/-/jss-10.10.0.tgz 0ms (cache hit)
277 http cache json5@https://registry.npmjs.org/json5/-/json5-2.2.3.tgz 0ms (cache hit)
278 http cache jsesc@https://registry.npmjs.org/jsesc/-/jsesc-2.5.2.tgz 0ms (cache hit)
279 http cache json-schema-traverse@https://registry.npmjs.org/json-schema-traverse/-/json-schema-traverse-0.4.1.tgz 0ms (cache hit)
280 http cache js-tokens@https://registry.npmjs.org/js-tokens/-/js-tokens-4.0.0.tgz 0ms (cache hit)
281 http cache jest-worker@https://registry.npmjs.org/jest-worker/-/jest-worker-27.5.1.tgz 0ms (cache hit)
282 http cache json-parse-even-better-errors@https://registry.npmjs.org/json-parse-even-better-errors/-/json-parse-even-better-errors-2.3.1.tgz 0ms (cache hit)
283 http cache isobject@https://registry.npmjs.org/isobject/-/isobject-3.0.1.tgz 0ms (cache hit)
284 http cache isarray@https://registry.npmjs.org/isarray/-/isarray-0.0.1.tgz 0ms (cache hit)
285 http cache is-wsl@https://registry.npmjs.org/is-wsl/-/is-wsl-1.1.0.tgz 0ms (cache hit)
286 http cache isexe@https://registry.npmjs.org/isexe/-/isexe-2.0.0.tgz 0ms (cache hit)
287 http cache is-windows@https://registry.npmjs.org/is-windows/-/is-windows-1.0.2.tgz 0ms (cache hit)
288 http cache is-weakref@https://registry.npmjs.org/is-weakref/-/is-weakref-1.0.2.tgz 0ms (cache hit)
289 http cache is-typed-array@https://registry.npmjs.org/is-typed-array/-/is-typed-array-1.1.10.tgz 0ms (cache hit)
290 http cache is-symbol@https://registry.npmjs.org/is-symbol/-/is-symbol-1.0.4.tgz 0ms (cache hit)
291 http cache is-stream@https://registry.npmjs.org/is-stream/-/is-stream-1.1.0.tgz 0ms (cache hit)
292 http cache is-string@https://registry.npmjs.org/is-string/-/is-string-1.0.7.tgz 0ms (cache hit)
293 http cache is-shared-array-buffer@https://registry.npmjs.org/is-shared-array-buffer/-/is-shared-array-buffer-1.0.2.tgz 0ms (cache hit)
294 http cache is-regex@https://registry.npmjs.org/is-regex/-/is-regex-1.1.4.tgz 0ms (cache hit)
295 http cache is-plain-object@https://registry.npmjs.org/is-plain-object/-/is-plain-object-2.0.4.tgz 0ms (cache hit)
296 http cache is-path-inside@https://registry.npmjs.org/is-path-inside/-/is-path-inside-2.1.0.tgz 0ms (cache hit)
297 http cache is-path-cwd@https://registry.npmjs.org/is-path-cwd/-/is-path-cwd-2.2.0.tgz 0ms (cache hit)
298 http cache is-path-in-cwd@https://registry.npmjs.org/is-path-in-cwd/-/is-path-in-cwd-2.1.0.tgz 0ms (cache hit)
299 http cache is-number@https://registry.npmjs.org/is-number/-/is-number-3.0.0.tgz 0ms (cache hit)
300 http cache is-negative-zero@https://registry.npmjs.org/is-negative-zero/-/is-negative-zero-2.0.2.tgz 0ms (cache hit)
301 http cache is-in-browser@https://registry.npmjs.org/is-in-browser/-/is-in-browser-1.1.3.tgz 0ms (cache hit)
302 http cache is-glob@https://registry.npmjs.org/is-glob/-/is-glob-4.0.3.tgz 0ms (cache hit)
303 http cache is-extglob@https://registry.npmjs.org/is-extglob/-/is-extglob-2.1.1.tgz 0ms (cache hit)
304 http cache is-number-object@https://registry.npmjs.org/is-number-object/-/is-number-object-1.0.7.tgz 0ms (cache hit)
305 http cache is-descriptor@https://registry.npmjs.org/is-descriptor/-/is-descriptor-1.0.2.tgz 0ms (cache hit)
306 http cache is-date-object@https://registry.npmjs.org/is-date-object/-/is-date-object-1.0.5.tgz 0ms (cache hit)
307 http cache is-extendable@https://registry.npmjs.org/is-extendable/-/is-extendable-0.1.1.tgz 0ms (cache hit)
308 http cache is-data-descriptor@https://registry.npmjs.org/is-data-descriptor/-/is-data-descriptor-1.0.0.tgz 0ms (cache hit)
309 http cache is-callable@https://registry.npmjs.org/is-callable/-/is-callable-1.2.7.tgz 0ms (cache hit)
310 http cache is-core-module@https://registry.npmjs.org/is-core-module/-/is-core-module-2.12.1.tgz 0ms (cache hit)
311 http cache is-buffer@https://registry.npmjs.org/is-buffer/-/is-buffer-1.1.6.tgz 0ms (cache hit)
312 http cache is-fullwidth-code-point@https://registry.npmjs.org/is-fullwidth-code-point/-/is-fullwidth-code-point-2.0.0.tgz 0ms (cache hit)
313 http cache is-boolean-object@https://registry.npmjs.org/is-boolean-object/-/is-boolean-object-1.1.2.tgz 0ms (cache hit)
314 http cache is-binary-path@https://registry.npmjs.org/is-binary-path/-/is-binary-path-1.0.1.tgz 0ms (cache hit)
315 http cache is-bigint@https://registry.npmjs.org/is-bigint/-/is-bigint-1.0.4.tgz 0ms (cache hit)
316 http cache is-arguments@https://registry.npmjs.org/is-arguments/-/is-arguments-1.1.1.tgz 0ms (cache hit)
317 http cache is-absolute-url@https://registry.npmjs.org/is-absolute-url/-/is-absolute-url-3.0.3.tgz 0ms (cache hit)
318 http cache is-accessor-descriptor@https://registry.npmjs.org/is-accessor-descriptor/-/is-accessor-descriptor-1.0.0.tgz 0ms (cache hit)
319 http cache ipaddr.js@https://registry.npmjs.org/ipaddr.js/-/ipaddr.js-1.9.1.tgz 0ms (cache hit)
320 http cache is-array-buffer@https://registry.npmjs.org/is-array-buffer/-/is-array-buffer-3.0.2.tgz 0ms (cache hit)
321 http cache ip-regex@https://registry.npmjs.org/ip-regex/-/ip-regex-2.1.0.tgz 0ms (cache hit)
322 http cache ip@https://registry.npmjs.org/ip/-/ip-1.1.8.tgz 0ms (cache hit)
323 http cache interpret@https://registry.npmjs.org/interpret/-/interpret-2.2.0.tgz 0ms (cache hit)
324 http cache internal-slot@https://registry.npmjs.org/internal-slot/-/internal-slot-1.0.5.tgz 0ms (cache hit)
325 http cache internal-ip@https://registry.npmjs.org/internal-ip/-/internal-ip-4.3.0.tgz 0ms (cache hit)
326 http cache inflight@https://registry.npmjs.org/inflight/-/inflight-1.0.6.tgz 0ms (cache hit)
327 http cache inherits@https://registry.npmjs.org/inherits/-/inherits-2.0.4.tgz 0ms (cache hit)
328 http cache icss-utils@https://registry.npmjs.org/icss-utils/-/icss-utils-5.1.0.tgz 0ms (cache hit)
329 http cache iconv-lite@https://registry.npmjs.org/iconv-lite/-/iconv-lite-0.4.24.tgz 0ms (cache hit)
330 http cache import-local@https://registry.npmjs.org/import-local/-/import-local-3.1.0.tgz 0ms (cache hit)
331 http cache http-proxy@https://registry.npmjs.org/http-proxy/-/http-proxy-1.18.1.tgz 0ms (cache hit)
332 http cache hyphenate-style-name@https://registry.npmjs.org/hyphenate-style-name/-/hyphenate-style-name-1.0.4.tgz 0ms (cache hit)
333 http cache http-parser-js@https://registry.npmjs.org/http-parser-js/-/http-parser-js-0.5.8.tgz 0ms (cache hit)
334 http cache http-errors@https://registry.npmjs.org/http-errors/-/http-errors-2.0.0.tgz 0ms (cache hit)
335 http cache http-deceiver@https://registry.npmjs.org/http-deceiver/-/http-deceiver-1.2.7.tgz 0ms (cache hit)
336 http cache http-proxy-middleware@https://registry.npmjs.org/http-proxy-middleware/-/http-proxy-middleware-0.19.1.tgz 0ms (cache hit)
337 http cache htmlparser2@https://registry.npmjs.org/htmlparser2/-/htmlparser2-6.1.0.tgz 0ms (cache hit)
338 http cache html-entities@https://registry.npmjs.org/html-entities/-/html-entities-1.4.0.tgz 0ms (cache hit)
339 http cache html-webpack-plugin@https://registry.npmjs.org/html-webpack-plugin/-/html-webpack-plugin-4.5.2.tgz 0ms (cache hit)
340 http cache hpack.js@https://registry.npmjs.org/hpack.js/-/hpack.js-2.1.6.tgz 0ms (cache hit)
341 http cache hoist-non-react-statics@https://registry.npmjs.org/hoist-non-react-statics/-/hoist-non-react-statics-3.3.2.tgz 0ms (cache hit)
342 http cache html-minifier-terser@https://registry.npmjs.org/html-minifier-terser/-/html-minifier-terser-5.1.1.tgz 0ms (cache hit)
343 http cache history@https://registry.npmjs.org/history/-/history-4.10.1.tgz 0ms (cache hit)
344 http cache has-values@https://registry.npmjs.org/has-values/-/has-values-1.0.0.tgz 0ms (cache hit)
345 http cache has-value@https://registry.npmjs.org/has-value/-/has-value-1.0.0.tgz 0ms (cache hit)
346 http cache has-tostringtag@https://registry.npmjs.org/has-tostringtag/-/has-tostringtag-1.0.0.tgz 0ms (cache hit)
347 http cache has-symbols@https://registry.npmjs.org/has-symbols/-/has-symbols-1.0.3.tgz 0ms (cache hit)
348 http cache he@https://registry.npmjs.org/he/-/he-1.2.0.tgz 0ms (cache hit)
349 http cache has-flag@https://registry.npmjs.org/has-flag/-/has-flag-3.0.0.tgz 0ms (cache hit)
350 http cache has-proto@https://registry.npmjs.org/has-proto/-/has-proto-1.0.1.tgz 0ms (cache hit)
351 http cache has@https://registry.npmjs.org/has/-/has-1.0.3.tgz 0ms (cache hit)
352 http cache handle-thing@https://registry.npmjs.org/handle-thing/-/handle-thing-2.0.1.tgz 0ms (cache hit)
353 http cache has-bigints@https://registry.npmjs.org/has-bigints/-/has-bigints-1.0.2.tgz 0ms (cache hit)
354 http cache graceful-fs@https://registry.npmjs.org/graceful-fs/-/graceful-fs-4.2.11.tgz 0ms (cache hit)
355 http cache globby@https://registry.npmjs.org/globby/-/globby-6.1.0.tgz 0ms (cache hit)
356 http cache has-property-descriptors@https://registry.npmjs.org/has-property-descriptors/-/has-property-descriptors-1.0.0.tgz 0ms (cache hit)
357 http cache gopd@https://registry.npmjs.org/gopd/-/gopd-1.0.1.tgz 0ms (cache hit)
358 http cache globalthis@https://registry.npmjs.org/globalthis/-/globalthis-1.0.3.tgz 0ms (cache hit)
359 http cache glob-parent@https://registry.npmjs.org/glob-parent/-/glob-parent-3.1.0.tgz 0ms (cache hit)
360 http cache glob@https://registry.npmjs.org/glob/-/glob-7.2.3.tgz 0ms (cache hit)
361 http cache glob-to-regexp@https://registry.npmjs.org/glob-to-regexp/-/glob-to-regexp-0.4.1.tgz 0ms (cache hit)
362 http cache get-value@https://registry.npmjs.org/get-value/-/get-value-2.0.6.tgz 0ms (cache hit)
363 http cache get-symbol-description@https://registry.npmjs.org/get-symbol-description/-/get-symbol-description-1.0.0.tgz 0ms (cache hit)
364 http cache get-stream@https://registry.npmjs.org/get-stream/-/get-stream-4.1.0.tgz 0ms (cache hit)
365 http cache get-intrinsic@https://registry.npmjs.org/get-intrinsic/-/get-intrinsic-1.2.1.tgz 0ms (cache hit)
366 http cache get-caller-file@https://registry.npmjs.org/get-caller-file/-/get-caller-file-2.0.5.tgz 0ms (cache hit)
367 http cache globals@https://registry.npmjs.org/globals/-/globals-11.12.0.tgz 0ms (cache hit)
368 http cache functions-have-names@https://registry.npmjs.org/functions-have-names/-/functions-have-names-1.2.3.tgz 0ms (cache hit)
369 http cache function-bind@https://registry.npmjs.org/function-bind/-/function-bind-1.1.1.tgz 0ms (cache hit)
370 http cache function.prototype.name@https://registry.npmjs.org/function.prototype.name/-/function.prototype.name-1.1.5.tgz 0ms (cache hit)
371 http cache fsevents@https://registry.npmjs.org/fsevents/-/fsevents-1.2.13.tgz 0ms (cache hit)
372 http cache fresh@https://registry.npmjs.org/fresh/-/fresh-0.5.2.tgz 0ms (cache hit)
373 http cache fragment-cache@https://registry.npmjs.org/fragment-cache/-/fragment-cache-0.2.1.tgz 0ms (cache hit)
374 http cache fs.realpath@https://registry.npmjs.org/fs.realpath/-/fs.realpath-1.0.0.tgz 0ms (cache hit)
375 http cache gensync@https://registry.npmjs.org/gensync/-/gensync-1.0.0-beta.2.tgz 0ms (cache hit)
376 http cache for-in@https://registry.npmjs.org/for-in/-/for-in-1.0.2.tgz 0ms (cache hit)
377 http cache for-each@https://registry.npmjs.org/for-each/-/for-each-0.3.3.tgz 0ms (cache hit)
378 http cache follow-redirects@https://registry.npmjs.org/follow-redirects/-/follow-redirects-1.15.2.tgz 0ms (cache hit)
379 http cache find-up@https://registry.npmjs.org/find-up/-/find-up-4.1.0.tgz 0ms (cache hit)
380 http cache finalhandler@https://registry.npmjs.org/finalhandler/-/finalhandler-1.2.0.tgz 0ms (cache hit)
381 http cache fill-range@https://registry.npmjs.org/fill-range/-/fill-range-4.0.0.tgz 0ms (cache hit)
382 http cache find-cache-dir@https://registry.npmjs.org/find-cache-dir/-/find-cache-dir-3.3.2.tgz 0ms (cache hit)
383 http cache forwarded@https://registry.npmjs.org/forwarded/-/forwarded-0.2.0.tgz 0ms (cache hit)
384 http cache fastest-levenshtein@https://registry.npmjs.org/fastest-levenshtein/-/fastest-levenshtein-1.0.16.tgz 0ms (cache hit)
385 http cache faye-websocket@https://registry.npmjs.org/faye-websocket/-/faye-websocket-0.11.4.tgz 0ms (cache hit)
386 http cache extglob@https://registry.npmjs.org/extglob/-/extglob-2.0.4.tgz 0ms (cache hit)
387 http cache fast-json-stable-stringify@https://registry.npmjs.org/fast-json-stable-stringify/-/fast-json-stable-stringify-2.1.0.tgz 0ms (cache hit)
388 http cache file-uri-to-path@https://registry.npmjs.org/file-uri-to-path/-/file-uri-to-path-1.0.0.tgz 0ms (cache hit)
389 http cache fast-deep-equal@https://registry.npmjs.org/fast-deep-equal/-/fast-deep-equal-3.1.3.tgz 0ms (cache hit)
390 http cache extend-shallow@https://registry.npmjs.org/extend-shallow/-/extend-shallow-2.0.1.tgz 0ms (cache hit)
391 http cache expand-brackets@https://registry.npmjs.org/expand-brackets/-/expand-brackets-2.1.4.tgz 0ms (cache hit)
392 http cache execa@https://registry.npmjs.org/execa/-/execa-1.0.0.tgz 0ms (cache hit)
393 http cache express@https://registry.npmjs.org/express/-/express-4.18.2.tgz 0ms (cache hit)
394 http cache eventsource@https://registry.npmjs.org/eventsource/-/eventsource-2.0.2.tgz 0ms (cache hit)
395 http cache events@https://registry.npmjs.org/events/-/events-3.3.0.tgz 0ms (cache hit)
396 http cache eventemitter3@https://registry.npmjs.org/eventemitter3/-/eventemitter3-4.0.7.tgz 0ms (cache hit)
397 http cache esutils@https://registry.npmjs.org/esutils/-/esutils-2.0.3.tgz 0ms (cache hit)
398 http cache etag@https://registry.npmjs.org/etag/-/etag-1.8.1.tgz 0ms (cache hit)
399 http cache esrecurse@https://registry.npmjs.org/esrecurse/-/esrecurse-4.3.0.tgz 0ms (cache hit)
400 http cache eslint-scope@https://registry.npmjs.org/eslint-scope/-/eslint-scope-5.1.1.tgz 0ms (cache hit)
401 http cache estraverse@https://registry.npmjs.org/estraverse/-/estraverse-4.3.0.tgz 1ms (cache hit)
402 http cache escape-html@https://registry.npmjs.org/escape-html/-/escape-html-1.0.3.tgz 0ms (cache hit)
403 http cache escalade@https://registry.npmjs.org/escalade/-/escalade-3.1.1.tgz 0ms (cache hit)
404 http cache es-to-primitive@https://registry.npmjs.org/es-to-primitive/-/es-to-primitive-1.2.1.tgz 0ms (cache hit)
405 http cache escape-string-regexp@https://registry.npmjs.org/escape-string-regexp/-/escape-string-regexp-1.0.5.tgz 0ms (cache hit)
406 http cache es-set-tostringtag@https://registry.npmjs.org/es-set-tostringtag/-/es-set-tostringtag-2.0.1.tgz 0ms (cache hit)
407 http cache es-module-lexer@https://registry.npmjs.org/es-module-lexer/-/es-module-lexer-1.3.0.tgz 0ms (cache hit)
408 http cache es-array-method-boxes-properly@https://registry.npmjs.org/es-array-method-boxes-properly/-/es-array-method-boxes-properly-1.0.0.tgz 0ms (cache hit)
409 http cache errno@https://registry.npmjs.org/errno/-/errno-0.1.8.tgz 0ms (cache hit)
410 http cache envinfo@https://registry.npmjs.org/envinfo/-/envinfo-7.10.0.tgz 0ms (cache hit)
411 http cache entities@https://registry.npmjs.org/entities/-/entities-2.2.0.tgz 0ms (cache hit)
412 http cache es-abstract@https://registry.npmjs.org/es-abstract/-/es-abstract-1.21.2.tgz 0ms (cache hit)
413 http cache enhanced-resolve@https://registry.npmjs.org/enhanced-resolve/-/enhanced-resolve-5.15.0.tgz 0ms (cache hit)
414 http cache emojis-list@https://registry.npmjs.org/emojis-list/-/emojis-list-3.0.0.tgz 0ms (cache hit)
415 http cache end-of-stream@https://registry.npmjs.org/end-of-stream/-/end-of-stream-1.4.4.tgz 0ms (cache hit)
416 http cache emoji-regex@https://registry.npmjs.org/emoji-regex/-/emoji-regex-7.0.3.tgz 0ms (cache hit)
417 http cache encodeurl@https://registry.npmjs.org/encodeurl/-/encodeurl-1.0.2.tgz 0ms (cache hit)
418 http cache electron-to-chromium@https://registry.npmjs.org/electron-to-chromium/-/electron-to-chromium-1.4.442.tgz 0ms (cache hit)
419 http cache ee-first@https://registry.npmjs.org/ee-first/-/ee-first-1.1.1.tgz 0ms (cache hit)
420 http cache dot-case@https://registry.npmjs.org/dot-case/-/dot-case-3.0.4.tgz 0ms (cache hit)
421 http cache domutils@https://registry.npmjs.org/domutils/-/domutils-2.8.0.tgz 0ms (cache hit)
422 http cache domhandler@https://registry.npmjs.org/domhandler/-/domhandler-4.3.1.tgz 0ms (cache hit)
423 http cache dom-helpers@https://registry.npmjs.org/dom-helpers/-/dom-helpers-5.2.1.tgz 0ms (cache hit)
424 http cache dom-converter@https://registry.npmjs.org/dom-converter/-/dom-converter-0.2.0.tgz 0ms (cache hit)
425 http cache domelementtype@https://registry.npmjs.org/domelementtype/-/domelementtype-2.3.0.tgz 0ms (cache hit)
426 http cache dom-serializer@https://registry.npmjs.org/dom-serializer/-/dom-serializer-1.4.1.tgz 0ms (cache hit)
427 http cache dns-equal@https://registry.npmjs.org/dns-equal/-/dns-equal-1.0.0.tgz 0ms (cache hit)
428 http cache dns-packet@https://registry.npmjs.org/dns-packet/-/dns-packet-1.3.4.tgz 0ms (cache hit)
429 http cache destroy@https://registry.npmjs.org/destroy/-/destroy-1.2.0.tgz 0ms (cache hit)
430 http cache depd@https://registry.npmjs.org/depd/-/depd-2.0.0.tgz 0ms (cache hit)
431 http cache del@https://registry.npmjs.org/del/-/del-4.1.1.tgz 1ms (cache hit)
432 http cache detect-node@https://registry.npmjs.org/detect-node/-/detect-node-2.1.0.tgz 0ms (cache hit)
433 http cache dns-txt@https://registry.npmjs.org/dns-txt/-/dns-txt-2.0.2.tgz 0ms (cache hit)
434 http cache define-properties@https://registry.npmjs.org/define-properties/-/define-properties-1.2.0.tgz 0ms (cache hit)
435 http cache decamelize@https://registry.npmjs.org/decamelize/-/decamelize-1.2.0.tgz 0ms (cache hit)
436 http cache default-gateway@https://registry.npmjs.org/default-gateway/-/default-gateway-4.2.0.tgz 0ms (cache hit)
437 http cache define-property@https://registry.npmjs.org/define-property/-/define-property-2.0.2.tgz 0ms (cache hit)
438 http cache deep-equal@https://registry.npmjs.org/deep-equal/-/deep-equal-1.1.1.tgz 0ms (cache hit)
439 http cache decode-uri-component@https://registry.npmjs.org/decode-uri-component/-/decode-uri-component-0.2.2.tgz 0ms (cache hit)
440 http cache debug@https://registry.npmjs.org/debug/-/debug-4.3.4.tgz 0ms (cache hit)
441 http cache css-what@https://registry.npmjs.org/css-what/-/css-what-6.1.0.tgz 0ms (cache hit)
442 http cache css-select@https://registry.npmjs.org/css-select/-/css-select-4.3.0.tgz 0ms (cache hit)
443 http cache csstype@https://registry.npmjs.org/csstype/-/csstype-2.6.21.tgz 0ms (cache hit)
444 http cache css-loader@https://registry.npmjs.org/css-loader/-/css-loader-5.2.7.tgz 0ms (cache hit)
445 http cache css-vendor@https://registry.npmjs.org/css-vendor/-/css-vendor-2.0.8.tgz 0ms (cache hit)
446 http cache cssesc@https://registry.npmjs.org/cssesc/-/cssesc-3.0.0.tgz 0ms (cache hit)
447 http cache core-util-is@https://registry.npmjs.org/core-util-is/-/core-util-is-1.0.3.tgz 0ms (cache hit)
448 http cache copy-descriptor@https://registry.npmjs.org/copy-descriptor/-/copy-descriptor-0.1.1.tgz 0ms (cache hit)
449 http cache core-js-compat@https://registry.npmjs.org/core-js-compat/-/core-js-compat-3.31.0.tgz 0ms (cache hit)
450 http cache convert-source-map@https://registry.npmjs.org/convert-source-map/-/convert-source-map-1.9.0.tgz 0ms (cache hit)
451 http cache cookie@https://registry.npmjs.org/cookie/-/cookie-0.5.0.tgz 0ms (cache hit)
452 http cache cross-spawn@https://registry.npmjs.org/cross-spawn/-/cross-spawn-7.0.3.tgz 0ms (cache hit)
453 http cache cookie-signature@https://registry.npmjs.org/cookie-signature/-/cookie-signature-1.0.6.tgz 0ms (cache hit)
454 http cache concat-map@https://registry.npmjs.org/concat-map/-/concat-map-0.0.1.tgz 0ms (cache hit)
455 http cache connect-history-api-fallback@https://registry.npmjs.org/connect-history-api-fallback/-/connect-history-api-fallback-1.6.0.tgz 0ms (cache hit)
456 http cache content-disposition@https://registry.npmjs.org/content-disposition/-/content-disposition-0.5.4.tgz 0ms (cache hit)
457 http cache content-type@https://registry.npmjs.org/content-type/-/content-type-1.0.5.tgz 0ms (cache hit)
458 http cache compression@https://registry.npmjs.org/compression/-/compression-1.7.4.tgz 0ms (cache hit)
459 http cache compressible@https://registry.npmjs.org/compressible/-/compressible-2.0.18.tgz 0ms (cache hit)
460 http cache component-emitter@https://registry.npmjs.org/component-emitter/-/component-emitter-1.3.0.tgz 0ms (cache hit)
461 http cache colorette@https://registry.npmjs.org/colorette/-/colorette-2.0.20.tgz 0ms (cache hit)
462 http cache commander@https://registry.npmjs.org/commander/-/commander-4.1.1.tgz 0ms (cache hit)
463 http cache commondir@https://registry.npmjs.org/commondir/-/commondir-1.0.1.tgz 0ms (cache hit)
464 http cache color-convert@https://registry.npmjs.org/color-convert/-/color-convert-1.9.3.tgz 0ms (cache hit)
465 http cache color-name@https://registry.npmjs.org/color-name/-/color-name-1.1.3.tgz 0ms (cache hit)
466 http cache clone-deep@https://registry.npmjs.org/clone-deep/-/clone-deep-4.0.1.tgz 0ms (cache hit)
467 http cache cliui@https://registry.npmjs.org/cliui/-/cliui-5.0.0.tgz 0ms (cache hit)
468 http cache clean-webpack-plugin@https://registry.npmjs.org/clean-webpack-plugin/-/clean-webpack-plugin-3.0.0.tgz 0ms (cache hit)
469 http cache clean-css@https://registry.npmjs.org/clean-css/-/clean-css-4.2.4.tgz 0ms (cache hit)
470 http cache clsx@https://registry.npmjs.org/clsx/-/clsx-1.2.1.tgz 0ms (cache hit)
471 http cache class-utils@https://registry.npmjs.org/class-utils/-/class-utils-0.3.6.tgz 0ms (cache hit)
472 http cache collection-visit@https://registry.npmjs.org/collection-visit/-/collection-visit-1.0.0.tgz 0ms (cache hit)
473 http cache chrome-trace-event@https://registry.npmjs.org/chrome-trace-event/-/chrome-trace-event-1.0.3.tgz 0ms (cache hit)
474 http cache chokidar@https://registry.npmjs.org/chokidar/-/chokidar-2.1.8.tgz 0ms (cache hit)
475 http cache chalk@https://registry.npmjs.org/chalk/-/chalk-2.4.2.tgz 0ms (cache hit)
476 http cache camel-case@https://registry.npmjs.org/camel-case/-/camel-case-4.1.2.tgz 0ms (cache hit)
477 http cache call-bind@https://registry.npmjs.org/call-bind/-/call-bind-1.0.2.tgz 0ms (cache hit)
478 http cache camelcase@https://registry.npmjs.org/camelcase/-/camelcase-5.3.1.tgz 0ms (cache hit)
479 http cache cache-base@https://registry.npmjs.org/cache-base/-/cache-base-1.0.1.tgz 0ms (cache hit)
480 http cache bytes@https://registry.npmjs.org/bytes/-/bytes-3.0.0.tgz 0ms (cache hit)
481 http cache buffer-indexof@https://registry.npmjs.org/buffer-indexof/-/buffer-indexof-1.1.1.tgz 0ms (cache hit)
482 http cache buffer-from@https://registry.npmjs.org/buffer-from/-/buffer-from-1.1.2.tgz 0ms (cache hit)
483 http cache braces@https://registry.npmjs.org/braces/-/braces-2.3.2.tgz 0ms (cache hit)
484 http cache brace-expansion@https://registry.npmjs.org/brace-expansion/-/brace-expansion-1.1.11.tgz 0ms (cache hit)
485 http cache boolbase@https://registry.npmjs.org/boolbase/-/boolbase-1.0.0.tgz 0ms (cache hit)
486 http cache caniuse-lite@https://registry.npmjs.org/caniuse-lite/-/caniuse-lite-1.0.30001508.tgz 0ms (cache hit)
487 http cache bonjour@https://registry.npmjs.org/bonjour/-/bonjour-3.5.0.tgz 0ms (cache hit)
488 http cache browserslist@https://registry.npmjs.org/browserslist/-/browserslist-4.21.9.tgz 0ms (cache hit)
489 http cache body-parser@https://registry.npmjs.org/body-parser/-/body-parser-1.20.1.tgz 0ms (cache hit)
490 http cache bindings@https://registry.npmjs.org/bindings/-/bindings-1.5.0.tgz 0ms (cache hit)
491 http cache binary-extensions@https://registry.npmjs.org/binary-extensions/-/binary-extensions-1.13.1.tgz 0ms (cache hit)
492 http cache batch@https://registry.npmjs.org/batch/-/batch-0.6.1.tgz 0ms (cache hit)
493 http cache big.js@https://registry.npmjs.org/big.js/-/big.js-5.2.2.tgz 0ms (cache hit)
494 http cache base@https://registry.npmjs.org/base/-/base-0.11.2.tgz 0ms (cache hit)
495 http cache babel-plugin-polyfill-regenerator@https://registry.npmjs.org/babel-plugin-polyfill-regenerator/-/babel-plugin-polyfill-regenerator-0.5.0.tgz 0ms (cache hit)
496 http cache babel-plugin-polyfill-corejs2@https://registry.npmjs.org/babel-plugin-polyfill-corejs2/-/babel-plugin-polyfill-corejs2-0.4.3.tgz 0ms (cache hit)
497 http cache balanced-match@https://registry.npmjs.org/balanced-match/-/balanced-match-1.0.2.tgz 0ms (cache hit)
498 http cache babel-plugin-polyfill-corejs3@https://registry.npmjs.org/babel-plugin-polyfill-corejs3/-/babel-plugin-polyfill-corejs3-0.8.1.tgz 0ms (cache hit)
499 http cache babel-loader@https://registry.npmjs.org/babel-loader/-/babel-loader-8.3.0.tgz 0ms (cache hit)
500 http cache available-typed-arrays@https://registry.npmjs.org/available-typed-arrays/-/available-typed-arrays-1.0.5.tgz 0ms (cache hit)
501 http cache atob@https://registry.npmjs.org/atob/-/atob-2.1.2.tgz 0ms (cache hit)
502 http cache async-each@https://registry.npmjs.org/async-each/-/async-each-1.0.6.tgz 0ms (cache hit)
503 http cache async@https://registry.npmjs.org/async/-/async-2.6.4.tgz 0ms (cache hit)
504 http cache assign-symbols@https://registry.npmjs.org/assign-symbols/-/assign-symbols-1.0.0.tgz 0ms (cache hit)
505 http cache array.prototype.reduce@https://registry.npmjs.org/array.prototype.reduce/-/array.prototype.reduce-1.0.5.tgz 0ms (cache hit)
506 http cache async-limiter@https://registry.npmjs.org/async-limiter/-/async-limiter-1.0.1.tgz 0ms (cache hit)
507 http cache array-uniq@https://registry.npmjs.org/array-uniq/-/array-uniq-1.0.3.tgz 0ms (cache hit)
508 http cache array-union@https://registry.npmjs.org/array-union/-/array-union-1.0.2.tgz 0ms (cache hit)
509 http cache array-flatten@https://registry.npmjs.org/array-flatten/-/array-flatten-2.1.2.tgz 0ms (cache hit)
510 http cache array-buffer-byte-length@https://registry.npmjs.org/array-buffer-byte-length/-/array-buffer-byte-length-1.0.0.tgz 0ms (cache hit)
511 http cache arr-flatten@https://registry.npmjs.org/arr-flatten/-/arr-flatten-1.1.0.tgz 0ms (cache hit)
512 http cache arr-diff@https://registry.npmjs.org/arr-diff/-/arr-diff-4.0.0.tgz 0ms (cache hit)
513 http cache anymatch@https://registry.npmjs.org/anymatch/-/anymatch-3.1.3.tgz 0ms (cache hit)
514 http cache ansi-styles@https://registry.npmjs.org/ansi-styles/-/ansi-styles-3.2.1.tgz 0ms (cache hit)
515 http cache array-unique@https://registry.npmjs.org/array-unique/-/array-unique-0.3.2.tgz 0ms (cache hit)
516 http cache ansi-regex@https://registry.npmjs.org/ansi-regex/-/ansi-regex-2.1.1.tgz 0ms (cache hit)
517 http cache ansi-html-community@https://registry.npmjs.org/ansi-html-community/-/ansi-html-community-0.0.8.tgz 0ms (cache hit)
518 http cache arr-union@https://registry.npmjs.org/arr-union/-/arr-union-3.1.0.tgz 0ms (cache hit)
519 http cache ansi-colors@https://registry.npmjs.org/ansi-colors/-/ansi-colors-3.2.4.tgz 0ms (cache hit)
520 http cache ajv-errors@https://registry.npmjs.org/ajv-errors/-/ajv-errors-1.0.1.tgz 0ms (cache hit)
521 http cache ajv-keywords@https://registry.npmjs.org/ajv-keywords/-/ajv-keywords-3.5.2.tgz 0ms (cache hit)
522 http cache ajv@https://registry.npmjs.org/ajv/-/ajv-6.12.6.tgz 0ms (cache hit)
523 http cache acorn-import-assertions@https://registry.npmjs.org/acorn-import-assertions/-/acorn-import-assertions-1.9.0.tgz 0ms (cache hit)
524 http cache acorn@https://registry.npmjs.org/acorn/-/acorn-8.9.0.tgz 0ms (cache hit)
525 http cache @xtuc/long@https://registry.npmjs.org/@xtuc/long/-/long-4.2.2.tgz 0ms (cache hit)
526 http cache accepts@https://registry.npmjs.org/accepts/-/accepts-1.3.8.tgz 0ms (cache hit)
527 http cache @xtuc/ieee754@https://registry.npmjs.org/@xtuc/ieee754/-/ieee754-1.2.0.tgz 0ms (cache hit)
528 http cache @webpack-cli/serve@https://registry.npmjs.org/@webpack-cli/serve/-/serve-1.7.0.tgz 0ms (cache hit)
529 http cache @webpack-cli/info@https://registry.npmjs.org/@webpack-cli/info/-/info-1.5.0.tgz 0ms (cache hit)
530 http cache @webpack-cli/configtest@https://registry.npmjs.org/@webpack-cli/configtest/-/configtest-1.2.0.tgz 0ms (cache hit)
531 http cache @webassemblyjs/wast-printer@https://registry.npmjs.org/@webassemblyjs/wast-printer/-/wast-printer-1.11.6.tgz 0ms (cache hit)
532 http cache @webassemblyjs/wasm-opt@https://registry.npmjs.org/@webassemblyjs/wasm-opt/-/wasm-opt-1.11.6.tgz 0ms (cache hit)
533 http cache @webassemblyjs/wasm-gen@https://registry.npmjs.org/@webassemblyjs/wasm-gen/-/wasm-gen-1.11.6.tgz 0ms (cache hit)
534 http cache @webassemblyjs/wasm-edit@https://registry.npmjs.org/@webassemblyjs/wasm-edit/-/wasm-edit-1.11.6.tgz 0ms (cache hit)
535 http cache @webassemblyjs/wasm-parser@https://registry.npmjs.org/@webassemblyjs/wasm-parser/-/wasm-parser-1.11.6.tgz 0ms (cache hit)
536 http cache @webassemblyjs/utf8@https://registry.npmjs.org/@webassemblyjs/utf8/-/utf8-1.11.6.tgz 0ms (cache hit)
537 http cache @webassemblyjs/leb128@https://registry.npmjs.org/@webassemblyjs/leb128/-/leb128-1.11.6.tgz 0ms (cache hit)
538 http cache @webassemblyjs/ieee754@https://registry.npmjs.org/@webassemblyjs/ieee754/-/ieee754-1.11.6.tgz 0ms (cache hit)
539 http cache @webassemblyjs/helper-wasm-bytecode@https://registry.npmjs.org/@webassemblyjs/helper-wasm-bytecode/-/helper-wasm-bytecode-1.11.6.tgz 0ms (cache hit)
540 http cache @webassemblyjs/helper-numbers@https://registry.npmjs.org/@webassemblyjs/helper-numbers/-/helper-numbers-1.11.6.tgz 0ms (cache hit)
541 http cache @webassemblyjs/helper-wasm-section@https://registry.npmjs.org/@webassemblyjs/helper-wasm-section/-/helper-wasm-section-1.11.6.tgz 0ms (cache hit)
542 http cache @webassemblyjs/helper-buffer@https://registry.npmjs.org/@webassemblyjs/helper-buffer/-/helper-buffer-1.11.6.tgz 0ms (cache hit)
543 http cache @webassemblyjs/floating-point-hex-parser@https://registry.npmjs.org/@webassemblyjs/floating-point-hex-parser/-/floating-point-hex-parser-1.11.6.tgz 0ms (cache hit)
544 http cache @types/webpack-sources@https://registry.npmjs.org/@types/webpack-sources/-/webpack-sources-3.2.0.tgz 0ms (cache hit)
545 http cache @webassemblyjs/ast@https://registry.npmjs.org/@webassemblyjs/ast/-/ast-1.11.6.tgz 0ms (cache hit)
546 http cache @webassemblyjs/helper-api-error@https://registry.npmjs.org/@webassemblyjs/helper-api-error/-/helper-api-error-1.11.6.tgz 0ms (cache hit)
547 http cache @types/webpack@https://registry.npmjs.org/@types/webpack/-/webpack-4.41.33.tgz 0ms (cache hit)
548 http cache @types/uglify-js@https://registry.npmjs.org/@types/uglify-js/-/uglify-js-3.17.1.tgz 0ms (cache hit)
549 http cache @types/react-transition-group@https://registry.npmjs.org/@types/react-transition-group/-/react-transition-group-4.4.6.tgz 0ms (cache hit)
550 http cache @types/scheduler@https://registry.npmjs.org/@types/scheduler/-/scheduler-0.16.3.tgz 0ms (cache hit)
551 http cache @types/prop-types@https://registry.npmjs.org/@types/prop-types/-/prop-types-15.7.5.tgz 0ms (cache hit)
552 http cache @types/node@https://registry.npmjs.org/@types/node/-/node-20.3.2.tgz 0ms (cache hit)
553 http cache @types/tapable@https://registry.npmjs.org/@types/tapable/-/tapable-1.0.8.tgz 0ms (cache hit)
554 http cache @types/json-schema@https://registry.npmjs.org/@types/json-schema/-/json-schema-7.0.12.tgz 0ms (cache hit)
555 http cache @types/source-list-map@https://registry.npmjs.org/@types/source-list-map/-/source-list-map-0.1.2.tgz 0ms (cache hit)
556 http cache @types/minimatch@https://registry.npmjs.org/@types/minimatch/-/minimatch-5.1.2.tgz 0ms (cache hit)
557 http cache @types/glob@https://registry.npmjs.org/@types/glob/-/glob-7.2.0.tgz 0ms (cache hit)
558 http cache @types/estree@https://registry.npmjs.org/@types/estree/-/estree-1.0.1.tgz 0ms (cache hit)
559 http cache @types/eslint@https://registry.npmjs.org/@types/eslint/-/eslint-8.40.2.tgz 0ms (cache hit)
560 http cache @types/eslint-scope@https://registry.npmjs.org/@types/eslint-scope/-/eslint-scope-3.7.4.tgz 0ms (cache hit)
561 http cache @material-ui/utils@https://registry.npmjs.org/@material-ui/utils/-/utils-4.11.3.tgz 0ms (cache hit)
562 http cache @types/html-minifier-terser@https://registry.npmjs.org/@types/html-minifier-terser/-/html-minifier-terser-5.1.2.tgz 0ms (cache hit)
563 http cache @material-ui/types@https://registry.npmjs.org/@material-ui/types/-/types-5.1.0.tgz 0ms (cache hit)
564 http cache @material-ui/icons@https://registry.npmjs.org/@material-ui/icons/-/icons-4.11.3.tgz 0ms (cache hit)
565 http cache @material-ui/styles@https://registry.npmjs.org/@material-ui/styles/-/styles-4.11.5.tgz 0ms (cache hit)
566 http cache @material-ui/core@https://registry.npmjs.org/@material-ui/core/-/core-4.12.4.tgz 0ms (cache hit)
567 http cache @material-ui/system@https://registry.npmjs.org/@material-ui/system/-/system-4.12.2.tgz 0ms (cache hit)
568 http cache @jridgewell/trace-mapping@https://registry.npmjs.org/@jridgewell/trace-mapping/-/trace-mapping-0.3.18.tgz 0ms (cache hit)
569 http cache @jridgewell/sourcemap-codec@https://registry.npmjs.org/@jridgewell/sourcemap-codec/-/sourcemap-codec-1.4.15.tgz 0ms (cache hit)
570 http cache @jridgewell/source-map@https://registry.npmjs.org/@jridgewell/source-map/-/source-map-0.3.3.tgz 0ms (cache hit)
571 http cache @jridgewell/resolve-uri@https://registry.npmjs.org/@jridgewell/resolve-uri/-/resolve-uri-3.1.0.tgz 0ms (cache hit)
572 http cache @emotion/hash@https://registry.npmjs.org/@emotion/hash/-/hash-0.8.0.tgz 0ms (cache hit)
573 http cache @jridgewell/set-array@https://registry.npmjs.org/@jridgewell/set-array/-/set-array-1.1.2.tgz 0ms (cache hit)
574 http cache @jridgewell/gen-mapping@https://registry.npmjs.org/@jridgewell/gen-mapping/-/gen-mapping-0.3.3.tgz 0ms (cache hit)
575 http cache @babel/types@https://registry.npmjs.org/@babel/types/-/types-7.22.5.tgz 0ms (cache hit)
576 http cache @discoveryjs/json-ext@https://registry.npmjs.org/@discoveryjs/json-ext/-/json-ext-0.5.7.tgz 0ms (cache hit)
577 http cache @babel/traverse@https://registry.npmjs.org/@babel/traverse/-/traverse-7.22.5.tgz 0ms (cache hit)
578 http cache @babel/regjsgen@https://registry.npmjs.org/@babel/regjsgen/-/regjsgen-0.8.0.tgz 0ms (cache hit)
579 http cache @babel/preset-react@https://registry.npmjs.org/@babel/preset-react/-/preset-react-7.22.5.tgz 0ms (cache hit)
580 http cache @babel/preset-modules@https://registry.npmjs.org/@babel/preset-modules/-/preset-modules-0.1.5.tgz 0ms (cache hit)
581 http cache @babel/preset-env@https://registry.npmjs.org/@babel/preset-env/-/preset-env-7.22.5.tgz 0ms (cache hit)
582 http cache @babel/template@https://registry.npmjs.org/@babel/template/-/template-7.22.5.tgz 0ms (cache hit)
583 http cache @babel/plugin-transform-unicode-sets-regex@https://registry.npmjs.org/@babel/plugin-transform-unicode-sets-regex/-/plugin-transform-unicode-sets-regex-7.22.5.tgz 0ms (cache hit)
584 http cache @babel/plugin-transform-unicode-property-regex@https://registry.npmjs.org/@babel/plugin-transform-unicode-property-regex/-/plugin-transform-unicode-property-regex-7.22.5.tgz 0ms (cache hit)
585 http cache @babel/plugin-transform-unicode-escapes@https://registry.npmjs.org/@babel/plugin-transform-unicode-escapes/-/plugin-transform-unicode-escapes-7.22.5.tgz 0ms (cache hit)
586 http cache @babel/plugin-transform-sticky-regex@https://registry.npmjs.org/@babel/plugin-transform-sticky-regex/-/plugin-transform-sticky-regex-7.22.5.tgz 0ms (cache hit)
587 http cache @babel/plugin-transform-unicode-regex@https://registry.npmjs.org/@babel/plugin-transform-unicode-regex/-/plugin-transform-unicode-regex-7.22.5.tgz 0ms (cache hit)
588 http cache @babel/plugin-transform-typeof-symbol@https://registry.npmjs.org/@babel/plugin-transform-typeof-symbol/-/plugin-transform-typeof-symbol-7.22.5.tgz 0ms (cache hit)
589 http cache @babel/plugin-transform-template-literals@https://registry.npmjs.org/@babel/plugin-transform-template-literals/-/plugin-transform-template-literals-7.22.5.tgz 0ms (cache hit)
590 http cache @babel/plugin-transform-spread@https://registry.npmjs.org/@babel/plugin-transform-spread/-/plugin-transform-spread-7.22.5.tgz 0ms (cache hit)
591 http cache @babel/runtime@https://registry.npmjs.org/@babel/runtime/-/runtime-7.22.5.tgz 0ms (cache hit)
592 http cache @babel/plugin-transform-shorthand-properties@https://registry.npmjs.org/@babel/plugin-transform-shorthand-properties/-/plugin-transform-shorthand-properties-7.22.5.tgz 0ms (cache hit)
593 http cache @babel/plugin-transform-runtime@https://registry.npmjs.org/@babel/plugin-transform-runtime/-/plugin-transform-runtime-7.22.5.tgz 0ms (cache hit)
594 http cache @babel/plugin-transform-regenerator@https://registry.npmjs.org/@babel/plugin-transform-regenerator/-/plugin-transform-regenerator-7.22.5.tgz 0ms (cache hit)
595 http cache @babel/plugin-transform-react-pure-annotations@https://registry.npmjs.org/@babel/plugin-transform-react-pure-annotations/-/plugin-transform-react-pure-annotations-7.22.5.tgz 0ms (cache hit)
596 http cache @babel/plugin-transform-reserved-words@https://registry.npmjs.org/@babel/plugin-transform-reserved-words/-/plugin-transform-reserved-words-7.22.5.tgz 0ms (cache hit)
597 http cache @babel/plugin-transform-react-jsx@https://registry.npmjs.org/@babel/plugin-transform-react-jsx/-/plugin-transform-react-jsx-7.22.5.tgz 0ms (cache hit)
598 http cache @babel/plugin-transform-react-display-name@https://registry.npmjs.org/@babel/plugin-transform-react-display-name/-/plugin-transform-react-display-name-7.22.5.tgz 0ms (cache hit)
599 http cache @babel/plugin-transform-react-jsx-development@https://registry.npmjs.org/@babel/plugin-transform-react-jsx-development/-/plugin-transform-react-jsx-development-7.22.5.tgz 0ms (cache hit)
600 http cache @babel/plugin-transform-property-literals@https://registry.npmjs.org/@babel/plugin-transform-property-literals/-/plugin-transform-property-literals-7.22.5.tgz 0ms (cache hit)
601 http cache @babel/plugin-transform-private-property-in-object@https://registry.npmjs.org/@babel/plugin-transform-private-property-in-object/-/plugin-transform-private-property-in-object-7.22.5.tgz 0ms (cache hit)
602 http cache @babel/plugin-transform-private-methods@https://registry.npmjs.org/@babel/plugin-transform-private-methods/-/plugin-transform-private-methods-7.22.5.tgz 0ms (cache hit)
603 http cache @babel/plugin-transform-parameters@https://registry.npmjs.org/@babel/plugin-transform-parameters/-/plugin-transform-parameters-7.22.5.tgz 0ms (cache hit)
604 http cache @babel/plugin-transform-optional-chaining@https://registry.npmjs.org/@babel/plugin-transform-optional-chaining/-/plugin-transform-optional-chaining-7.22.5.tgz 0ms (cache hit)
605 http cache @babel/plugin-transform-optional-catch-binding@https://registry.npmjs.org/@babel/plugin-transform-optional-catch-binding/-/plugin-transform-optional-catch-binding-7.22.5.tgz 0ms (cache hit)
606 http cache @babel/plugin-transform-object-super@https://registry.npmjs.org/@babel/plugin-transform-object-super/-/plugin-transform-object-super-7.22.5.tgz 0ms (cache hit)
607 http cache @babel/plugin-transform-object-rest-spread@https://registry.npmjs.org/@babel/plugin-transform-object-rest-spread/-/plugin-transform-object-rest-spread-7.22.5.tgz 0ms (cache hit)
608 http cache @babel/plugin-transform-nullish-coalescing-operator@https://registry.npmjs.org/@babel/plugin-transform-nullish-coalescing-operator/-/plugin-transform-nullish-coalescing-operator-7.22.5.tgz 0ms (cache hit)
609 http cache @babel/plugin-transform-named-capturing-groups-regex@https://registry.npmjs.org/@babel/plugin-transform-named-capturing-groups-regex/-/plugin-transform-named-capturing-groups-regex-7.22.5.tgz 0ms (cache hit)
610 http cache @babel/plugin-transform-numeric-separator@https://registry.npmjs.org/@babel/plugin-transform-numeric-separator/-/plugin-transform-numeric-separator-7.22.5.tgz 0ms (cache hit)
611 http cache @babel/plugin-transform-modules-umd@https://registry.npmjs.org/@babel/plugin-transform-modules-umd/-/plugin-transform-modules-umd-7.22.5.tgz 0ms (cache hit)
612 http cache @babel/plugin-transform-modules-commonjs@https://registry.npmjs.org/@babel/plugin-transform-modules-commonjs/-/plugin-transform-modules-commonjs-7.22.5.tgz 0ms (cache hit)
613 http cache @babel/plugin-transform-modules-amd@https://registry.npmjs.org/@babel/plugin-transform-modules-amd/-/plugin-transform-modules-amd-7.22.5.tgz 0ms (cache hit)
614 http cache @babel/plugin-transform-modules-systemjs@https://registry.npmjs.org/@babel/plugin-transform-modules-systemjs/-/plugin-transform-modules-systemjs-7.22.5.tgz 0ms (cache hit)
615 http cache @babel/plugin-transform-new-target@https://registry.npmjs.org/@babel/plugin-transform-new-target/-/plugin-transform-new-target-7.22.5.tgz 0ms (cache hit)
616 http cache @babel/plugin-transform-member-expression-literals@https://registry.npmjs.org/@babel/plugin-transform-member-expression-literals/-/plugin-transform-member-expression-literals-7.22.5.tgz 0ms (cache hit)
617 http cache @babel/plugin-transform-logical-assignment-operators@https://registry.npmjs.org/@babel/plugin-transform-logical-assignment-operators/-/plugin-transform-logical-assignment-operators-7.22.5.tgz 0ms (cache hit)
618 http cache @babel/plugin-transform-json-strings@https://registry.npmjs.org/@babel/plugin-transform-json-strings/-/plugin-transform-json-strings-7.22.5.tgz 0ms (cache hit)
619 http cache @babel/plugin-transform-function-name@https://registry.npmjs.org/@babel/plugin-transform-function-name/-/plugin-transform-function-name-7.22.5.tgz 0ms (cache hit)
620 http cache @babel/plugin-transform-for-of@https://registry.npmjs.org/@babel/plugin-transform-for-of/-/plugin-transform-for-of-7.22.5.tgz 0ms (cache hit)
621 http cache @babel/plugin-transform-export-namespace-from@https://registry.npmjs.org/@babel/plugin-transform-export-namespace-from/-/plugin-transform-export-namespace-from-7.22.5.tgz 0ms (cache hit)
622 http cache @babel/plugin-transform-literals@https://registry.npmjs.org/@babel/plugin-transform-literals/-/plugin-transform-literals-7.22.5.tgz 0ms (cache hit)
623 http cache @babel/plugin-transform-dynamic-import@https://registry.npmjs.org/@babel/plugin-transform-dynamic-import/-/plugin-transform-dynamic-import-7.22.5.tgz 0ms (cache hit)
624 http cache @babel/plugin-transform-exponentiation-operator@https://registry.npmjs.org/@babel/plugin-transform-exponentiation-operator/-/plugin-transform-exponentiation-operator-7.22.5.tgz 0ms (cache hit)
625 http cache @babel/plugin-transform-dotall-regex@https://registry.npmjs.org/@babel/plugin-transform-dotall-regex/-/plugin-transform-dotall-regex-7.22.5.tgz 0ms (cache hit)
626 http cache @babel/plugin-transform-destructuring@https://registry.npmjs.org/@babel/plugin-transform-destructuring/-/plugin-transform-destructuring-7.22.5.tgz 0ms (cache hit)
627 http cache @babel/plugin-transform-computed-properties@https://registry.npmjs.org/@babel/plugin-transform-computed-properties/-/plugin-transform-computed-properties-7.22.5.tgz 0ms (cache hit)
628 http cache @babel/plugin-transform-duplicate-keys@https://registry.npmjs.org/@babel/plugin-transform-duplicate-keys/-/plugin-transform-duplicate-keys-7.22.5.tgz 0ms (cache hit)
629 http cache @babel/plugin-transform-classes@https://registry.npmjs.org/@babel/plugin-transform-classes/-/plugin-transform-classes-7.22.5.tgz 0ms (cache hit)
630 http cache @babel/plugin-transform-class-static-block@https://registry.npmjs.org/@babel/plugin-transform-class-static-block/-/plugin-transform-class-static-block-7.22.5.tgz 0ms (cache hit)
631 http cache @babel/plugin-transform-block-scoping@https://registry.npmjs.org/@babel/plugin-transform-block-scoping/-/plugin-transform-block-scoping-7.22.5.tgz 0ms (cache hit)
632 http cache @babel/plugin-transform-block-scoped-functions@https://registry.npmjs.org/@babel/plugin-transform-block-scoped-functions/-/plugin-transform-block-scoped-functions-7.22.5.tgz 0ms (cache hit)
633 http cache @babel/plugin-transform-async-generator-functions@https://registry.npmjs.org/@babel/plugin-transform-async-generator-functions/-/plugin-transform-async-generator-functions-7.22.5.tgz 0ms (cache hit)
634 http cache @babel/plugin-syntax-unicode-sets-regex@https://registry.npmjs.org/@babel/plugin-syntax-unicode-sets-regex/-/plugin-syntax-unicode-sets-regex-7.18.6.tgz 0ms (cache hit)
635 http cache @babel/plugin-transform-class-properties@https://registry.npmjs.org/@babel/plugin-transform-class-properties/-/plugin-transform-class-properties-7.22.5.tgz 0ms (cache hit)
636 http cache @babel/plugin-transform-arrow-functions@https://registry.npmjs.org/@babel/plugin-transform-arrow-functions/-/plugin-transform-arrow-functions-7.22.5.tgz 0ms (cache hit)
637 http cache @babel/plugin-syntax-private-property-in-object@https://registry.npmjs.org/@babel/plugin-syntax-private-property-in-object/-/plugin-syntax-private-property-in-object-7.14.5.tgz 0ms (cache hit)
638 http cache @babel/plugin-syntax-optional-chaining@https://registry.npmjs.org/@babel/plugin-syntax-optional-chaining/-/plugin-syntax-optional-chaining-7.8.3.tgz 0ms (cache hit)
639 http cache @babel/plugin-syntax-optional-catch-binding@https://registry.npmjs.org/@babel/plugin-syntax-optional-catch-binding/-/plugin-syntax-optional-catch-binding-7.8.3.tgz 0ms (cache hit)
640 http cache @babel/plugin-syntax-numeric-separator@https://registry.npmjs.org/@babel/plugin-syntax-numeric-separator/-/plugin-syntax-numeric-separator-7.10.4.tgz 0ms (cache hit)
641 http cache @babel/plugin-syntax-object-rest-spread@https://registry.npmjs.org/@babel/plugin-syntax-object-rest-spread/-/plugin-syntax-object-rest-spread-7.8.3.tgz 0ms (cache hit)
642 http cache @babel/plugin-syntax-nullish-coalescing-operator@https://registry.npmjs.org/@babel/plugin-syntax-nullish-coalescing-operator/-/plugin-syntax-nullish-coalescing-operator-7.8.3.tgz 0ms (cache hit)
643 http cache @babel/plugin-syntax-logical-assignment-operators@https://registry.npmjs.org/@babel/plugin-syntax-logical-assignment-operators/-/plugin-syntax-logical-assignment-operators-7.10.4.tgz 0ms (cache hit)
644 http cache @babel/plugin-transform-async-to-generator@https://registry.npmjs.org/@babel/plugin-transform-async-to-generator/-/plugin-transform-async-to-generator-7.22.5.tgz 0ms (cache hit)
645 http cache @babel/plugin-syntax-jsx@https://registry.npmjs.org/@babel/plugin-syntax-jsx/-/plugin-syntax-jsx-7.22.5.tgz 0ms (cache hit)
646 http cache @babel/plugin-syntax-top-level-await@https://registry.npmjs.org/@babel/plugin-syntax-top-level-await/-/plugin-syntax-top-level-await-7.14.5.tgz 0ms (cache hit)
647 http cache @babel/plugin-syntax-import-meta@https://registry.npmjs.org/@babel/plugin-syntax-import-meta/-/plugin-syntax-import-meta-7.10.4.tgz 0ms (cache hit)
648 http cache @babel/plugin-syntax-dynamic-import@https://registry.npmjs.org/@babel/plugin-syntax-dynamic-import/-/plugin-syntax-dynamic-import-7.8.3.tgz 0ms (cache hit)
649 http cache @babel/plugin-syntax-import-assertions@https://registry.npmjs.org/@babel/plugin-syntax-import-assertions/-/plugin-syntax-import-assertions-7.22.5.tgz 0ms (cache hit)
650 http cache @babel/plugin-syntax-import-attributes@https://registry.npmjs.org/@babel/plugin-syntax-import-attributes/-/plugin-syntax-import-attributes-7.22.5.tgz 0ms (cache hit)
651 http cache @babel/plugin-syntax-export-namespace-from@https://registry.npmjs.org/@babel/plugin-syntax-export-namespace-from/-/plugin-syntax-export-namespace-from-7.8.3.tgz 0ms (cache hit)
652 http cache @babel/plugin-syntax-class-static-block@https://registry.npmjs.org/@babel/plugin-syntax-class-static-block/-/plugin-syntax-class-static-block-7.14.5.tgz 0ms (cache hit)
653 http cache @babel/plugin-syntax-json-strings@https://registry.npmjs.org/@babel/plugin-syntax-json-strings/-/plugin-syntax-json-strings-7.8.3.tgz 0ms (cache hit)
654 http cache @babel/plugin-syntax-class-properties@https://registry.npmjs.org/@babel/plugin-syntax-class-properties/-/plugin-syntax-class-properties-7.12.13.tgz 0ms (cache hit)
655 http cache @babel/plugin-syntax-async-generators@https://registry.npmjs.org/@babel/plugin-syntax-async-generators/-/plugin-syntax-async-generators-7.8.4.tgz 0ms (cache hit)
656 http cache @babel/plugin-proposal-unicode-property-regex@https://registry.npmjs.org/@babel/plugin-proposal-unicode-property-regex/-/plugin-proposal-unicode-property-regex-7.18.6.tgz 0ms (cache hit)
657 http cache @babel/plugin-bugfix-v8-spread-parameters-in-optional-chaining@https://registry.npmjs.org/@babel/plugin-bugfix-v8-spread-parameters-in-optional-chaining/-/plugin-bugfix-v8-spread-parameters-in-optional-chaining-7.22.5.tgz 0ms (cache hit)
658 http cache @babel/highlight@https://registry.npmjs.org/@babel/highlight/-/highlight-7.22.5.tgz 0ms (cache hit)
659 http cache @babel/parser@https://registry.npmjs.org/@babel/parser/-/parser-7.22.5.tgz 0ms (cache hit)
660 http cache @babel/helper-wrap-function@https://registry.npmjs.org/@babel/helper-wrap-function/-/helper-wrap-function-7.22.5.tgz 0ms (cache hit)
661 http cache @babel/helper-validator-identifier@https://registry.npmjs.org/@babel/helper-validator-identifier/-/helper-validator-identifier-7.22.5.tgz 0ms (cache hit)
662 http cache @babel/plugin-bugfix-safari-id-destructuring-collision-in-function-expression@https://registry.npmjs.org/@babel/plugin-bugfix-safari-id-destructuring-collision-in-function-expression/-/plugin-bugfix-safari-id-destructuring-collision-in-function-expression-7.22.5.tgz 0ms (cache hit)
663 http cache @babel/helper-validator-option@https://registry.npmjs.org/@babel/helper-validator-option/-/helper-validator-option-7.22.5.tgz 0ms (cache hit)
664 http cache @babel/plugin-proposal-private-property-in-object@https://registry.npmjs.org/@babel/plugin-proposal-private-property-in-object/-/plugin-proposal-private-property-in-object-7.21.0-placeholder-for-preset-env.2.tgz 0ms (cache hit)
665 http cache @babel/helpers@https://registry.npmjs.org/@babel/helpers/-/helpers-7.22.5.tgz 0ms (cache hit)
666 http cache @babel/helper-split-export-declaration@https://registry.npmjs.org/@babel/helper-split-export-declaration/-/helper-split-export-declaration-7.22.5.tgz 0ms (cache hit)
667 http cache @babel/helper-skip-transparent-expression-wrappers@https://registry.npmjs.org/@babel/helper-skip-transparent-expression-wrappers/-/helper-skip-transparent-expression-wrappers-7.22.5.tgz 0ms (cache hit)
668 http cache @babel/helper-simple-access@https://registry.npmjs.org/@babel/helper-simple-access/-/helper-simple-access-7.22.5.tgz 0ms (cache hit)
669 http cache @babel/helper-string-parser@https://registry.npmjs.org/@babel/helper-string-parser/-/helper-string-parser-7.22.5.tgz 0ms (cache hit)
670 http cache @babel/helper-replace-supers@https://registry.npmjs.org/@babel/helper-replace-supers/-/helper-replace-supers-7.22.5.tgz 0ms (cache hit)
671 http cache @babel/helper-remap-async-to-generator@https://registry.npmjs.org/@babel/helper-remap-async-to-generator/-/helper-remap-async-to-generator-7.22.5.tgz 0ms (cache hit)
672 http cache @babel/helper-optimise-call-expression@https://registry.npmjs.org/@babel/helper-optimise-call-expression/-/helper-optimise-call-expression-7.22.5.tgz 0ms (cache hit)
673 http cache @babel/helper-module-transforms@https://registry.npmjs.org/@babel/helper-module-transforms/-/helper-module-transforms-7.22.5.tgz 0ms (cache hit)
674 http cache @babel/helper-member-expression-to-functions@https://registry.npmjs.org/@babel/helper-member-expression-to-functions/-/helper-member-expression-to-functions-7.22.5.tgz 0ms (cache hit)
675 http cache @babel/helper-plugin-utils@https://registry.npmjs.org/@babel/helper-plugin-utils/-/helper-plugin-utils-7.22.5.tgz 0ms (cache hit)
676 http cache @babel/helper-module-imports@https://registry.npmjs.org/@babel/helper-module-imports/-/helper-module-imports-7.22.5.tgz 0ms (cache hit)
677 http cache @babel/helper-hoist-variables@https://registry.npmjs.org/@babel/helper-hoist-variables/-/helper-hoist-variables-7.22.5.tgz 0ms (cache hit)
678 http cache @babel/helper-function-name@https://registry.npmjs.org/@babel/helper-function-name/-/helper-function-name-7.22.5.tgz 0ms (cache hit)
679 http cache @babel/helper-define-polyfill-provider@https://registry.npmjs.org/@babel/helper-define-polyfill-provider/-/helper-define-polyfill-provider-0.4.0.tgz 0ms (cache hit)
680 http cache @babel/helper-create-regexp-features-plugin@https://registry.npmjs.org/@babel/helper-create-regexp-features-plugin/-/helper-create-regexp-features-plugin-7.22.5.tgz 0ms (cache hit)
681 http cache @babel/helper-create-class-features-plugin@https://registry.npmjs.org/@babel/helper-create-class-features-plugin/-/helper-create-class-features-plugin-7.22.5.tgz 0ms (cache hit)
682 http cache @babel/helper-compilation-targets@https://registry.npmjs.org/@babel/helper-compilation-targets/-/helper-compilation-targets-7.22.5.tgz 0ms (cache hit)
683 http cache @babel/generator@https://registry.npmjs.org/@babel/generator/-/generator-7.22.5.tgz 0ms (cache hit)
684 http cache @babel/core@https://registry.npmjs.org/@babel/core/-/core-7.22.5.tgz 0ms (cache hit)
685 http cache @babel/helper-builder-binary-assignment-operator-visitor@https://registry.npmjs.org/@babel/helper-builder-binary-assignment-operator-visitor/-/helper-builder-binary-assignment-operator-visitor-7.22.5.tgz 0ms (cache hit)
686 http cache @babel/helper-environment-visitor@https://registry.npmjs.org/@babel/helper-environment-visitor/-/helper-environment-visitor-7.22.5.tgz 0ms (cache hit)
687 http cache @babel/code-frame@https://registry.npmjs.org/@babel/code-frame/-/code-frame-7.22.5.tgz 0ms (cache hit)
688 http cache @babel/compat-data@https://registry.npmjs.org/@babel/compat-data/-/compat-data-7.22.5.tgz 0ms (cache hit)
689 http cache locate-path@https://registry.npmjs.org/locate-path/-/locate-path-3.0.0.tgz 0ms (cache hit)
690 http cache csstype@https://registry.npmjs.org/csstype/-/csstype-3.2.3.tgz 0ms (cache hit)
691 http cache p-locate@https://registry.npmjs.org/p-locate/-/p-locate-3.0.0.tgz 0ms (cache hit)
692 http cache @babel/helper-annotate-as-pure@https://registry.npmjs.org/@babel/helper-annotate-as-pure/-/helper-annotate-as-pure-7.22.5.tgz 0ms (cache hit)
693 http cache @ampproject/remapping@https://registry.npmjs.org/@ampproject/remapping/-/remapping-2.2.1.tgz 0ms (cache hit)
694 http cache path-exists@https://registry.npmjs.org/path-exists/-/path-exists-3.0.0.tgz 0ms (cache hit)
695 http cache ansi-regex@https://registry.npmjs.org/ansi-regex/-/ansi-regex-4.1.1.tgz 0ms (cache hit)
696 http cache strip-ansi@https://registry.npmjs.org/strip-ansi/-/strip-ansi-5.2.0.tgz 0ms (cache hit)
697 http cache supports-color@https://registry.npmjs.org/supports-color/-/supports-color-6.1.0.tgz 0ms (cache hit)
698 http cache resolve-from@https://registry.npmjs.org/resolve-from/-/resolve-from-3.0.0.tgz 0ms (cache hit)
699 http cache pkg-dir@https://registry.npmjs.org/pkg-dir/-/pkg-dir-3.0.0.tgz 0ms (cache hit)
700 http cache uuid@https://registry.npmjs.org/uuid/-/uuid-3.4.0.tgz 0ms (cache hit)
701 http cache resolve-cwd@https://registry.npmjs.org/resolve-cwd/-/resolve-cwd-2.0.0.tgz 0ms (cache hit)
702 http cache find-up@https://registry.npmjs.org/find-up/-/find-up-3.0.0.tgz 0ms (cache hit)
703 http cache path-exists@https://registry.npmjs.org/path-exists/-/path-exists-3.0.0.tgz 0ms (cache hit)
704 http cache import-local@https://registry.npmjs.org/import-local/-/import-local-2.0.0.tgz 0ms (cache hit)
705 http cache p-locate@https://registry.npmjs.org/p-locate/-/p-locate-3.0.0.tgz 0ms (cache hit)
706 http cache find-up@https://registry.npmjs.org/find-up/-/find-up-3.0.0.tgz 0ms (cache hit)
707 http cache tapable@https://registry.npmjs.org/tapable/-/tapable-2.2.1.tgz 0ms (cache hit)
708 http cache locate-path@https://registry.npmjs.org/locate-path/-/locate-path-3.0.0.tgz 0ms (cache hit)
709 http cache schema-utils@https://registry.npmjs.org/schema-utils/-/schema-utils-1.0.0.tgz 0ms (cache hit)
710 http cache commander@https://registry.npmjs.org/commander/-/commander-7.2.0.tgz 0ms (cache hit)
711 http cache schema-utils@https://registry.npmjs.org/schema-utils/-/schema-utils-3.3.0.tgz 0ms (cache hit)
712 http cache mime@https://registry.npmjs.org/mime/-/mime-2.6.0.tgz 0ms (cache hit)
713 http cache isarray@https://registry.npmjs.org/isarray/-/isarray-1.0.0.tgz 0ms (cache hit)
714 http cache punycode@https://registry.npmjs.org/punycode/-/punycode-1.4.1.tgz 0ms (cache hit)
715 http cache has-values@https://registry.npmjs.org/has-values/-/has-values-0.1.4.tgz 0ms (cache hit)
716 http cache isobject@https://registry.npmjs.org/isobject/-/isobject-2.1.0.tgz 0ms (cache hit)
717 http cache extend-shallow@https://registry.npmjs.org/extend-shallow/-/extend-shallow-3.0.2.tgz 0ms (cache hit)
718 http cache is-extendable@https://registry.npmjs.org/is-extendable/-/is-extendable-1.0.1.tgz 0ms (cache hit)
719 http cache terser@https://registry.npmjs.org/terser/-/terser-5.18.2.tgz 0ms (cache hit)
720 http cache schema-utils@https://registry.npmjs.org/schema-utils/-/schema-utils-3.3.0.tgz 0ms (cache hit)
721 http cache commander@https://registry.npmjs.org/commander/-/commander-2.20.3.tgz 0ms (cache hit)
722 http cache commander@https://registry.npmjs.org/commander/-/commander-2.20.3.tgz 0ms (cache hit)
723 http cache has-value@https://registry.npmjs.org/has-value/-/has-value-0.3.1.tgz 0ms (cache hit)
724 http cache schema-utils@https://registry.npmjs.org/schema-utils/-/schema-utils-3.3.0.tgz 0ms (cache hit)
725 http cache strip-ansi@https://registry.npmjs.org/strip-ansi/-/strip-ansi-5.2.0.tgz 0ms (cache hit)
726 http cache safe-buffer@https://registry.npmjs.org/safe-buffer/-/safe-buffer-5.1.2.tgz 0ms (cache hit)
727 http cache is-descriptor@https://registry.npmjs.org/is-descriptor/-/is-descriptor-0.1.6.tgz 0ms (cache hit)
728 http cache kind-of@https://registry.npmjs.org/kind-of/-/kind-of-5.1.0.tgz 0ms (cache hit)
729 http cache is-data-descriptor@https://registry.npmjs.org/is-data-descriptor/-/is-data-descriptor-0.1.4.tgz 0ms (cache hit)
730 http cache is-accessor-descriptor@https://registry.npmjs.org/is-accessor-descriptor/-/is-accessor-descriptor-0.1.6.tgz 0ms (cache hit)
731 http cache is-extendable@https://registry.npmjs.org/is-extendable/-/is-extendable-1.0.1.tgz 0ms (cache hit)
732 http cache ansi-regex@https://registry.npmjs.org/ansi-regex/-/ansi-regex-4.1.1.tgz 0ms (cache hit)
733 http cache extend-shallow@https://registry.npmjs.org/extend-shallow/-/extend-shallow-3.0.2.tgz 0ms (cache hit)
734 http cache define-property@https://registry.npmjs.org/define-property/-/define-property-0.2.5.tgz 0ms (cache hit)
735 http cache readable-stream@https://registry.npmjs.org/readable-stream/-/readable-stream-3.6.2.tgz 0ms (cache hit)
736 http cache debug@https://registry.npmjs.org/debug/-/debug-3.2.7.tgz 0ms (cache hit)
737 http cache define-property@https://registry.npmjs.org/define-property/-/define-property-1.0.0.tgz 0ms (cache hit)
738 http cache ms@https://registry.npmjs.org/ms/-/ms-2.0.0.tgz 0ms (cache hit)
739 http cache source-map@https://registry.npmjs.org/source-map/-/source-map-0.5.7.tgz 0ms (cache hit)
740 http cache is-descriptor@https://registry.npmjs.org/is-descriptor/-/is-descriptor-0.1.6.tgz 0ms (cache hit)
741 http cache is-data-descriptor@https://registry.npmjs.org/is-data-descriptor/-/is-data-descriptor-0.1.4.tgz 0ms (cache hit)
742 http cache is-accessor-descriptor@https://registry.npmjs.org/is-accessor-descriptor/-/is-accessor-descriptor-0.1.6.tgz 0ms (cache hit)
743 http cache define-property@https://registry.npmjs.org/define-property/-/define-property-0.2.5.tgz 0ms (cache hit)
744 http cache debug@https://registry.npmjs.org/debug/-/debug-2.6.9.tgz 0ms (cache hit)
745 http cache kind-of@https://registry.npmjs.org/kind-of/-/kind-of-6.0.3.tgz 0ms (cache hit)
746 http cache statuses@https://registry.npmjs.org/statuses/-/statuses-1.5.0.tgz 0ms (cache hit)
747 http cache ms@https://registry.npmjs.org/ms/-/ms-2.0.0.tgz 0ms (cache hit)
748 http cache setprototypeof@https://registry.npmjs.org/setprototypeof/-/setprototypeof-1.1.0.tgz 0ms (cache hit)
749 http cache inherits@https://registry.npmjs.org/inherits/-/inherits-2.0.3.tgz 0ms (cache hit)
750 http cache debug@https://registry.npmjs.org/debug/-/debug-2.6.9.tgz 0ms (cache hit)
751 http cache http-errors@https://registry.npmjs.org/http-errors/-/http-errors-1.6.3.tgz 0ms (cache hit)
752 http cache depd@https://registry.npmjs.org/depd/-/depd-1.1.2.tgz 0ms (cache hit)
753 http cache ms@https://registry.npmjs.org/ms/-/ms-2.1.3.tgz 0ms (cache hit)
754 http cache debug@https://registry.npmjs.org/debug/-/debug-2.6.9.tgz 0ms (cache hit)
755 http cache ms@https://registry.npmjs.org/ms/-/ms-2.0.0.tgz 0ms (cache hit)
756 http cache kind-of@https://registry.npmjs.org/kind-of/-/kind-of-5.1.0.tgz 0ms (cache hit)
757 http cache isarray@https://registry.npmjs.org/isarray/-/isarray-2.0.5.tgz 0ms (cache hit)
758 http cache jsesc@https://registry.npmjs.org/jsesc/-/jsesc-0.5.0.tgz 0ms (cache hit)
759 http cache safe-buffer@https://registry.npmjs.org/safe-buffer/-/safe-buffer-5.1.2.tgz 0ms (cache hit)
760 http cache react-is@https://registry.npmjs.org/react-is/-/react-is-16.13.1.tgz 0ms (cache hit)
761 http cache bytes@https://registry.npmjs.org/bytes/-/bytes-3.1.2.tgz 0ms (cache hit)
762 http cache isarray@https://registry.npmjs.org/isarray/-/isarray-1.0.0.tgz 0ms (cache hit)
763 http cache react-is@https://registry.npmjs.org/react-is/-/react-is-16.13.1.tgz 0ms (cache hit)
764 http cache debug@https://registry.npmjs.org/debug/-/debug-3.2.7.tgz 0ms (cache hit)
765 http cache extend-shallow@https://registry.npmjs.org/extend-shallow/-/extend-shallow-3.0.2.tgz 0ms (cache hit)
766 http cache is-descriptor@https://registry.npmjs.org/is-descriptor/-/is-descriptor-0.1.6.tgz 0ms (cache hit)
767 http cache kind-of@https://registry.npmjs.org/kind-of/-/kind-of-5.1.0.tgz 0ms (cache hit)
768 http cache is-data-descriptor@https://registry.npmjs.org/is-data-descriptor/-/is-data-descriptor-0.1.4.tgz 0ms (cache hit)
769 http cache is-accessor-descriptor@https://registry.npmjs.org/is-accessor-descriptor/-/is-accessor-descriptor-0.1.6.tgz 0ms (cache hit)
770 http cache define-property@https://registry.npmjs.org/define-property/-/define-property-0.2.5.tgz 0ms (cache hit)
771 http cache kind-of@https://registry.npmjs.org/kind-of/-/kind-of-6.0.3.tgz 0ms (cache hit)
772 http cache path-key@https://registry.npmjs.org/path-key/-/path-key-2.0.1.tgz 0ms (cache hit)
773 http cache is-extendable@https://registry.npmjs.org/is-extendable/-/is-extendable-1.0.1.tgz 0ms (cache hit)
774 http cache extend-shallow@https://registry.npmjs.org/extend-shallow/-/extend-shallow-3.0.2.tgz 0ms (cache hit)
775 http cache kind-of@https://registry.npmjs.org/kind-of/-/kind-of-6.0.3.tgz 0ms (cache hit)
776 http cache is-extendable@https://registry.npmjs.org/is-extendable/-/is-extendable-1.0.1.tgz 0ms (cache hit)
777 http cache is-extendable@https://registry.npmjs.org/is-extendable/-/is-extendable-1.0.1.tgz 0ms (cache hit)
778 http cache extend-shallow@https://registry.npmjs.org/extend-shallow/-/extend-shallow-3.0.2.tgz 0ms (cache hit)
779 http cache csstype@https://registry.npmjs.org/csstype/-/csstype-3.1.2.tgz 0ms (cache hit)
780 http cache supports-color@https://registry.npmjs.org/supports-color/-/supports-color-8.1.1.tgz 0ms (cache hit)
781 http cache kind-of@https://registry.npmjs.org/kind-of/-/kind-of-6.0.3.tgz 0ms (cache hit)
782 http cache has-flag@https://registry.npmjs.org/has-flag/-/has-flag-4.0.0.tgz 0ms (cache hit)
783 http cache kind-of@https://registry.npmjs.org/kind-of/-/kind-of-6.0.3.tgz 0ms (cache hit)
784 http cache kind-of@https://registry.npmjs.org/kind-of/-/kind-of-6.0.3.tgz 0ms (cache hit)
785 http cache loader-utils@https://registry.npmjs.org/loader-utils/-/loader-utils-1.4.2.tgz 0ms (cache hit)
786 http cache json5@https://registry.npmjs.org/json5/-/json5-1.0.2.tgz 0ms (cache hit)
787 http cache kind-of@https://registry.npmjs.org/kind-of/-/kind-of-4.0.0.tgz 0ms (cache hit)
788 http cache react-is@https://registry.npmjs.org/react-is/-/react-is-16.13.1.tgz 0ms (cache hit)
789 http cache is-glob@https://registry.npmjs.org/is-glob/-/is-glob-3.1.0.tgz 0ms (cache hit)
790 http cache pify@https://registry.npmjs.org/pify/-/pify-2.3.0.tgz 0ms (cache hit)
791 http cache ms@https://registry.npmjs.org/ms/-/ms-2.0.0.tgz 0ms (cache hit)
792 http cache define-property@https://registry.npmjs.org/define-property/-/define-property-1.0.0.tgz 0ms (cache hit)
793 http cache debug@https://registry.npmjs.org/debug/-/debug-2.6.9.tgz 0ms (cache hit)
794 http cache path-to-regexp@https://registry.npmjs.org/path-to-regexp/-/path-to-regexp-0.1.7.tgz 0ms (cache hit)
795 http cache debug@https://registry.npmjs.org/debug/-/debug-2.6.9.tgz 0ms (cache hit)
796 http cache array-flatten@https://registry.npmjs.org/array-flatten/-/array-flatten-1.1.1.tgz 0ms (cache hit)
797 http cache ms@https://registry.npmjs.org/ms/-/ms-2.0.0.tgz 0ms (cache hit)
798 http cache kind-of@https://registry.npmjs.org/kind-of/-/kind-of-5.1.0.tgz 0ms (cache hit)
799 http cache is-descriptor@https://registry.npmjs.org/is-descriptor/-/is-descriptor-0.1.6.tgz 0ms (cache hit)
800 http cache is-data-descriptor@https://registry.npmjs.org/is-data-descriptor/-/is-data-descriptor-0.1.4.tgz 0ms (cache hit)
801 http cache ms@https://registry.npmjs.org/ms/-/ms-2.0.0.tgz 0ms (cache hit)
802 http cache debug@https://registry.npmjs.org/debug/-/debug-2.6.9.tgz 0ms (cache hit)
803 http cache define-property@https://registry.npmjs.org/define-property/-/define-property-0.2.5.tgz 0ms (cache hit)
804 http cache which@https://registry.npmjs.org/which/-/which-1.3.1.tgz 0ms (cache hit)
805 http cache is-extendable@https://registry.npmjs.org/is-extendable/-/is-extendable-1.0.1.tgz 0ms (cache hit)
806 http cache shebang-regex@https://registry.npmjs.org/shebang-regex/-/shebang-regex-1.0.0.tgz 0ms (cache hit)
807 http cache semver@https://registry.npmjs.org/semver/-/semver-5.7.1.tgz 0ms (cache hit)
808 http cache is-accessor-descriptor@https://registry.npmjs.org/is-accessor-descriptor/-/is-accessor-descriptor-0.1.6.tgz 0ms (cache hit)
809 http cache path-key@https://registry.npmjs.org/path-key/-/path-key-2.0.1.tgz 0ms (cache hit)
810 http cache cross-spawn@https://registry.npmjs.org/cross-spawn/-/cross-spawn-6.0.5.tgz 0ms (cache hit)
811 http cache estraverse@https://registry.npmjs.org/estraverse/-/estraverse-5.3.0.tgz 0ms (cache hit)
812 http cache tapable@https://registry.npmjs.org/tapable/-/tapable-2.2.1.tgz 0ms (cache hit)
813 http cache csstype@https://registry.npmjs.org/csstype/-/csstype-3.1.2.tgz 0ms (cache hit)
814 http cache yallist@https://registry.npmjs.org/yallist/-/yallist-4.0.0.tgz 0ms (cache hit)
815 http cache semver@https://registry.npmjs.org/semver/-/semver-7.5.3.tgz 0ms (cache hit)
816 http cache schema-utils@https://registry.npmjs.org/schema-utils/-/schema-utils-3.3.0.tgz 0ms (cache hit)
817 http cache lru-cache@https://registry.npmjs.org/lru-cache/-/lru-cache-6.0.0.tgz 0ms (cache hit)
818 http cache safe-buffer@https://registry.npmjs.org/safe-buffer/-/safe-buffer-5.1.2.tgz 0ms (cache hit)
819 http cache ms@https://registry.npmjs.org/ms/-/ms-2.0.0.tgz 0ms (cache hit)
820 http cache kind-of@https://registry.npmjs.org/kind-of/-/kind-of-6.0.3.tgz 0ms (cache hit)
821 http cache strip-ansi@https://registry.npmjs.org/strip-ansi/-/strip-ansi-5.2.0.tgz 0ms (cache hit)
822 http cache ansi-regex@https://registry.npmjs.org/ansi-regex/-/ansi-regex-4.1.1.tgz 0ms (cache hit)
823 http cache is-descriptor@https://registry.npmjs.org/is-descriptor/-/is-descriptor-0.1.6.tgz 0ms (cache hit)
824 http cache kind-of@https://registry.npmjs.org/kind-of/-/kind-of-5.1.0.tgz 0ms (cache hit)
825 http cache is-data-descriptor@https://registry.npmjs.org/is-data-descriptor/-/is-data-descriptor-0.1.4.tgz 0ms (cache hit)
826 http cache is-accessor-descriptor@https://registry.npmjs.org/is-accessor-descriptor/-/is-accessor-descriptor-0.1.6.tgz 0ms (cache hit)
827 http cache debug@https://registry.npmjs.org/debug/-/debug-2.6.9.tgz 0ms (cache hit)
828 http cache define-property@https://registry.npmjs.org/define-property/-/define-property-0.2.5.tgz 0ms (cache hit)
829 http cache normalize-path@https://registry.npmjs.org/normalize-path/-/normalize-path-2.1.1.tgz 0ms (cache hit)
830 http cache anymatch@https://registry.npmjs.org/anymatch/-/anymatch-2.0.0.tgz 0ms (cache hit)
831 http cache ms@https://registry.npmjs.org/ms/-/ms-2.0.0.tgz 0ms (cache hit)
832 http cache shebang-command@https://registry.npmjs.org/shebang-command/-/shebang-command-1.2.0.tgz 0ms (cache hit)
833 http cache debug@https://registry.npmjs.org/debug/-/debug-2.6.9.tgz 0ms (cache hit)
834 http cache define-property@https://registry.npmjs.org/define-property/-/define-property-1.0.0.tgz 0ms (cache hit)
835 http cache bytes@https://registry.npmjs.org/bytes/-/bytes-3.1.2.tgz 0ms (cache hit)
836 silly tarball no local data for @types/react@https://registry.npmjs.org/@types/react/-/react-17.0.93.tgz. Extracting by manifest.
837 silly tarball no local data for yargs-parser@https://registry.npmjs.org/yargs-parser/-/yargs-parser-13.1.2.tgz. Extracting by manifest.
838 silly tarball no local data for y18n@https://registry.npmjs.org/y18n/-/y18n-4.0.3.tgz. Extracting by manifest.
839 silly tarball no local data for yargs@https://registry.npmjs.org/yargs/-/yargs-13.3.2.tgz. Extracting by manifest.
840 silly tarball no local data for wrap-ansi@https://registry.npmjs.org/wrap-ansi/-/wrap-ansi-5.1.0.tgz. Extracting by manifest.
841 silly tarball no local data for ws@https://registry.npmjs.org/ws/-/ws-6.2.2.tgz. Extracting by manifest.
842 silly tarball no local data for wrappy@https://registry.npmjs.org/wrappy/-/wrappy-1.0.2.tgz. Extracting by manifest.
843 silly tarball no local data for which-module@https://registry.npmjs.org/which-module/-/which-module-2.0.1.tgz. Extracting by manifest.
844 silly tarball no local data for yallist@https://registry.npmjs.org/yallist/-/yallist-3.1.1.tgz. Extracting by manifest.
845 silly tarball no local data for which-boxed-primitive@https://registry.npmjs.org/which-boxed-primitive/-/which-boxed-primitive-1.0.2.tgz. Extracting by manifest.
846 silly tarball no local data for wildcard@https://registry.npmjs.org/wildcard/-/wildcard-2.0.1.tgz. Extracting by manifest.
847 silly tarball no local data for which-typed-array@https://registry.npmjs.org/which-typed-array/-/which-typed-array-1.1.9.tgz. Extracting by manifest.
848 silly tarball no local data for which@https://registry.npmjs.org/which/-/which-2.0.2.tgz. Extracting by manifest.
849 silly tarball no local data for websocket-extensions@https://registry.npmjs.org/websocket-extensions/-/websocket-extensions-0.1.4.tgz. Extracting by manifest.
850 silly tarball no local data for websocket-driver@https://registry.npmjs.org/websocket-driver/-/websocket-driver-0.7.4.tgz. Extracting by manifest.
851 silly tarball no local data for webpack-merge@https://registry.npmjs.org/webpack-merge/-/webpack-merge-5.9.0.tgz. Extracting by manifest.
852 silly tarball no local data for webpack-log@https://registry.npmjs.org/webpack-log/-/webpack-log-2.0.0.tgz. Extracting by manifest.
853 silly tarball no local data for webpack-dev-middleware@https://registry.npmjs.org/webpack-dev-middleware/-/webpack-dev-middleware-3.7.3.tgz. Extracting by manifest.
854 silly tarball no local data for webpack-cli@https://registry.npmjs.org/webpack-cli/-/webpack-cli-4.10.0.tgz. Extracting by manifest.
855 silly tarball no local data for webpack@https://registry.npmjs.org/webpack/-/webpack-5.88.0.tgz. Extracting by manifest.
856 silly tarball no local data for webpack-dev-server@https://registry.npmjs.org/webpack-dev-server/-/webpack-dev-server-3.11.3.tgz. Extracting by manifest.
857 silly tarball no local data for wbuf@https://registry.npmjs.org/wbuf/-/wbuf-1.7.3.tgz. Extracting by manifest.
858 silly tarball no local data for webpack-sources@https://registry.npmjs.org/webpack-sources/-/webpack-sources-3.2.3.tgz. Extracting by manifest.
859 silly tarball no local data for watchpack@https://registry.npmjs.org/watchpack/-/watchpack-2.4.0.tgz. Extracting by manifest.
860 silly tarball no local data for vary@https://registry.npmjs.org/vary/-/vary-1.1.2.tgz. Extracting by manifest.
861 silly tarball no local data for value-equal@https://registry.npmjs.org/value-equal/-/value-equal-1.0.1.tgz. Extracting by manifest.
862 silly tarball no local data for uuid@https://registry.npmjs.org/uuid/-/uuid-8.3.2.tgz. Extracting by manifest.
863 silly tarball no local data for utila@https://registry.npmjs.org/utila/-/utila-0.4.0.tgz. Extracting by manifest.
864 silly tarball no local data for utils-merge@https://registry.npmjs.org/utils-merge/-/utils-merge-1.0.1.tgz. Extracting by manifest.
865 silly tarball no local data for util.promisify@https://registry.npmjs.org/util.promisify/-/util.promisify-1.0.0.tgz. Extracting by manifest.
866 silly tarball no local data for util-deprecate@https://registry.npmjs.org/util-deprecate/-/util-deprecate-1.0.2.tgz. Extracting by manifest.
867 silly tarball no local data for url-parse@https://registry.npmjs.org/url-parse/-/url-parse-1.5.10.tgz. Extracting by manifest.
868 silly tarball no local data for url@https://registry.npmjs.org/url/-/url-0.11.1.tgz. Extracting by manifest.
869 silly tarball no local data for urix@https://registry.npmjs.org/urix/-/urix-0.1.0.tgz. Extracting by manifest.
870 silly tarball no local data for uri-js@https://registry.npmjs.org/uri-js/-/uri-js-4.4.1.tgz. Extracting by manifest.
871 silly tarball no local data for use@https://registry.npmjs.org/use/-/use-3.1.1.tgz. Extracting by manifest.
872 silly tarball no local data for update-browserslist-db@https://registry.npmjs.org/update-browserslist-db/-/update-browserslist-db-1.0.11.tgz. Extracting by manifest.
873 silly tarball no local data for upath@https://registry.npmjs.org/upath/-/upath-1.2.0.tgz. Extracting by manifest.
874 silly tarball no local data for unpipe@https://registry.npmjs.org/unpipe/-/unpipe-1.0.0.tgz. Extracting by manifest.
875 silly tarball no local data for unset-value@https://registry.npmjs.org/unset-value/-/unset-value-1.0.0.tgz. Extracting by manifest.
876 silly tarball no local data for union-value@https://registry.npmjs.org/union-value/-/union-value-1.0.1.tgz. Extracting by manifest.
877 silly tarball no local data for unicode-property-aliases-ecmascript@https://registry.npmjs.org/unicode-property-aliases-ecmascript/-/unicode-property-aliases-ecmascript-2.1.0.tgz. Extracting by manifest.
878 silly tarball no local data for unicode-match-property-value-ecmascript@https://registry.npmjs.org/unicode-match-property-value-ecmascript/-/unicode-match-property-value-ecmascript-2.1.0.tgz. Extracting by manifest.
879 silly tarball no local data for unicode-match-property-ecmascript@https://registry.npmjs.org/unicode-match-property-ecmascript/-/unicode-match-property-ecmascript-2.0.0.tgz. Extracting by manifest.
880 http cache source-map@https://registry.npmjs.org/source-map/-/source-map-0.7.4.tgz 0ms (cache hit)
881 silly tarball no local data for unbox-primitive@https://registry.npmjs.org/unbox-primitive/-/unbox-primitive-1.0.2.tgz. Extracting by manifest.
882 silly tarball no local data for unicode-canonical-property-names-ecmascript@https://registry.npmjs.org/unicode-canonical-property-names-ecmascript/-/unicode-canonical-property-names-ecmascript-2.0.0.tgz. Extracting by manifest.
883 silly tarball no local data for typed-array-length@https://registry.npmjs.org/typed-array-length/-/typed-array-length-1.0.4.tgz. Extracting by manifest.
884 http cache @jridgewell/sourcemap-codec@https://registry.npmjs.org/@jridgewell/sourcemap-codec/-/sourcemap-codec-1.4.14.tgz 0ms (cache hit)
885 silly tarball no local data for type-is@https://registry.npmjs.org/type-is/-/type-is-1.6.18.tgz. Extracting by manifest.
886 silly tarball no local data for toidentifier@https://registry.npmjs.org/toidentifier/-/toidentifier-1.0.1.tgz. Extracting by manifest.
887 silly tarball no local data for tslib@https://registry.npmjs.org/tslib/-/tslib-2.6.0.tgz. Extracting by manifest.
888 silly tarball no local data for to-regex-range@https://registry.npmjs.org/to-regex-range/-/to-regex-range-2.1.1.tgz. Extracting by manifest.
889 silly tarball no local data for to-regex@https://registry.npmjs.org/to-regex/-/to-regex-3.0.2.tgz. Extracting by manifest.
890 silly tarball no local data for to-object-path@https://registry.npmjs.org/to-object-path/-/to-object-path-0.3.0.tgz. Extracting by manifest.
891 silly tarball no local data for to-fast-properties@https://registry.npmjs.org/to-fast-properties/-/to-fast-properties-2.0.0.tgz. Extracting by manifest.
892 silly tarball no local data for tiny-warning@https://registry.npmjs.org/tiny-warning/-/tiny-warning-1.0.3.tgz. Extracting by manifest.
893 silly tarball no local data for tiny-invariant@https://registry.npmjs.org/tiny-invariant/-/tiny-invariant-1.3.1.tgz. Extracting by manifest.
894 silly tarball no local data for thunky@https://registry.npmjs.org/thunky/-/thunky-1.1.0.tgz. Extracting by manifest.
895 silly tarball no local data for terser-webpack-plugin@https://registry.npmjs.org/terser-webpack-plugin/-/terser-webpack-plugin-5.3.9.tgz. Extracting by manifest.
896 silly tarball no local data for tapable@https://registry.npmjs.org/tapable/-/tapable-1.1.3.tgz. Extracting by manifest.
897 silly tarball no local data for terser@https://registry.npmjs.org/terser/-/terser-4.8.1.tgz. Extracting by manifest.
898 silly tarball no local data for supports-color@https://registry.npmjs.org/supports-color/-/supports-color-5.5.0.tgz. Extracting by manifest.
899 silly tarball no local data for supports-preserve-symlinks-flag@https://registry.npmjs.org/supports-preserve-symlinks-flag/-/supports-preserve-symlinks-flag-1.0.0.tgz. Extracting by manifest.
900 silly tarball no local data for style-loader@https://registry.npmjs.org/style-loader/-/style-loader-2.0.0.tgz. Extracting by manifest.
901 silly tarball no local data for strip-eof@https://registry.npmjs.org/strip-eof/-/strip-eof-1.0.0.tgz. Extracting by manifest.
902 silly tarball no local data for string.prototype.trimstart@https://registry.npmjs.org/string.prototype.trimstart/-/string.prototype.trimstart-1.0.6.tgz. Extracting by manifest.
903 silly tarball no local data for string.prototype.trimend@https://registry.npmjs.org/string.prototype.trimend/-/string.prototype.trimend-1.0.6.tgz. Extracting by manifest.
904 silly tarball no local data for string.prototype.trim@https://registry.npmjs.org/string.prototype.trim/-/string.prototype.trim-1.2.7.tgz. Extracting by manifest.
905 silly tarball no local data for strip-ansi@https://registry.npmjs.org/strip-ansi/-/strip-ansi-3.0.1.tgz. Extracting by manifest.
906 silly tarball no local data for string_decoder@https://registry.npmjs.org/string_decoder/-/string_decoder-1.1.1.tgz. Extracting by manifest.
907 silly tarball no local data for split-string@https://registry.npmjs.org/split-string/-/split-string-3.1.0.tgz. Extracting by manifest.
908 silly tarball no local data for static-extend@https://registry.npmjs.org/static-extend/-/static-extend-0.1.2.tgz. Extracting by manifest.
909 silly tarball no local data for string-width@https://registry.npmjs.org/string-width/-/string-width-3.1.0.tgz. Extracting by manifest.
910 silly tarball no local data for statuses@https://registry.npmjs.org/statuses/-/statuses-2.0.1.tgz. Extracting by manifest.
911 silly tarball no local data for spdy-transport@https://registry.npmjs.org/spdy-transport/-/spdy-transport-3.0.0.tgz. Extracting by manifest.
912 silly tarball no local data for spdy@https://registry.npmjs.org/spdy/-/spdy-4.0.2.tgz. Extracting by manifest.
913 silly tarball no local data for source-map-url@https://registry.npmjs.org/source-map-url/-/source-map-url-0.4.1.tgz. Extracting by manifest.
914 silly tarball no local data for source-map-resolve@https://registry.npmjs.org/source-map-resolve/-/source-map-resolve-0.5.3.tgz. Extracting by manifest.
915 silly tarball no local data for source-map-js@https://registry.npmjs.org/source-map-js/-/source-map-js-1.0.2.tgz. Extracting by manifest.
916 silly tarball no local data for source-map@https://registry.npmjs.org/source-map/-/source-map-0.6.1.tgz. Extracting by manifest.
917 silly tarball no local data for sockjs-client@https://registry.npmjs.org/sockjs-client/-/sockjs-client-1.6.1.tgz. Extracting by manifest.
918 silly tarball no local data for source-map-support@https://registry.npmjs.org/source-map-support/-/source-map-support-0.5.21.tgz. Extracting by manifest.
919 silly tarball no local data for sockjs@https://registry.npmjs.org/sockjs/-/sockjs-0.3.24.tgz. Extracting by manifest.
920 silly tarball no local data for snapdragon@https://registry.npmjs.org/snapdragon/-/snapdragon-0.8.2.tgz. Extracting by manifest.
921 silly tarball no local data for snapdragon-node@https://registry.npmjs.org/snapdragon-node/-/snapdragon-node-2.1.1.tgz. Extracting by manifest.
922 silly tarball no local data for signal-exit@https://registry.npmjs.org/signal-exit/-/signal-exit-3.0.7.tgz. Extracting by manifest.
923 silly tarball no local data for side-channel@https://registry.npmjs.org/side-channel/-/side-channel-1.0.4.tgz. Extracting by manifest.
924 silly tarball no local data for shebang-regex@https://registry.npmjs.org/shebang-regex/-/shebang-regex-3.0.0.tgz. Extracting by manifest.
925 silly tarball no local data for snapdragon-util@https://registry.npmjs.org/snapdragon-util/-/snapdragon-util-3.0.1.tgz. Extracting by manifest.
926 silly tarball no local data for shebang-command@https://registry.npmjs.org/shebang-command/-/shebang-command-2.0.0.tgz. Extracting by manifest.
927 silly tarball no local data for shallow-clone@https://registry.npmjs.org/shallow-clone/-/shallow-clone-3.0.1.tgz. Extracting by manifest.
928 silly tarball no local data for setprototypeof@https://registry.npmjs.org/setprototypeof/-/setprototypeof-1.2.0.tgz. Extracting by manifest.
929 silly tarball no local data for set-blocking@https://registry.npmjs.org/set-blocking/-/set-blocking-2.0.0.tgz. Extracting by manifest.
930 silly tarball no local data for set-value@https://registry.npmjs.org/set-value/-/set-value-2.0.1.tgz. Extracting by manifest.
931 silly tarball no local data for serve-index@https://registry.npmjs.org/serve-index/-/serve-index-1.9.1.tgz. Extracting by manifest.
932 silly tarball no local data for send@https://registry.npmjs.org/send/-/send-0.18.0.tgz. Extracting by manifest.
933 silly tarball no local data for serve-static@https://registry.npmjs.org/serve-static/-/serve-static-1.15.0.tgz. Extracting by manifest.
934 silly tarball no local data for semver@https://registry.npmjs.org/semver/-/semver-6.3.0.tgz. Extracting by manifest.
935 silly tarball no local data for serialize-javascript@https://registry.npmjs.org/serialize-javascript/-/serialize-javascript-6.0.1.tgz. Extracting by manifest.
936 silly tarball no local data for selfsigned@https://registry.npmjs.org/selfsigned/-/selfsigned-1.10.14.tgz. Extracting by manifest.
937 silly tarball no local data for select-hose@https://registry.npmjs.org/select-hose/-/select-hose-2.0.0.tgz. Extracting by manifest.
938 silly tarball no local data for schema-utils@https://registry.npmjs.org/schema-utils/-/schema-utils-2.7.1.tgz. Extracting by manifest.
939 silly tarball no local data for scheduler@https://registry.npmjs.org/scheduler/-/scheduler-0.20.2.tgz. Extracting by manifest.
940 silly tarball no local data for safer-buffer@https://registry.npmjs.org/safer-buffer/-/safer-buffer-2.1.2.tgz. Extracting by manifest.
941 silly tarball no local data for safe-regex-test@https://registry.npmjs.org/safe-regex-test/-/safe-regex-test-1.0.0.tgz. Extracting by manifest.
942 silly tarball no local data for safe-regex@https://registry.npmjs.org/safe-regex/-/safe-regex-1.1.0.tgz. Extracting by manifest.
943 silly tarball no local data for safe-buffer@https://registry.npmjs.org/safe-buffer/-/safe-buffer-5.2.1.tgz. Extracting by manifest.
944 silly tarball no local data for rimraf@https://registry.npmjs.org/rimraf/-/rimraf-2.7.1.tgz. Extracting by manifest.
945 silly tarball no local data for safe-array-concat@https://registry.npmjs.org/safe-array-concat/-/safe-array-concat-1.0.0.tgz. Extracting by manifest.
946 silly tarball no local data for retry@https://registry.npmjs.org/retry/-/retry-0.12.0.tgz. Extracting by manifest.
947 silly tarball no local data for resolve-url@https://registry.npmjs.org/resolve-url/-/resolve-url-0.2.1.tgz. Extracting by manifest.
948 silly tarball no local data for ret@https://registry.npmjs.org/ret/-/ret-0.1.15.tgz. Extracting by manifest.
949 silly tarball no local data for resolve-from@https://registry.npmjs.org/resolve-from/-/resolve-from-5.0.0.tgz. Extracting by manifest.
950 silly tarball no local data for resolve-cwd@https://registry.npmjs.org/resolve-cwd/-/resolve-cwd-3.0.0.tgz. Extracting by manifest.
951 silly tarball no local data for resolve@https://registry.npmjs.org/resolve/-/resolve-1.22.2.tgz. Extracting by manifest.
952 silly tarball no local data for resolve-pathname@https://registry.npmjs.org/resolve-pathname/-/resolve-pathname-3.0.0.tgz. Extracting by manifest.
953 silly tarball no local data for requires-port@https://registry.npmjs.org/requires-port/-/requires-port-1.0.0.tgz. Extracting by manifest.
954 silly tarball no local data for require-main-filename@https://registry.npmjs.org/require-main-filename/-/require-main-filename-2.0.0.tgz. Extracting by manifest.
955 silly tarball no local data for require-directory@https://registry.npmjs.org/require-directory/-/require-directory-2.1.1.tgz. Extracting by manifest.
956 silly tarball no local data for repeat-string@https://registry.npmjs.org/repeat-string/-/repeat-string-1.6.1.tgz. Extracting by manifest.
957 silly tarball no local data for repeat-element@https://registry.npmjs.org/repeat-element/-/repeat-element-1.1.4.tgz. Extracting by manifest.
958 silly tarball no local data for relateurl@https://registry.npmjs.org/relateurl/-/relateurl-0.2.7.tgz. Extracting by manifest.
959 silly tarball no local data for remove-trailing-separator@https://registry.npmjs.org/remove-trailing-separator/-/remove-trailing-separator-1.1.0.tgz. Extracting by manifest.
960 silly tarball no local data for renderkid@https://registry.npmjs.org/renderkid/-/renderkid-2.0.7.tgz. Extracting by manifest.
961 silly tarball no local data for regexpu-core@https://registry.npmjs.org/regexpu-core/-/regexpu-core-5.3.2.tgz. Extracting by manifest.
962 silly tarball no local data for regjsparser@https://registry.npmjs.org/regjsparser/-/regjsparser-0.9.1.tgz. Extracting by manifest.
963 silly tarball no local data for regex-not@https://registry.npmjs.org/regex-not/-/regex-not-1.0.2.tgz. Extracting by manifest.
964 silly tarball no local data for regenerator-runtime@https://registry.npmjs.org/regenerator-runtime/-/regenerator-runtime-0.13.11.tgz. Extracting by manifest.
965 silly tarball no local data for regenerator-transform@https://registry.npmjs.org/regenerator-transform/-/regenerator-transform-0.15.1.tgz. Extracting by manifest.
966 silly tarball no local data for regexp.prototype.flags@https://registry.npmjs.org/regexp.prototype.flags/-/regexp.prototype.flags-1.5.0.tgz. Extracting by manifest.
967 silly tarball no local data for regenerate-unicode-properties@https://registry.npmjs.org/regenerate-unicode-properties/-/regenerate-unicode-properties-10.1.0.tgz. Extracting by manifest.
968 silly tarball no local data for regenerate@https://registry.npmjs.org/regenerate/-/regenerate-1.4.2.tgz. Extracting by manifest.
969 silly tarball no local data for readable-stream@https://registry.npmjs.org/readable-stream/-/readable-stream-2.3.8.tgz. Extracting by manifest.
970 silly tarball no local data for readdirp@https://registry.npmjs.org/readdirp/-/readdirp-2.2.1.tgz. Extracting by manifest.
971 silly tarball no local data for react-transition-group@https://registry.npmjs.org/react-transition-group/-/react-transition-group-4.4.5.tgz. Extracting by manifest.
972 silly tarball no local data for rechoir@https://registry.npmjs.org/rechoir/-/rechoir-0.7.1.tgz. Extracting by manifest.
973 silly tarball no local data for react-router@https://registry.npmjs.org/react-router/-/react-router-5.3.4.tgz. Extracting by manifest.
974 silly tarball no local data for react-is@https://registry.npmjs.org/react-is/-/react-is-17.0.2.tgz. Extracting by manifest.
975 silly tarball no local data for react@https://registry.npmjs.org/react/-/react-17.0.2.tgz. Extracting by manifest.
976 silly tarball no local data for react-dom@https://registry.npmjs.org/react-dom/-/react-dom-17.0.2.tgz. Extracting by manifest.
977 silly tarball no local data for raw-body@https://registry.npmjs.org/raw-body/-/raw-body-2.5.1.tgz. Extracting by manifest.
978 silly tarball no local data for react-router-dom@https://registry.npmjs.org/react-router-dom/-/react-router-dom-5.3.4.tgz. Extracting by manifest.
979 silly tarball no local data for range-parser@https://registry.npmjs.org/range-parser/-/range-parser-1.2.1.tgz. Extracting by manifest.
980 silly tarball no local data for randombytes@https://registry.npmjs.org/randombytes/-/randombytes-2.1.0.tgz. Extracting by manifest.
981 silly tarball no local data for querystringify@https://registry.npmjs.org/querystringify/-/querystringify-2.2.0.tgz. Extracting by manifest.
982 silly tarball no local data for qs@https://registry.npmjs.org/qs/-/qs-6.11.0.tgz. Extracting by manifest.
983 silly tarball no local data for punycode@https://registry.npmjs.org/punycode/-/punycode-2.3.0.tgz. Extracting by manifest.
984 silly tarball no local data for prr@https://registry.npmjs.org/prr/-/prr-1.0.1.tgz. Extracting by manifest.
985 silly tarball no local data for pump@https://registry.npmjs.org/pump/-/pump-3.0.0.tgz. Extracting by manifest.
986 silly tarball no local data for prop-types@https://registry.npmjs.org/prop-types/-/prop-types-15.8.1.tgz. Extracting by manifest.
987 silly tarball no local data for process-nextick-args@https://registry.npmjs.org/process-nextick-args/-/process-nextick-args-2.0.1.tgz. Extracting by manifest.
988 silly tarball no local data for pretty-error@https://registry.npmjs.org/pretty-error/-/pretty-error-2.1.2.tgz. Extracting by manifest.
989 silly tarball no local data for proxy-addr@https://registry.npmjs.org/proxy-addr/-/proxy-addr-2.0.7.tgz. Extracting by manifest.
990 silly tarball no local data for postcss-value-parser@https://registry.npmjs.org/postcss-value-parser/-/postcss-value-parser-4.2.0.tgz. Extracting by manifest.
991 silly tarball no local data for postcss-selector-parser@https://registry.npmjs.org/postcss-selector-parser/-/postcss-selector-parser-6.0.13.tgz. Extracting by manifest.
992 silly tarball no local data for postcss-modules-values@https://registry.npmjs.org/postcss-modules-values/-/postcss-modules-values-4.0.0.tgz. Extracting by manifest.
993 silly tarball no local data for postcss-modules-scope@https://registry.npmjs.org/postcss-modules-scope/-/postcss-modules-scope-3.0.0.tgz. Extracting by manifest.
994 silly tarball no local data for postcss-modules-local-by-default@https://registry.npmjs.org/postcss-modules-local-by-default/-/postcss-modules-local-by-default-4.0.3.tgz. Extracting by manifest.
995 silly tarball no local data for postcss-modules-extract-imports@https://registry.npmjs.org/postcss-modules-extract-imports/-/postcss-modules-extract-imports-3.0.0.tgz. Extracting by manifest.
996 silly tarball no local data for posix-character-classes@https://registry.npmjs.org/posix-character-classes/-/posix-character-classes-0.1.1.tgz. Extracting by manifest.
997 silly tarball no local data for portfinder@https://registry.npmjs.org/portfinder/-/portfinder-1.0.32.tgz. Extracting by manifest.
998 silly tarball no local data for popper.js@https://registry.npmjs.org/popper.js/-/popper.js-1.16.1-lts.tgz. Extracting by manifest.
999 silly tarball no local data for pkg-dir@https://registry.npmjs.org/pkg-dir/-/pkg-dir-4.2.0.tgz. Extracting by manifest.
1000 silly tarball no local data for pinkie-promise@https://registry.npmjs.org/pinkie-promise/-/pinkie-promise-2.0.1.tgz. Extracting by manifest.
1001 silly tarball no local data for pinkie@https://registry.npmjs.org/pinkie/-/pinkie-2.0.4.tgz. Extracting by manifest.
1002 silly tarball no local data for pify@https://registry.npmjs.org/pify/-/pify-4.0.1.tgz. Extracting by manifest.
1003 silly tarball no local data for picomatch@https://registry.npmjs.org/picomatch/-/picomatch-2.3.1.tgz. Extracting by manifest.
1004 silly tarball no local data for path-to-regexp@https://registry.npmjs.org/path-to-regexp/-/path-to-regexp-1.8.0.tgz. Extracting by manifest.
1005 silly tarball no local data for postcss@https://registry.npmjs.org/postcss/-/postcss-8.4.24.tgz. Extracting by manifest.
1006 silly tarball no local data for picocolors@https://registry.npmjs.org/picocolors/-/picocolors-1.0.0.tgz. Extracting by manifest.
1007 silly tarball no local data for path-is-inside@https://registry.npmjs.org/path-is-inside/-/path-is-inside-1.0.2.tgz. Extracting by manifest.
1008 silly tarball no local data for path-key@https://registry.npmjs.org/path-key/-/path-key-3.1.1.tgz. Extracting by manifest.
1009 silly tarball no local data for path-is-absolute@https://registry.npmjs.org/path-is-absolute/-/path-is-absolute-1.0.1.tgz. Extracting by manifest.
1010 silly tarball no local data for path-exists@https://registry.npmjs.org/path-exists/-/path-exists-4.0.0.tgz. Extracting by manifest.
1011 silly tarball no local data for path-dirname@https://registry.npmjs.org/path-dirname/-/path-dirname-1.0.2.tgz. Extracting by manifest.
1012 silly tarball no local data for path-parse@https://registry.npmjs.org/path-parse/-/path-parse-1.0.7.tgz. Extracting by manifest.
1013 silly tarball no local data for parseurl@https://registry.npmjs.org/parseurl/-/parseurl-1.3.3.tgz. Extracting by manifest.
1014 silly tarball no local data for pascal-case@https://registry.npmjs.org/pascal-case/-/pascal-case-3.1.2.tgz. Extracting by manifest.
1015 silly tarball no local data for param-case@https://registry.npmjs.org/param-case/-/param-case-3.0.4.tgz. Extracting by manifest.
1016 silly tarball no local data for p-retry@https://registry.npmjs.org/p-retry/-/p-retry-3.0.1.tgz. Extracting by manifest.
1017 silly tarball no local data for p-try@https://registry.npmjs.org/p-try/-/p-try-2.2.0.tgz. Extracting by manifest.
1018 silly tarball no local data for pascalcase@https://registry.npmjs.org/pascalcase/-/pascalcase-0.1.1.tgz. Extracting by manifest.
1019 silly tarball no local data for p-map@https://registry.npmjs.org/p-map/-/p-map-2.1.0.tgz. Extracting by manifest.
1020 silly tarball no local data for p-locate@https://registry.npmjs.org/p-locate/-/p-locate-4.1.0.tgz. Extracting by manifest.
1021 silly tarball no local data for p-limit@https://registry.npmjs.org/p-limit/-/p-limit-2.3.0.tgz. Extracting by manifest.
1022 silly tarball no local data for opn@https://registry.npmjs.org/opn/-/opn-5.5.0.tgz. Extracting by manifest.
1023 silly tarball no local data for p-finally@https://registry.npmjs.org/p-finally/-/p-finally-1.0.0.tgz. Extracting by manifest.
1024 silly tarball no local data for on-headers@https://registry.npmjs.org/on-headers/-/on-headers-1.0.2.tgz. Extracting by manifest.
1025 silly tarball no local data for on-finished@https://registry.npmjs.org/on-finished/-/on-finished-2.4.1.tgz. Extracting by manifest.
1026 silly tarball no local data for once@https://registry.npmjs.org/once/-/once-1.4.0.tgz. Extracting by manifest.
1027 silly tarball no local data for obuf@https://registry.npmjs.org/obuf/-/obuf-1.1.2.tgz. Extracting by manifest.
1028 silly tarball no local data for object.pick@https://registry.npmjs.org/object.pick/-/object.pick-1.3.0.tgz. Extracting by manifest.
1029 silly tarball no local data for object.getownpropertydescriptors@https://registry.npmjs.org/object.getownpropertydescriptors/-/object.getownpropertydescriptors-2.1.6.tgz. Extracting by manifest.
1030 silly tarball no local data for object-keys@https://registry.npmjs.org/object-keys/-/object-keys-1.1.1.tgz. Extracting by manifest.
1031 silly tarball no local data for object.assign@https://registry.npmjs.org/object.assign/-/object.assign-4.1.4.tgz. Extracting by manifest.
1032 silly tarball no local data for object-is@https://registry.npmjs.org/object-is/-/object-is-1.1.5.tgz. Extracting by manifest.
1033 silly tarball no local data for object-visit@https://registry.npmjs.org/object-visit/-/object-visit-1.0.1.tgz. Extracting by manifest.
1034 silly tarball no local data for object-inspect@https://registry.npmjs.org/object-inspect/-/object-inspect-1.12.3.tgz. Extracting by manifest.
1035 silly tarball no local data for object-copy@https://registry.npmjs.org/object-copy/-/object-copy-0.1.0.tgz. Extracting by manifest.
1036 silly tarball no local data for object-assign@https://registry.npmjs.org/object-assign/-/object-assign-4.1.1.tgz. Extracting by manifest.
1037 silly tarball no local data for nth-check@https://registry.npmjs.org/nth-check/-/nth-check-2.1.1.tgz. Extracting by manifest.
1038 silly tarball no local data for npm-run-path@https://registry.npmjs.org/npm-run-path/-/npm-run-path-2.0.2.tgz. Extracting by manifest.
1039 silly tarball no local data for node-releases@https://registry.npmjs.org/node-releases/-/node-releases-2.0.12.tgz. Extracting by manifest.
1040 silly tarball no local data for normalize-path@https://registry.npmjs.org/normalize-path/-/normalize-path-3.0.0.tgz. Extracting by manifest.
1041 silly tarball no local data for node-forge@https://registry.npmjs.org/node-forge/-/node-forge-0.10.0.tgz. Extracting by manifest.
1042 silly tarball no local data for no-case@https://registry.npmjs.org/no-case/-/no-case-3.0.4.tgz. Extracting by manifest.
1043 silly tarball no local data for neo-async@https://registry.npmjs.org/neo-async/-/neo-async-2.6.2.tgz. Extracting by manifest.
1044 silly tarball no local data for nanomatch@https://registry.npmjs.org/nanomatch/-/nanomatch-1.2.13.tgz. Extracting by manifest.
1045 silly tarball no local data for nan@https://registry.npmjs.org/nan/-/nan-2.17.0.tgz. Extracting by manifest.
1046 silly tarball no local data for nice-try@https://registry.npmjs.org/nice-try/-/nice-try-1.0.5.tgz. Extracting by manifest.
1047 silly tarball no local data for negotiator@https://registry.npmjs.org/negotiator/-/negotiator-0.6.3.tgz. Extracting by manifest.
1048 silly tarball no local data for nanoid@https://registry.npmjs.org/nanoid/-/nanoid-3.3.6.tgz. Extracting by manifest.
1049 silly tarball no local data for multicast-dns-service-types@https://registry.npmjs.org/multicast-dns-service-types/-/multicast-dns-service-types-1.1.0.tgz. Extracting by manifest.
1050 silly tarball no local data for multicast-dns@https://registry.npmjs.org/multicast-dns/-/multicast-dns-6.2.3.tgz. Extracting by manifest.
1051 silly tarball no local data for mkdirp@https://registry.npmjs.org/mkdirp/-/mkdirp-0.5.6.tgz. Extracting by manifest.
1052 silly tarball no local data for minimist@https://registry.npmjs.org/minimist/-/minimist-1.2.8.tgz. Extracting by manifest.
1053 silly tarball no local data for ms@https://registry.npmjs.org/ms/-/ms-2.1.2.tgz. Extracting by manifest.
1054 silly tarball no local data for minimatch@https://registry.npmjs.org/minimatch/-/minimatch-3.1.2.tgz. Extracting by manifest.
1055 silly tarball no local data for mixin-deep@https://registry.npmjs.org/mixin-deep/-/mixin-deep-1.3.2.tgz. Extracting by manifest.
1056 silly tarball no local data for minimalistic-assert@https://registry.npmjs.org/minimalistic-assert/-/minimalistic-assert-1.0.1.tgz. Extracting by manifest.
1057 silly tarball no local data for mime-types@https://registry.npmjs.org/mime-types/-/mime-types-2.1.35.tgz. Extracting by manifest.
1058 silly tarball no local data for mime-db@https://registry.npmjs.org/mime-db/-/mime-db-1.52.0.tgz. Extracting by manifest.
1059 silly tarball no local data for mime@https://registry.npmjs.org/mime/-/mime-1.6.0.tgz. Extracting by manifest.
1060 silly tarball no local data for micromatch@https://registry.npmjs.org/micromatch/-/micromatch-3.1.10.tgz. Extracting by manifest.
1061 silly tarball no local data for merge-stream@https://registry.npmjs.org/merge-stream/-/merge-stream-2.0.0.tgz. Extracting by manifest.
1062 silly tarball no local data for merge-descriptors@https://registry.npmjs.org/merge-descriptors/-/merge-descriptors-1.0.1.tgz. Extracting by manifest.
1063 silly tarball no local data for memory-fs@https://registry.npmjs.org/memory-fs/-/memory-fs-0.4.1.tgz. Extracting by manifest.
1064 silly tarball no local data for methods@https://registry.npmjs.org/methods/-/methods-1.1.2.tgz. Extracting by manifest.
1065 silly tarball no local data for map-visit@https://registry.npmjs.org/map-visit/-/map-visit-1.0.0.tgz. Extracting by manifest.
1066 silly tarball no local data for media-typer@https://registry.npmjs.org/media-typer/-/media-typer-0.3.0.tgz. Extracting by manifest.
1067 silly tarball no local data for map-cache@https://registry.npmjs.org/map-cache/-/map-cache-0.2.2.tgz. Extracting by manifest.
1068 silly tarball no local data for make-dir@https://registry.npmjs.org/make-dir/-/make-dir-3.1.0.tgz. Extracting by manifest.
1069 silly tarball no local data for lower-case@https://registry.npmjs.org/lower-case/-/lower-case-2.0.2.tgz. Extracting by manifest.
1070 silly tarball no local data for loose-envify@https://registry.npmjs.org/loose-envify/-/loose-envify-1.4.0.tgz. Extracting by manifest.
1071 silly tarball no local data for lru-cache@https://registry.npmjs.org/lru-cache/-/lru-cache-5.1.1.tgz. Extracting by manifest.
1072 silly tarball no local data for lodash.debounce@https://registry.npmjs.org/lodash.debounce/-/lodash.debounce-4.0.8.tgz. Extracting by manifest.
1073 silly tarball no local data for locate-path@https://registry.npmjs.org/locate-path/-/locate-path-5.0.0.tgz. Extracting by manifest.
1074 silly tarball no local data for loader-utils@https://registry.npmjs.org/loader-utils/-/loader-utils-2.0.4.tgz. Extracting by manifest.
1075 silly tarball no local data for lodash@https://registry.npmjs.org/lodash/-/lodash-4.17.21.tgz. Extracting by manifest.
1076 silly tarball no local data for kind-of@https://registry.npmjs.org/kind-of/-/kind-of-3.2.2.tgz. Extracting by manifest.
1077 silly tarball no local data for loglevel@https://registry.npmjs.org/loglevel/-/loglevel-1.8.1.tgz. Extracting by manifest.
1078 silly tarball no local data for loader-runner@https://registry.npmjs.org/loader-runner/-/loader-runner-4.3.0.tgz. Extracting by manifest.
1079 silly tarball no local data for killable@https://registry.npmjs.org/killable/-/killable-1.0.1.tgz. Extracting by manifest.
1080 silly tarball no local data for jss-plugin-vendor-prefixer@https://registry.npmjs.org/jss-plugin-vendor-prefixer/-/jss-plugin-vendor-prefixer-10.10.0.tgz. Extracting by manifest.
1081 silly tarball no local data for jss-plugin-props-sort@https://registry.npmjs.org/jss-plugin-props-sort/-/jss-plugin-props-sort-10.10.0.tgz. Extracting by manifest.
1082 silly tarball no local data for jss-plugin-nested@https://registry.npmjs.org/jss-plugin-nested/-/jss-plugin-nested-10.10.0.tgz. Extracting by manifest.
1083 silly tarball no local data for jss-plugin-global@https://registry.npmjs.org/jss-plugin-global/-/jss-plugin-global-10.10.0.tgz. Extracting by manifest.
1084 silly tarball no local data for jss-plugin-rule-value-function@https://registry.npmjs.org/jss-plugin-rule-value-function/-/jss-plugin-rule-value-function-10.10.0.tgz. Extracting by manifest.
1085 silly tarball no local data for jss-plugin-default-unit@https://registry.npmjs.org/jss-plugin-default-unit/-/jss-plugin-default-unit-10.10.0.tgz. Extracting by manifest.
1086 silly tarball no local data for jss-plugin-camel-case@https://registry.npmjs.org/jss-plugin-camel-case/-/jss-plugin-camel-case-10.10.0.tgz. Extracting by manifest.
1087 silly tarball no local data for jss@https://registry.npmjs.org/jss/-/jss-10.10.0.tgz. Extracting by manifest.
1088 silly tarball no local data for json5@https://registry.npmjs.org/json5/-/json5-2.2.3.tgz. Extracting by manifest.
1089 silly tarball no local data for jsesc@https://registry.npmjs.org/jsesc/-/jsesc-2.5.2.tgz. Extracting by manifest.
1090 silly tarball no local data for json-schema-traverse@https://registry.npmjs.org/json-schema-traverse/-/json-schema-traverse-0.4.1.tgz. Extracting by manifest.
1091 silly tarball no local data for js-tokens@https://registry.npmjs.org/js-tokens/-/js-tokens-4.0.0.tgz. Extracting by manifest.
1092 silly tarball no local data for jest-worker@https://registry.npmjs.org/jest-worker/-/jest-worker-27.5.1.tgz. Extracting by manifest.
1093 silly tarball no local data for json-parse-even-better-errors@https://registry.npmjs.org/json-parse-even-better-errors/-/json-parse-even-better-errors-2.3.1.tgz. Extracting by manifest.
1094 silly tarball no local data for isobject@https://registry.npmjs.org/isobject/-/isobject-3.0.1.tgz. Extracting by manifest.
1095 silly tarball no local data for isarray@https://registry.npmjs.org/isarray/-/isarray-0.0.1.tgz. Extracting by manifest.
1096 silly tarball no local data for is-wsl@https://registry.npmjs.org/is-wsl/-/is-wsl-1.1.0.tgz. Extracting by manifest.
1097 silly tarball no local data for isexe@https://registry.npmjs.org/isexe/-/isexe-2.0.0.tgz. Extracting by manifest.
1098 silly tarball no local data for is-windows@https://registry.npmjs.org/is-windows/-/is-windows-1.0.2.tgz. Extracting by manifest.
1099 silly tarball no local data for is-weakref@https://registry.npmjs.org/is-weakref/-/is-weakref-1.0.2.tgz. Extracting by manifest.
1100 silly tarball no local data for is-typed-array@https://registry.npmjs.org/is-typed-array/-/is-typed-array-1.1.10.tgz. Extracting by manifest.
1101 silly tarball no local data for is-symbol@https://registry.npmjs.org/is-symbol/-/is-symbol-1.0.4.tgz. Extracting by manifest.
1102 silly tarball no local data for is-stream@https://registry.npmjs.org/is-stream/-/is-stream-1.1.0.tgz. Extracting by manifest.
1103 silly tarball no local data for is-string@https://registry.npmjs.org/is-string/-/is-string-1.0.7.tgz. Extracting by manifest.
1104 silly tarball no local data for is-shared-array-buffer@https://registry.npmjs.org/is-shared-array-buffer/-/is-shared-array-buffer-1.0.2.tgz. Extracting by manifest.
1105 silly tarball no local data for is-regex@https://registry.npmjs.org/is-regex/-/is-regex-1.1.4.tgz. Extracting by manifest.
1106 silly tarball no local data for is-plain-object@https://registry.npmjs.org/is-plain-object/-/is-plain-object-2.0.4.tgz. Extracting by manifest.
1107 silly tarball no local data for is-path-inside@https://registry.npmjs.org/is-path-inside/-/is-path-inside-2.1.0.tgz. Extracting by manifest.
1108 silly tarball no local data for is-path-cwd@https://registry.npmjs.org/is-path-cwd/-/is-path-cwd-2.2.0.tgz. Extracting by manifest.
1109 silly tarball no local data for is-path-in-cwd@https://registry.npmjs.org/is-path-in-cwd/-/is-path-in-cwd-2.1.0.tgz. Extracting by manifest.
1110 silly tarball no local data for is-number@https://registry.npmjs.org/is-number/-/is-number-3.0.0.tgz. Extracting by manifest.
1111 silly tarball no local data for is-negative-zero@https://registry.npmjs.org/is-negative-zero/-/is-negative-zero-2.0.2.tgz. Extracting by manifest.
1112 silly tarball no local data for is-in-browser@https://registry.npmjs.org/is-in-browser/-/is-in-browser-1.1.3.tgz. Extracting by manifest.
1113 silly tarball no local data for is-glob@https://registry.npmjs.org/is-glob/-/is-glob-4.0.3.tgz. Extracting by manifest.
1114 silly tarball no local data for is-extglob@https://registry.npmjs.org/is-extglob/-/is-extglob-2.1.1.tgz. Extracting by manifest.
1115 silly tarball no local data for is-number-object@https://registry.npmjs.org/is-number-object/-/is-number-object-1.0.7.tgz. Extracting by manifest.
1116 silly tarball no local data for is-descriptor@https://registry.npmjs.org/is-descriptor/-/is-descriptor-1.0.2.tgz. Extracting by manifest.
1117 silly tarball no local data for is-date-object@https://registry.npmjs.org/is-date-object/-/is-date-object-1.0.5.tgz. Extracting by manifest.
1118 silly tarball no local data for is-extendable@https://registry.npmjs.org/is-extendable/-/is-extendable-0.1.1.tgz. Extracting by manifest.
1119 silly tarball no local data for is-data-descriptor@https://registry.npmjs.org/is-data-descriptor/-/is-data-descriptor-1.0.0.tgz. Extracting by manifest.
1120 silly tarball no local data for is-callable@https://registry.npmjs.org/is-callable/-/is-callable-1.2.7.tgz. Extracting by manifest.
1121 silly tarball no local data for is-core-module@https://registry.npmjs.org/is-core-module/-/is-core-module-2.12.1.tgz. Extracting by manifest.
1122 silly tarball no local data for is-buffer@https://registry.npmjs.org/is-buffer/-/is-buffer-1.1.6.tgz. Extracting by manifest.
1123 silly tarball no local data for is-fullwidth-code-point@https://registry.npmjs.org/is-fullwidth-code-point/-/is-fullwidth-code-point-2.0.0.tgz. Extracting by manifest.
1124 silly tarball no local data for is-boolean-object@https://registry.npmjs.org/is-boolean-object/-/is-boolean-object-1.1.2.tgz. Extracting by manifest.
1125 silly tarball no local data for is-binary-path@https://registry.npmjs.org/is-binary-path/-/is-binary-path-1.0.1.tgz. Extracting by manifest.
1126 silly tarball no local data for is-bigint@https://registry.npmjs.org/is-bigint/-/is-bigint-1.0.4.tgz. Extracting by manifest.
1127 silly tarball no local data for is-arguments@https://registry.npmjs.org/is-arguments/-/is-arguments-1.1.1.tgz. Extracting by manifest.
1128 silly tarball no local data for is-absolute-url@https://registry.npmjs.org/is-absolute-url/-/is-absolute-url-3.0.3.tgz. Extracting by manifest.
1129 silly tarball no local data for is-accessor-descriptor@https://registry.npmjs.org/is-accessor-descriptor/-/is-accessor-descriptor-1.0.0.tgz. Extracting by manifest.
1130 silly tarball no local data for ipaddr.js@https://registry.npmjs.org/ipaddr.js/-/ipaddr.js-1.9.1.tgz. Extracting by manifest.
1131 silly tarball no local data for is-array-buffer@https://registry.npmjs.org/is-array-buffer/-/is-array-buffer-3.0.2.tgz. Extracting by manifest.
1132 silly tarball no local data for ip-regex@https://registry.npmjs.org/ip-regex/-/ip-regex-2.1.0.tgz. Extracting by manifest.
1133 silly tarball no local data for ip@https://registry.npmjs.org/ip/-/ip-1.1.8.tgz. Extracting by manifest.
1134 silly tarball no local data for interpret@https://registry.npmjs.org/interpret/-/interpret-2.2.0.tgz. Extracting by manifest.
1135 silly tarball no local data for internal-slot@https://registry.npmjs.org/internal-slot/-/internal-slot-1.0.5.tgz. Extracting by manifest.
1136 silly tarball no local data for internal-ip@https://registry.npmjs.org/internal-ip/-/internal-ip-4.3.0.tgz. Extracting by manifest.
1137 silly tarball no local data for inflight@https://registry.npmjs.org/inflight/-/inflight-1.0.6.tgz. Extracting by manifest.
1138 silly tarball no local data for inherits@https://registry.npmjs.org/inherits/-/inherits-2.0.4.tgz. Extracting by manifest.
1139 silly tarball no local data for icss-utils@https://registry.npmjs.org/icss-utils/-/icss-utils-5.1.0.tgz. Extracting by manifest.
1140 silly tarball no local data for iconv-lite@https://registry.npmjs.org/iconv-lite/-/iconv-lite-0.4.24.tgz. Extracting by manifest.
1141 silly tarball no local data for import-local@https://registry.npmjs.org/import-local/-/import-local-3.1.0.tgz. Extracting by manifest.
1142 silly tarball no local data for http-proxy@https://registry.npmjs.org/http-proxy/-/http-proxy-1.18.1.tgz. Extracting by manifest.
1143 silly tarball no local data for hyphenate-style-name@https://registry.npmjs.org/hyphenate-style-name/-/hyphenate-style-name-1.0.4.tgz. Extracting by manifest.
1144 silly tarball no local data for http-parser-js@https://registry.npmjs.org/http-parser-js/-/http-parser-js-0.5.8.tgz. Extracting by manifest.
1145 silly tarball no local data for http-errors@https://registry.npmjs.org/http-errors/-/http-errors-2.0.0.tgz. Extracting by manifest.
1146 silly tarball no local data for http-deceiver@https://registry.npmjs.org/http-deceiver/-/http-deceiver-1.2.7.tgz. Extracting by manifest.
1147 silly tarball no local data for http-proxy-middleware@https://registry.npmjs.org/http-proxy-middleware/-/http-proxy-middleware-0.19.1.tgz. Extracting by manifest.
1148 silly tarball no local data for htmlparser2@https://registry.npmjs.org/htmlparser2/-/htmlparser2-6.1.0.tgz. Extracting by manifest.
1149 silly tarball no local data for html-entities@https://registry.npmjs.org/html-entities/-/html-entities-1.4.0.tgz. Extracting by manifest.
1150 silly tarball no local data for html-webpack-plugin@https://registry.npmjs.org/html-webpack-plugin/-/html-webpack-plugin-4.5.2.tgz. Extracting by manifest.
1151 silly tarball no local data for hpack.js@https://registry.npmjs.org/hpack.js/-/hpack.js-2.1.6.tgz. Extracting by manifest.
1152 silly tarball no local data for hoist-non-react-statics@https://registry.npmjs.org/hoist-non-react-statics/-/hoist-non-react-statics-3.3.2.tgz. Extracting by manifest.
1153 silly tarball no local data for html-minifier-terser@https://registry.npmjs.org/html-minifier-terser/-/html-minifier-terser-5.1.1.tgz. Extracting by manifest.
1154 silly tarball no local data for history@https://registry.npmjs.org/history/-/history-4.10.1.tgz. Extracting by manifest.
1155 silly tarball no local data for has-values@https://registry.npmjs.org/has-values/-/has-values-1.0.0.tgz. Extracting by manifest.
1156 silly tarball no local data for has-value@https://registry.npmjs.org/has-value/-/has-value-1.0.0.tgz. Extracting by manifest.
1157 silly tarball no local data for has-tostringtag@https://registry.npmjs.org/has-tostringtag/-/has-tostringtag-1.0.0.tgz. Extracting by manifest.
1158 silly tarball no local data for has-symbols@https://registry.npmjs.org/has-symbols/-/has-symbols-1.0.3.tgz. Extracting by manifest.
1159 silly tarball no local data for he@https://registry.npmjs.org/he/-/he-1.2.0.tgz. Extracting by manifest.
1160 silly tarball no local data for has-flag@https://registry.npmjs.org/has-flag/-/has-flag-3.0.0.tgz. Extracting by manifest.
1161 silly tarball no local data for has-proto@https://registry.npmjs.org/has-proto/-/has-proto-1.0.1.tgz. Extracting by manifest.
1162 silly tarball no local data for has@https://registry.npmjs.org/has/-/has-1.0.3.tgz. Extracting by manifest.
1163 silly tarball no local data for handle-thing@https://registry.npmjs.org/handle-thing/-/handle-thing-2.0.1.tgz. Extracting by manifest.
1164 silly tarball no local data for has-bigints@https://registry.npmjs.org/has-bigints/-/has-bigints-1.0.2.tgz. Extracting by manifest.
1165 silly tarball no local data for graceful-fs@https://registry.npmjs.org/graceful-fs/-/graceful-fs-4.2.11.tgz. Extracting by manifest.
1166 silly tarball no local data for globby@https://registry.npmjs.org/globby/-/globby-6.1.0.tgz. Extracting by manifest.
1167 silly tarball no local data for has-property-descriptors@https://registry.npmjs.org/has-property-descriptors/-/has-property-descriptors-1.0.0.tgz. Extracting by manifest.
1168 silly tarball no local data for gopd@https://registry.npmjs.org/gopd/-/gopd-1.0.1.tgz. Extracting by manifest.
1169 silly tarball no local data for globalthis@https://registry.npmjs.org/globalthis/-/globalthis-1.0.3.tgz. Extracting by manifest.
1170 silly tarball no local data for glob-parent@https://registry.npmjs.org/glob-parent/-/glob-parent-3.1.0.tgz. Extracting by manifest.
1171 silly tarball no local data for glob@https://registry.npmjs.org/glob/-/glob-7.2.3.tgz. Extracting by manifest.
1172 silly tarball no local data for glob-to-regexp@https://registry.npmjs.org/glob-to-regexp/-/glob-to-regexp-0.4.1.tgz. Extracting by manifest.
1173 silly tarball no local data for get-value@https://registry.npmjs.org/get-value/-/get-value-2.0.6.tgz. Extracting by manifest.
1174 silly tarball no local data for get-symbol-description@https://registry.npmjs.org/get-symbol-description/-/get-symbol-description-1.0.0.tgz. Extracting by manifest.
1175 silly tarball no local data for get-stream@https://registry.npmjs.org/get-stream/-/get-stream-4.1.0.tgz. Extracting by manifest.
1176 silly tarball no local data for get-intrinsic@https://registry.npmjs.org/get-intrinsic/-/get-intrinsic-1.2.1.tgz. Extracting by manifest.
1177 silly tarball no local data for get-caller-file@https://registry.npmjs.org/get-caller-file/-/get-caller-file-2.0.5.tgz. Extracting by manifest.
1178 silly tarball no local data for globals@https://registry.npmjs.org/globals/-/globals-11.12.0.tgz. Extracting by manifest.
1179 silly tarball no local data for functions-have-names@https://registry.npmjs.org/functions-have-names/-/functions-have-names-1.2.3.tgz. Extracting by manifest.
1180 silly tarball no local data for function-bind@https://registry.npmjs.org/function-bind/-/function-bind-1.1.1.tgz. Extracting by manifest.
1181 silly tarball no local data for function.prototype.name@https://registry.npmjs.org/function.prototype.name/-/function.prototype.name-1.1.5.tgz. Extracting by manifest.
1182 silly tarball no local data for fsevents@https://registry.npmjs.org/fsevents/-/fsevents-1.2.13.tgz. Extracting by manifest.
1183 silly tarball no local data for fresh@https://registry.npmjs.org/fresh/-/fresh-0.5.2.tgz. Extracting by manifest.
1184 silly tarball no local data for fragment-cache@https://registry.npmjs.org/fragment-cache/-/fragment-cache-0.2.1.tgz. Extracting by manifest.
1185 silly tarball no local data for fs.realpath@https://registry.npmjs.org/fs.realpath/-/fs.realpath-1.0.0.tgz. Extracting by manifest.
1186 silly tarball no local data for gensync@https://registry.npmjs.org/gensync/-/gensync-1.0.0-beta.2.tgz. Extracting by manifest.
1187 silly tarball no local data for for-in@https://registry.npmjs.org/for-in/-/for-in-1.0.2.tgz. Extracting by manifest.
1188 silly tarball no local data for for-each@https://registry.npmjs.org/for-each/-/for-each-0.3.3.tgz. Extracting by manifest.
1189 silly tarball no local data for follow-redirects@https://registry.npmjs.org/follow-redirects/-/follow-redirects-1.15.2.tgz. Extracting by manifest.
1190 silly tarball no local data for find-up@https://registry.npmjs.org/find-up/-/find-up-4.1.0.tgz. Extracting by manifest.
1191 silly tarball no local data for finalhandler@https://registry.npmjs.org/finalhandler/-/finalhandler-1.2.0.tgz. Extracting by manifest.
1192 silly tarball no local data for fill-range@https://registry.npmjs.org/fill-range/-/fill-range-4.0.0.tgz. Extracting by manifest.
1193 silly tarball no local data for find-cache-dir@https://registry.npmjs.org/find-cache-dir/-/find-cache-dir-3.3.2.tgz. Extracting by manifest.
1194 silly tarball no local data for forwarded@https://registry.npmjs.org/forwarded/-/forwarded-0.2.0.tgz. Extracting by manifest.
1195 silly tarball no local data for fastest-levenshtein@https://registry.npmjs.org/fastest-levenshtein/-/fastest-levenshtein-1.0.16.tgz. Extracting by manifest.
1196 silly tarball no local data for faye-websocket@https://registry.npmjs.org/faye-websocket/-/faye-websocket-0.11.4.tgz. Extracting by manifest.
1197 silly tarball no local data for extglob@https://registry.npmjs.org/extglob/-/extglob-2.0.4.tgz. Extracting by manifest.
1198 silly tarball no local data for fast-json-stable-stringify@https://registry.npmjs.org/fast-json-stable-stringify/-/fast-json-stable-stringify-2.1.0.tgz. Extracting by manifest.
1199 silly tarball no local data for file-uri-to-path@https://registry.npmjs.org/file-uri-to-path/-/file-uri-to-path-1.0.0.tgz. Extracting by manifest.
1200 silly tarball no local data for fast-deep-equal@https://registry.npmjs.org/fast-deep-equal/-/fast-deep-equal-3.1.3.tgz. Extracting by manifest.
1201 silly tarball no local data for extend-shallow@https://registry.npmjs.org/extend-shallow/-/extend-shallow-2.0.1.tgz. Extracting by manifest.
1202 silly tarball no local data for expand-brackets@https://registry.npmjs.org/expand-brackets/-/expand-brackets-2.1.4.tgz. Extracting by manifest.
1203 silly tarball no local data for execa@https://registry.npmjs.org/execa/-/execa-1.0.0.tgz. Extracting by manifest.
1204 silly tarball no local data for express@https://registry.npmjs.org/express/-/express-4.18.2.tgz. Extracting by manifest.
1205 silly tarball no local data for eventsource@https://registry.npmjs.org/eventsource/-/eventsource-2.0.2.tgz. Extracting by manifest.
1206 silly tarball no local data for events@https://registry.npmjs.org/events/-/events-3.3.0.tgz. Extracting by manifest.
1207 silly tarball no local data for eventemitter3@https://registry.npmjs.org/eventemitter3/-/eventemitter3-4.0.7.tgz. Extracting by manifest.
1208 silly tarball no local data for esutils@https://registry.npmjs.org/esutils/-/esutils-2.0.3.tgz. Extracting by manifest.
1209 silly tarball no local data for etag@https://registry.npmjs.org/etag/-/etag-1.8.1.tgz. Extracting by manifest.
1210 silly tarball no local data for esrecurse@https://registry.npmjs.org/esrecurse/-/esrecurse-4.3.0.tgz. Extracting by manifest.
1211 silly tarball no local data for eslint-scope@https://registry.npmjs.org/eslint-scope/-/eslint-scope-5.1.1.tgz. Extracting by manifest.
1212 silly tarball no local data for estraverse@https://registry.npmjs.org/estraverse/-/estraverse-4.3.0.tgz. Extracting by manifest.
1213 silly tarball no local data for escape-html@https://registry.npmjs.org/escape-html/-/escape-html-1.0.3.tgz. Extracting by manifest.
1214 silly tarball no local data for escalade@https://registry.npmjs.org/escalade/-/escalade-3.1.1.tgz. Extracting by manifest.
1215 silly tarball no local data for es-to-primitive@https://registry.npmjs.org/es-to-primitive/-/es-to-primitive-1.2.1.tgz. Extracting by manifest.
1216 silly tarball no local data for escape-string-regexp@https://registry.npmjs.org/escape-string-regexp/-/escape-string-regexp-1.0.5.tgz. Extracting by manifest.
1217 silly tarball no local data for es-set-tostringtag@https://registry.npmjs.org/es-set-tostringtag/-/es-set-tostringtag-2.0.1.tgz. Extracting by manifest.
1218 silly tarball no local data for es-module-lexer@https://registry.npmjs.org/es-module-lexer/-/es-module-lexer-1.3.0.tgz. Extracting by manifest.
1219 silly tarball no local data for es-array-method-boxes-properly@https://registry.npmjs.org/es-array-method-boxes-properly/-/es-array-method-boxes-properly-1.0.0.tgz. Extracting by manifest.
1220 silly tarball no local data for errno@https://registry.npmjs.org/errno/-/errno-0.1.8.tgz. Extracting by manifest.
1221 silly tarball no local data for envinfo@https://registry.npmjs.org/envinfo/-/envinfo-7.10.0.tgz. Extracting by manifest.
1222 silly tarball no local data for entities@https://registry.npmjs.org/entities/-/entities-2.2.0.tgz. Extracting by manifest.
1223 silly tarball no local data for es-abstract@https://registry.npmjs.org/es-abstract/-/es-abstract-1.21.2.tgz. Extracting by manifest.
1224 silly tarball no local data for enhanced-resolve@https://registry.npmjs.org/enhanced-resolve/-/enhanced-resolve-5.15.0.tgz. Extracting by manifest.
1225 silly tarball no local data for emojis-list@https://registry.npmjs.org/emojis-list/-/emojis-list-3.0.0.tgz. Extracting by manifest.
1226 silly tarball no local data for end-of-stream@https://registry.npmjs.org/end-of-stream/-/end-of-stream-1.4.4.tgz. Extracting by manifest.
1227 silly tarball no local data for emoji-regex@https://registry.npmjs.org/emoji-regex/-/emoji-regex-7.0.3.tgz. Extracting by manifest.
1228 silly tarball no local data for encodeurl@https://registry.npmjs.org/encodeurl/-/encodeurl-1.0.2.tgz. Extracting by manifest.
1229 silly tarball no local data for electron-to-chromium@https://registry.npmjs.org/electron-to-chromium/-/electron-to-chromium-1.4.442.tgz. Extracting by manifest.
1230 silly tarball no local data for ee-first@https://registry.npmjs.org/ee-first/-/ee-first-1.1.1.tgz. Extracting by manifest.
1231 silly tarball no local data for dot-case@https://registry.npmjs.org/dot-case/-/dot-case-3.0.4.tgz. Extracting by manifest.
1232 silly tarball no local data for domutils@https://registry.npmjs.org/domutils/-/domutils-2.8.0.tgz. Extracting by manifest.
1233 silly tarball no local data for domhandler@https://registry.npmjs.org/domhandler/-/domhandler-4.3.1.tgz. Extracting by manifest.
1234 silly tarball no local data for dom-helpers@https://registry.npmjs.org/dom-helpers/-/dom-helpers-5.2.1.tgz. Extracting by manifest.
1235 silly tarball no local data for dom-converter@https://registry.npmjs.org/dom-converter/-/dom-converter-0.2.0.tgz. Extracting by manifest.
1236 silly tarball no local data for domelementtype@https://registry.npmjs.org/domelementtype/-/domelementtype-2.3.0.tgz. Extracting by manifest.
1237 silly tarball no local data for dom-serializer@https://registry.npmjs.org/dom-serializer/-/dom-serializer-1.4.1.tgz. Extracting by manifest.
1238 silly tarball no local data for dns-equal@https://registry.npmjs.org/dns-equal/-/dns-equal-1.0.0.tgz. Extracting by manifest.
1239 silly tarball no local data for dns-packet@https://registry.npmjs.org/dns-packet/-/dns-packet-1.3.4.tgz. Extracting by manifest.
1240 silly tarball no local data for destroy@https://registry.npmjs.org/destroy/-/destroy-1.2.0.tgz. Extracting by manifest.
1241 silly tarball no local data for depd@https://registry.npmjs.org/depd/-/depd-2.0.0.tgz. Extracting by manifest.
1242 silly tarball no local data for del@https://registry.npmjs.org/del/-/del-4.1.1.tgz. Extracting by manifest.
1243 silly tarball no local data for detect-node@https://registry.npmjs.org/detect-node/-/detect-node-2.1.0.tgz. Extracting by manifest.
1244 silly tarball no local data for dns-txt@https://registry.npmjs.org/dns-txt/-/dns-txt-2.0.2.tgz. Extracting by manifest.
1245 silly tarball no local data for define-properties@https://registry.npmjs.org/define-properties/-/define-properties-1.2.0.tgz. Extracting by manifest.
1246 silly tarball no local data for decamelize@https://registry.npmjs.org/decamelize/-/decamelize-1.2.0.tgz. Extracting by manifest.
1247 silly tarball no local data for default-gateway@https://registry.npmjs.org/default-gateway/-/default-gateway-4.2.0.tgz. Extracting by manifest.
1248 silly tarball no local data for define-property@https://registry.npmjs.org/define-property/-/define-property-2.0.2.tgz. Extracting by manifest.
1249 silly tarball no local data for deep-equal@https://registry.npmjs.org/deep-equal/-/deep-equal-1.1.1.tgz. Extracting by manifest.
1250 silly tarball no local data for decode-uri-component@https://registry.npmjs.org/decode-uri-component/-/decode-uri-component-0.2.2.tgz. Extracting by manifest.
1251 silly tarball no local data for debug@https://registry.npmjs.org/debug/-/debug-4.3.4.tgz. Extracting by manifest.
1252 silly tarball no local data for css-what@https://registry.npmjs.org/css-what/-/css-what-6.1.0.tgz. Extracting by manifest.
1253 silly tarball no local data for css-select@https://registry.npmjs.org/css-select/-/css-select-4.3.0.tgz. Extracting by manifest.
1254 silly tarball no local data for csstype@https://registry.npmjs.org/csstype/-/csstype-2.6.21.tgz. Extracting by manifest.
1255 silly tarball no local data for css-loader@https://registry.npmjs.org/css-loader/-/css-loader-5.2.7.tgz. Extracting by manifest.
1256 silly tarball no local data for css-vendor@https://registry.npmjs.org/css-vendor/-/css-vendor-2.0.8.tgz. Extracting by manifest.
1257 silly tarball no local data for cssesc@https://registry.npmjs.org/cssesc/-/cssesc-3.0.0.tgz. Extracting by manifest.
1258 silly tarball no local data for core-util-is@https://registry.npmjs.org/core-util-is/-/core-util-is-1.0.3.tgz. Extracting by manifest.
1259 silly tarball no local data for copy-descriptor@https://registry.npmjs.org/copy-descriptor/-/copy-descriptor-0.1.1.tgz. Extracting by manifest.
1260 silly tarball no local data for core-js-compat@https://registry.npmjs.org/core-js-compat/-/core-js-compat-3.31.0.tgz. Extracting by manifest.
1261 silly tarball no local data for convert-source-map@https://registry.npmjs.org/convert-source-map/-/convert-source-map-1.9.0.tgz. Extracting by manifest.
1262 silly tarball no local data for cookie@https://registry.npmjs.org/cookie/-/cookie-0.5.0.tgz. Extracting by manifest.
1263 silly tarball no local data for cross-spawn@https://registry.npmjs.org/cross-spawn/-/cross-spawn-7.0.3.tgz. Extracting by manifest.
1264 silly tarball no local data for cookie-signature@https://registry.npmjs.org/cookie-signature/-/cookie-signature-1.0.6.tgz. Extracting by manifest.
1265 silly tarball no local data for concat-map@https://registry.npmjs.org/concat-map/-/concat-map-0.0.1.tgz. Extracting by manifest.
1266 silly tarball no local data for connect-history-api-fallback@https://registry.npmjs.org/connect-history-api-fallback/-/connect-history-api-fallback-1.6.0.tgz. Extracting by manifest.
1267 silly tarball no local data for content-disposition@https://registry.npmjs.org/content-disposition/-/content-disposition-0.5.4.tgz. Extracting by manifest.
1268 silly tarball no local data for content-type@https://registry.npmjs.org/content-type/-/content-type-1.0.5.tgz. Extracting by manifest.
1269 silly tarball no local data for compression@https://registry.npmjs.org/compression/-/compression-1.7.4.tgz. Extracting by manifest.
1270 silly tarball no local data for compressible@https://registry.npmjs.org/compressible/-/compressible-2.0.18.tgz. Extracting by manifest.
1271 silly tarball no local data for component-emitter@https://registry.npmjs.org/component-emitter/-/component-emitter-1.3.0.tgz. Extracting by manifest.
1272 silly tarball no local data for colorette@https://registry.npmjs.org/colorette/-/colorette-2.0.20.tgz. Extracting by manifest.
1273 silly tarball no local data for commander@https://registry.npmjs.org/commander/-/commander-4.1.1.tgz. Extracting by manifest.
1274 silly tarball no local data for commondir@https://registry.npmjs.org/commondir/-/commondir-1.0.1.tgz. Extracting by manifest.
1275 silly tarball no local data for color-convert@https://registry.npmjs.org/color-convert/-/color-convert-1.9.3.tgz. Extracting by manifest.
1276 silly tarball no local data for color-name@https://registry.npmjs.org/color-name/-/color-name-1.1.3.tgz. Extracting by manifest.
1277 silly tarball no local data for clone-deep@https://registry.npmjs.org/clone-deep/-/clone-deep-4.0.1.tgz. Extracting by manifest.
1278 silly tarball no local data for cliui@https://registry.npmjs.org/cliui/-/cliui-5.0.0.tgz. Extracting by manifest.
1279 silly tarball no local data for clean-webpack-plugin@https://registry.npmjs.org/clean-webpack-plugin/-/clean-webpack-plugin-3.0.0.tgz. Extracting by manifest.
1280 silly tarball no local data for clean-css@https://registry.npmjs.org/clean-css/-/clean-css-4.2.4.tgz. Extracting by manifest.
1281 silly tarball no local data for clsx@https://registry.npmjs.org/clsx/-/clsx-1.2.1.tgz. Extracting by manifest.
1282 silly tarball no local data for class-utils@https://registry.npmjs.org/class-utils/-/class-utils-0.3.6.tgz. Extracting by manifest.
1283 silly tarball no local data for collection-visit@https://registry.npmjs.org/collection-visit/-/collection-visit-1.0.0.tgz. Extracting by manifest.
1284 silly tarball no local data for chrome-trace-event@https://registry.npmjs.org/chrome-trace-event/-/chrome-trace-event-1.0.3.tgz. Extracting by manifest.
1285 silly tarball no local data for chokidar@https://registry.npmjs.org/chokidar/-/chokidar-2.1.8.tgz. Extracting by manifest.
1286 silly tarball no local data for chalk@https://registry.npmjs.org/chalk/-/chalk-2.4.2.tgz. Extracting by manifest.
1287 silly tarball no local data for camel-case@https://registry.npmjs.org/camel-case/-/camel-case-4.1.2.tgz. Extracting by manifest.
1288 silly tarball no local data for call-bind@https://registry.npmjs.org/call-bind/-/call-bind-1.0.2.tgz. Extracting by manifest.
1289 silly tarball no local data for camelcase@https://registry.npmjs.org/camelcase/-/camelcase-5.3.1.tgz. Extracting by manifest.
1290 silly tarball no local data for cache-base@https://registry.npmjs.org/cache-base/-/cache-base-1.0.1.tgz. Extracting by manifest.
1291 silly tarball no local data for bytes@https://registry.npmjs.org/bytes/-/bytes-3.0.0.tgz. Extracting by manifest.
1292 silly tarball no local data for buffer-indexof@https://registry.npmjs.org/buffer-indexof/-/buffer-indexof-1.1.1.tgz. Extracting by manifest.
1293 silly tarball no local data for buffer-from@https://registry.npmjs.org/buffer-from/-/buffer-from-1.1.2.tgz. Extracting by manifest.
1294 silly tarball no local data for braces@https://registry.npmjs.org/braces/-/braces-2.3.2.tgz. Extracting by manifest.
1295 silly tarball no local data for brace-expansion@https://registry.npmjs.org/brace-expansion/-/brace-expansion-1.1.11.tgz. Extracting by manifest.
1296 silly tarball no local data for boolbase@https://registry.npmjs.org/boolbase/-/boolbase-1.0.0.tgz. Extracting by manifest.
1297 silly tarball no local data for caniuse-lite@https://registry.npmjs.org/caniuse-lite/-/caniuse-lite-1.0.30001508.tgz. Extracting by manifest.
1298 silly tarball no local data for bonjour@https://registry.npmjs.org/bonjour/-/bonjour-3.5.0.tgz. Extracting by manifest.
1299 silly tarball no local data for browserslist@https://registry.npmjs.org/browserslist/-/browserslist-4.21.9.tgz. Extracting by manifest.
1300 silly tarball no local data for body-parser@https://registry.npmjs.org/body-parser/-/body-parser-1.20.1.tgz. Extracting by manifest.
1301 silly tarball no local data for bindings@https://registry.npmjs.org/bindings/-/bindings-1.5.0.tgz. Extracting by manifest.
1302 silly tarball no local data for binary-extensions@https://registry.npmjs.org/binary-extensions/-/binary-extensions-1.13.1.tgz. Extracting by manifest.
1303 silly tarball no local data for batch@https://registry.npmjs.org/batch/-/batch-0.6.1.tgz. Extracting by manifest.
1304 silly tarball no local data for big.js@https://registry.npmjs.org/big.js/-/big.js-5.2.2.tgz. Extracting by manifest.
1305 silly tarball no local data for base@https://registry.npmjs.org/base/-/base-0.11.2.tgz. Extracting by manifest.
1306 silly tarball no local data for babel-plugin-polyfill-regenerator@https://registry.npmjs.org/babel-plugin-polyfill-regenerator/-/babel-plugin-polyfill-regenerator-0.5.0.tgz. Extracting by manifest.
1307 silly tarball no local data for babel-plugin-polyfill-corejs2@https://registry.npmjs.org/babel-plugin-polyfill-corejs2/-/babel-plugin-polyfill-corejs2-0.4.3.tgz. Extracting by manifest.
1308 silly tarball no local data for balanced-match@https://registry.npmjs.org/balanced-match/-/balanced-match-1.0.2.tgz. Extracting by manifest.
1309 silly tarball no local data for babel-plugin-polyfill-corejs3@https://registry.npmjs.org/babel-plugin-polyfill-corejs3/-/babel-plugin-polyfill-corejs3-0.8.1.tgz. Extracting by manifest.
1310 silly tarball no local data for babel-loader@https://registry.npmjs.org/babel-loader/-/babel-loader-8.3.0.tgz. Extracting by manifest.
1311 silly tarball no local data for available-typed-arrays@https://registry.npmjs.org/available-typed-arrays/-/available-typed-arrays-1.0.5.tgz. Extracting by manifest.
1312 silly tarball no local data for atob@https://registry.npmjs.org/atob/-/atob-2.1.2.tgz. Extracting by manifest.
1313 silly tarball no local data for async-each@https://registry.npmjs.org/async-each/-/async-each-1.0.6.tgz. Extracting by manifest.
1314 silly tarball no local data for async@https://registry.npmjs.org/async/-/async-2.6.4.tgz. Extracting by manifest.
1315 silly tarball no local data for assign-symbols@https://registry.npmjs.org/assign-symbols/-/assign-symbols-1.0.0.tgz. Extracting by manifest.
1316 silly tarball no local data for array.prototype.reduce@https://registry.npmjs.org/array.prototype.reduce/-/array.prototype.reduce-1.0.5.tgz. Extracting by manifest.
1317 silly tarball no local data for async-limiter@https://registry.npmjs.org/async-limiter/-/async-limiter-1.0.1.tgz. Extracting by manifest.
1318 silly tarball no local data for array-uniq@https://registry.npmjs.org/array-uniq/-/array-uniq-1.0.3.tgz. Extracting by manifest.
1319 silly tarball no local data for array-union@https://registry.npmjs.org/array-union/-/array-union-1.0.2.tgz. Extracting by manifest.
1320 silly tarball no local data for array-flatten@https://registry.npmjs.org/array-flatten/-/array-flatten-2.1.2.tgz. Extracting by manifest.
1321 silly tarball no local data for array-buffer-byte-length@https://registry.npmjs.org/array-buffer-byte-length/-/array-buffer-byte-length-1.0.0.tgz. Extracting by manifest.
1322 silly tarball no local data for arr-flatten@https://registry.npmjs.org/arr-flatten/-/arr-flatten-1.1.0.tgz. Extracting by manifest.
1323 silly tarball no local data for arr-diff@https://registry.npmjs.org/arr-diff/-/arr-diff-4.0.0.tgz. Extracting by manifest.
1324 silly tarball no local data for anymatch@https://registry.npmjs.org/anymatch/-/anymatch-3.1.3.tgz. Extracting by manifest.
1325 silly tarball no local data for ansi-styles@https://registry.npmjs.org/ansi-styles/-/ansi-styles-3.2.1.tgz. Extracting by manifest.
1326 silly tarball no local data for array-unique@https://registry.npmjs.org/array-unique/-/array-unique-0.3.2.tgz. Extracting by manifest.
1327 silly tarball no local data for ansi-regex@https://registry.npmjs.org/ansi-regex/-/ansi-regex-2.1.1.tgz. Extracting by manifest.
1328 silly tarball no local data for ansi-html-community@https://registry.npmjs.org/ansi-html-community/-/ansi-html-community-0.0.8.tgz. Extracting by manifest.
1329 silly tarball no local data for arr-union@https://registry.npmjs.org/arr-union/-/arr-union-3.1.0.tgz. Extracting by manifest.
1330 silly tarball no local data for ansi-colors@https://registry.npmjs.org/ansi-colors/-/ansi-colors-3.2.4.tgz. Extracting by manifest.
1331 silly tarball no local data for ajv-errors@https://registry.npmjs.org/ajv-errors/-/ajv-errors-1.0.1.tgz. Extracting by manifest.
1332 silly tarball no local data for ajv-keywords@https://registry.npmjs.org/ajv-keywords/-/ajv-keywords-3.5.2.tgz. Extracting by manifest.
1333 silly tarball no local data for ajv@https://registry.npmjs.org/ajv/-/ajv-6.12.6.tgz. Extracting by manifest.
1334 silly tarball no local data for acorn-import-assertions@https://registry.npmjs.org/acorn-import-assertions/-/acorn-import-assertions-1.9.0.tgz. Extracting by manifest.
1335 silly tarball no local data for acorn@https://registry.npmjs.org/acorn/-/acorn-8.9.0.tgz. Extracting by manifest.
1336 silly tarball no local data for @xtuc/long@https://registry.npmjs.org/@xtuc/long/-/long-4.2.2.tgz. Extracting by manifest.
1337 silly tarball no local data for accepts@https://registry.npmjs.org/accepts/-/accepts-1.3.8.tgz. Extracting by manifest.
1338 silly tarball no local data for @xtuc/ieee754@https://registry.npmjs.org/@xtuc/ieee754/-/ieee754-1.2.0.tgz. Extracting by manifest.
1339 silly tarball no local data for @webpack-cli/serve@https://registry.npmjs.org/@webpack-cli/serve/-/serve-1.7.0.tgz. Extracting by manifest.
1340 silly tarball no local data for @webpack-cli/info@https://registry.npmjs.org/@webpack-cli/info/-/info-1.5.0.tgz. Extracting by manifest.
1341 silly tarball no local data for @webpack-cli/configtest@https://registry.npmjs.org/@webpack-cli/configtest/-/configtest-1.2.0.tgz. Extracting by manifest.
1342 silly tarball no local data for @webassemblyjs/wast-printer@https://registry.npmjs.org/@webassemblyjs/wast-printer/-/wast-printer-1.11.6.tgz. Extracting by manifest.
1343 silly tarball no local data for @webassemblyjs/wasm-opt@https://registry.npmjs.org/@webassemblyjs/wasm-opt/-/wasm-opt-1.11.6.tgz. Extracting by manifest.
1344 silly tarball no local data for @webassemblyjs/wasm-gen@https://registry.npmjs.org/@webassemblyjs/wasm-gen/-/wasm-gen-1.11.6.tgz. Extracting by manifest.
1345 silly tarball no local data for @webassemblyjs/wasm-edit@https://registry.npmjs.org/@webassemblyjs/wasm-edit/-/wasm-edit-1.11.6.tgz. Extracting by manifest.
1346 silly tarball no local data for @webassemblyjs/wasm-parser@https://registry.npmjs.org/@webassemblyjs/wasm-parser/-/wasm-parser-1.11.6.tgz. Extracting by manifest.
1347 silly tarball no local data for @webassemblyjs/utf8@https://registry.npmjs.org/@webassemblyjs/utf8/-/utf8-1.11.6.tgz. Extracting by manifest.
1348 silly tarball no local data for @webassemblyjs/leb128@https://registry.npmjs.org/@webassemblyjs/leb128/-/leb128-1.11.6.tgz. Extracting by manifest.
1349 silly tarball no local data for @webassemblyjs/ieee754@https://registry.npmjs.org/@webassemblyjs/ieee754/-/ieee754-1.11.6.tgz. Extracting by manifest.
1350 silly tarball no local data for @webassemblyjs/helper-wasm-bytecode@https://registry.npmjs.org/@webassemblyjs/helper-wasm-bytecode/-/helper-wasm-bytecode-1.11.6.tgz. Extracting by manifest.
1351 silly tarball no local data for @webassemblyjs/helper-numbers@https://registry.npmjs.org/@webassemblyjs/helper-numbers/-/helper-numbers-1.11.6.tgz. Extracting by manifest.
1352 silly tarball no local data for @webassemblyjs/helper-wasm-section@https://registry.npmjs.org/@webassemblyjs/helper-wasm-section/-/helper-wasm-section-1.11.6.tgz. Extracting by manifest.
1353 silly tarball no local data for @webassemblyjs/helper-buffer@https://registry.npmjs.org/@webassemblyjs/helper-buffer/-/helper-buffer-1.11.6.tgz. Extracting by manifest.
1354 silly tarball no local data for @webassemblyjs/floating-point-hex-parser@https://registry.npmjs.org/@webassemblyjs/floating-point-hex-parser/-/floating-point-hex-parser-1.11.6.tgz. Extracting by manifest.
1355 silly tarball no local data for @types/webpack-sources@https://registry.npmjs.org/@types/webpack-sources/-/webpack-sources-3.2.0.tgz. Extracting by manifest.
1356 silly tarball no local data for @webassemblyjs/ast@https://registry.npmjs.org/@webassemblyjs/ast/-/ast-1.11.6.tgz. Extracting by manifest.
1357 silly tarball no local data for @webassemblyjs/helper-api-error@https://registry.npmjs.org/@webassemblyjs/helper-api-error/-/helper-api-error-1.11.6.tgz. Extracting by manifest.
1358 silly tarball no local data for @types/webpack@https://registry.npmjs.org/@types/webpack/-/webpack-4.41.33.tgz. Extracting by manifest.
1359 silly tarball no local data for @types/uglify-js@https://registry.npmjs.org/@types/uglify-js/-/uglify-js-3.17.1.tgz. Extracting by manifest.
1360 silly tarball no local data for @types/react-transition-group@https://registry.npmjs.org/@types/react-transition-group/-/react-transition-group-4.4.6.tgz. Extracting by manifest.
1361 silly tarball no local data for @types/scheduler@https://registry.npmjs.org/@types/scheduler/-/scheduler-0.16.3.tgz. Extracting by manifest.
1362 silly tarball no local data for @types/prop-types@https://registry.npmjs.org/@types/prop-types/-/prop-types-15.7.5.tgz. Extracting by manifest.
1363 silly tarball no local data for @types/node@https://registry.npmjs.org/@types/node/-/node-20.3.2.tgz. Extracting by manifest.
1364 silly tarball no local data for @types/tapable@https://registry.npmjs.org/@types/tapable/-/tapable-1.0.8.tgz. Extracting by manifest.
1365 silly tarball no local data for @types/json-schema@https://registry.npmjs.org/@types/json-schema/-/json-schema-7.0.12.tgz. Extracting by manifest.
1366 silly tarball no local data for @types/source-list-map@https://registry.npmjs.org/@types/source-list-map/-/source-list-map-0.1.2.tgz. Extracting by manifest.
1367 silly tarball no local data for @types/minimatch@https://registry.npmjs.org/@types/minimatch/-/minimatch-5.1.2.tgz. Extracting by manifest.
1368 silly tarball no local data for @types/glob@https://registry.npmjs.org/@types/glob/-/glob-7.2.0.tgz. Extracting by manifest.
1369 silly tarball no local data for @types/estree@https://registry.npmjs.org/@types/estree/-/estree-1.0.1.tgz. Extracting by manifest.
1370 silly tarball no local data for @types/eslint@https://registry.npmjs.org/@types/eslint/-/eslint-8.40.2.tgz. Extracting by manifest.
1371 silly tarball no local data for @types/eslint-scope@https://registry.npmjs.org/@types/eslint-scope/-/eslint-scope-3.7.4.tgz. Extracting by manifest.
1372 silly tarball no local data for @material-ui/utils@https://registry.npmjs.org/@material-ui/utils/-/utils-4.11.3.tgz. Extracting by manifest.
1373 silly tarball no local data for @types/html-minifier-terser@https://registry.npmjs.org/@types/html-minifier-terser/-/html-minifier-terser-5.1.2.tgz. Extracting by manifest.
1374 silly tarball no local data for @material-ui/types@https://registry.npmjs.org/@material-ui/types/-/types-5.1.0.tgz. Extracting by manifest.
1375 silly tarball no local data for @material-ui/icons@https://registry.npmjs.org/@material-ui/icons/-/icons-4.11.3.tgz. Extracting by manifest.
1376 silly tarball no local data for @material-ui/styles@https://registry.npmjs.org/@material-ui/styles/-/styles-4.11.5.tgz. Extracting by manifest.
1377 silly tarball no local data for @material-ui/core@https://registry.npmjs.org/@material-ui/core/-/core-4.12.4.tgz. Extracting by manifest.
1378 silly tarball no local data for @material-ui/system@https://registry.npmjs.org/@material-ui/system/-/system-4.12.2.tgz. Extracting by manifest.
1379 silly tarball no local data for @jridgewell/trace-mapping@https://registry.npmjs.org/@jridgewell/trace-mapping/-/trace-mapping-0.3.18.tgz. Extracting by manifest.
1380 silly tarball no local data for @jridgewell/sourcemap-codec@https://registry.npmjs.org/@jridgewell/sourcemap-codec/-/sourcemap-codec-1.4.15.tgz. Extracting by manifest.
1381 silly tarball no local data for @jridgewell/source-map@https://registry.npmjs.org/@jridgewell/source-map/-/source-map-0.3.3.tgz. Extracting by manifest.
1382 silly tarball no local data for @jridgewell/resolve-uri@https://registry.npmjs.org/@jridgewell/resolve-uri/-/resolve-uri-3.1.0.tgz. Extracting by manifest.
1383 silly tarball no local data for @emotion/hash@https://registry.npmjs.org/@emotion/hash/-/hash-0.8.0.tgz. Extracting by manifest.
1384 silly tarball no local data for @jridgewell/set-array@https://registry.npmjs.org/@jridgewell/set-array/-/set-array-1.1.2.tgz. Extracting by manifest.
1385 silly tarball no local data for @jridgewell/gen-mapping@https://registry.npmjs.org/@jridgewell/gen-mapping/-/gen-mapping-0.3.3.tgz. Extracting by manifest.
1386 silly tarball no local data for @babel/types@https://registry.npmjs.org/@babel/types/-/types-7.22.5.tgz. Extracting by manifest.
1387 silly tarball no local data for @discoveryjs/json-ext@https://registry.npmjs.org/@discoveryjs/json-ext/-/json-ext-0.5.7.tgz. Extracting by manifest.
1388 silly tarball no local data for @babel/traverse@https://registry.npmjs.org/@babel/traverse/-/traverse-7.22.5.tgz. Extracting by manifest.
1389 silly tarball no local data for @babel/regjsgen@https://registry.npmjs.org/@babel/regjsgen/-/regjsgen-0.8.0.tgz. Extracting by manifest.
1390 silly tarball no local data for @babel/preset-react@https://registry.npmjs.org/@babel/preset-react/-/preset-react-7.22.5.tgz. Extracting by manifest.
1391 silly tarball no local data for @babel/preset-modules@https://registry.npmjs.org/@babel/preset-modules/-/preset-modules-0.1.5.tgz. Extracting by manifest.
1392 silly tarball no local data for @babel/preset-env@https://registry.npmjs.org/@babel/preset-env/-/preset-env-7.22.5.tgz. Extracting by manifest.
1393 silly tarball no local data for @babel/template@https://registry.npmjs.org/@babel/template/-/template-7.22.5.tgz. Extracting by manifest.
1394 silly tarball no local data for @babel/plugin-transform-unicode-sets-regex@https://registry.npmjs.org/@babel/plugin-transform-unicode-sets-regex/-/plugin-transform-unicode-sets-regex-7.22.5.tgz. Extracting by manifest.
1395 silly tarball no local data for @babel/plugin-transform-unicode-property-regex@https://registry.npmjs.org/@babel/plugin-transform-unicode-property-regex/-/plugin-transform-unicode-property-regex-7.22.5.tgz. Extracting by manifest.
1396 silly tarball no local data for @babel/plugin-transform-unicode-escapes@https://registry.npmjs.org/@babel/plugin-transform-unicode-escapes/-/plugin-transform-unicode-escapes-7.22.5.tgz. Extracting by manifest.
1397 silly tarball no local data for @babel/plugin-transform-sticky-regex@https://registry.npmjs.org/@babel/plugin-transform-sticky-regex/-/plugin-transform-sticky-regex-7.22.5.tgz. Extracting by manifest.
1398 silly tarball no local data for @babel/plugin-transform-unicode-regex@https://registry.npmjs.org/@babel/plugin-transform-unicode-regex/-/plugin-transform-unicode-regex-7.22.5.tgz. Extracting by manifest.
1399 silly tarball no local data for @babel/plugin-transform-typeof-symbol@https://registry.npmjs.org/@babel/plugin-transform-typeof-symbol/-/plugin-transform-typeof-symbol-7.22.5.tgz. Extracting by manifest.
1400 silly tarball no local data for @babel/plugin-transform-template-literals@https://registry.npmjs.org/@babel/plugin-transform-template-literals/-/plugin-transform-template-literals-7.22.5.tgz. Extracting by manifest.
1401 silly tarball no local data for @babel/plugin-transform-spread@https://registry.npmjs.org/@babel/plugin-transform-spread/-/plugin-transform-spread-7.22.5.tgz. Extracting by manifest.
1402 silly tarball no local data for @babel/runtime@https://registry.npmjs.org/@babel/runtime/-/runtime-7.22.5.tgz. Extracting by manifest.
1403 silly tarball no local data for @babel/plugin-transform-shorthand-properties@https://registry.npmjs.org/@babel/plugin-transform-shorthand-properties/-/plugin-transform-shorthand-properties-7.22.5.tgz. Extracting by manifest.
1404 silly tarball no local data for @babel/plugin-transform-runtime@https://registry.npmjs.org/@babel/plugin-transform-runtime/-/plugin-transform-runtime-7.22.5.tgz. Extracting by manifest.
1405 silly tarball no local data for @babel/plugin-transform-regenerator@https://registry.npmjs.org/@babel/plugin-transform-regenerator/-/plugin-transform-regenerator-7.22.5.tgz. Extracting by manifest.
1406 silly tarball no local data for @babel/plugin-transform-react-pure-annotations@https://registry.npmjs.org/@babel/plugin-transform-react-pure-annotations/-/plugin-transform-react-pure-annotations-7.22.5.tgz. Extracting by manifest.
1407 silly tarball no local data for @babel/plugin-transform-reserved-words@https://registry.npmjs.org/@babel/plugin-transform-reserved-words/-/plugin-transform-reserved-words-7.22.5.tgz. Extracting by manifest.
1408 silly tarball no local data for @babel/plugin-transform-react-jsx@https://registry.npmjs.org/@babel/plugin-transform-react-jsx/-/plugin-transform-react-jsx-7.22.5.tgz. Extracting by manifest.
1409 silly tarball no local data for @babel/plugin-transform-react-display-name@https://registry.npmjs.org/@babel/plugin-transform-react-display-name/-/plugin-transform-react-display-name-7.22.5.tgz. Extracting by manifest.
1410 silly tarball no local data for @babel/plugin-transform-react-jsx-development@https://registry.npmjs.org/@babel/plugin-transform-react-jsx-development/-/plugin-transform-react-jsx-development-7.22.5.tgz. Extracting by manifest.
1411 silly tarball no local data for @babel/plugin-transform-property-literals@https://registry.npmjs.org/@babel/plugin-transform-property-literals/-/plugin-transform-property-literals-7.22.5.tgz. Extracting by manifest.
1412 silly tarball no local data for @babel/plugin-transform-private-property-in-object@https://registry.npmjs.org/@babel/plugin-transform-private-property-in-object/-/plugin-transform-private-property-in-object-7.22.5.tgz. Extracting by manifest.
1413 silly tarball no local data for @babel/plugin-transform-private-methods@https://registry.npmjs.org/@babel/plugin-transform-private-methods/-/plugin-transform-private-methods-7.22.5.tgz. Extracting by manifest.
1414 silly tarball no local data for @babel/plugin-transform-parameters@https://registry.npmjs.org/@babel/plugin-transform-parameters/-/plugin-transform-parameters-7.22.5.tgz. Extracting by manifest.
1415 silly tarball no local data for @babel/plugin-transform-optional-chaining@https://registry.npmjs.org/@babel/plugin-transform-optional-chaining/-/plugin-transform-optional-chaining-7.22.5.tgz. Extracting by manifest.
1416 silly tarball no local data for @babel/plugin-transform-optional-catch-binding@https://registry.npmjs.org/@babel/plugin-transform-optional-catch-binding/-/plugin-transform-optional-catch-binding-7.22.5.tgz. Extracting by manifest.
1417 silly tarball no local data for @babel/plugin-transform-object-super@https://registry.npmjs.org/@babel/plugin-transform-object-super/-/plugin-transform-object-super-7.22.5.tgz. Extracting by manifest.
1418 silly tarball no local data for @babel/plugin-transform-object-rest-spread@https://registry.npmjs.org/@babel/plugin-transform-object-rest-spread/-/plugin-transform-object-rest-spread-7.22.5.tgz. Extracting by manifest.
1419 silly tarball no local data for @babel/plugin-transform-nullish-coalescing-operator@https://registry.npmjs.org/@babel/plugin-transform-nullish-coalescing-operator/-/plugin-transform-nullish-coalescing-operator-7.22.5.tgz. Extracting by manifest.
1420 silly tarball no local data for @babel/plugin-transform-named-capturing-groups-regex@https://registry.npmjs.org/@babel/plugin-transform-named-capturing-groups-regex/-/plugin-transform-named-capturing-groups-regex-7.22.5.tgz. Extracting by manifest.
1421 silly tarball no local data for @babel/plugin-transform-numeric-separator@https://registry.npmjs.org/@babel/plugin-transform-numeric-separator/-/plugin-transform-numeric-separator-7.22.5.tgz. Extracting by manifest.
1422 silly tarball no local data for @babel/plugin-transform-modules-umd@https://registry.npmjs.org/@babel/plugin-transform-modules-umd/-/plugin-transform-modules-umd-7.22.5.tgz. Extracting by manifest.
1423 silly tarball no local data for @babel/plugin-transform-modules-commonjs@https://registry.npmjs.org/@babel/plugin-transform-modules-commonjs/-/plugin-transform-modules-commonjs-7.22.5.tgz. Extracting by manifest.
1424 silly tarball no local data for @babel/plugin-transform-modules-amd@https://registry.npmjs.org/@babel/plugin-transform-modules-amd/-/plugin-transform-modules-amd-7.22.5.tgz. Extracting by manifest.
1425 silly tarball no local data for @babel/plugin-transform-modules-systemjs@https://registry.npmjs.org/@babel/plugin-transform-modules-systemjs/-/plugin-transform-modules-systemjs-7.22.5.tgz. Extracting by manifest.
1426 silly tarball no local data for @babel/plugin-transform-new-target@https://registry.npmjs.org/@babel/plugin-transform-new-target/-/plugin-transform-new-target-7.22.5.tgz. Extracting by manifest.
1427 silly tarball no local data for @babel/plugin-transform-member-expression-literals@https://registry.npmjs.org/@babel/plugin-transform-member-expression-literals/-/plugin-transform-member-expression-literals-7.22.5.tgz. Extracting by manifest.
1428 silly tarball no local data for @babel/plugin-transform-logical-assignment-operators@https://registry.npmjs.org/@babel/plugin-transform-logical-assignment-operators/-/plugin-transform-logical-assignment-operators-7.22.5.tgz. Extracting by manifest.
1429 silly tarball no local data for @babel/plugin-transform-json-strings@https://registry.npmjs.org/@babel/plugin-transform-json-strings/-/plugin-transform-json-strings-7.22.5.tgz. Extracting by manifest.
1430 silly tarball no local data for @babel/plugin-transform-function-name@https://registry.npmjs.org/@babel/plugin-transform-function-name/-/plugin-transform-function-name-7.22.5.tgz. Extracting by manifest.
1431 silly tarball no local data for @babel/plugin-transform-for-of@https://registry.npmjs.org/@babel/plugin-transform-for-of/-/plugin-transform-for-of-7.22.5.tgz. Extracting by manifest.
1432 silly tarball no local data for @babel/plugin-transform-export-namespace-from@https://registry.npmjs.org/@babel/plugin-transform-export-namespace-from/-/plugin-transform-export-namespace-from-7.22.5.tgz. Extracting by manifest.
1433 silly tarball no local data for @babel/plugin-transform-literals@https://registry.npmjs.org/@babel/plugin-transform-literals/-/plugin-transform-literals-7.22.5.tgz. Extracting by manifest.
1434 silly tarball no local data for @babel/plugin-transform-dynamic-import@https://registry.npmjs.org/@babel/plugin-transform-dynamic-import/-/plugin-transform-dynamic-import-7.22.5.tgz. Extracting by manifest.
1435 silly tarball no local data for @babel/plugin-transform-exponentiation-operator@https://registry.npmjs.org/@babel/plugin-transform-exponentiation-operator/-/plugin-transform-exponentiation-operator-7.22.5.tgz. Extracting by manifest.
1436 silly tarball no local data for @babel/plugin-transform-dotall-regex@https://registry.npmjs.org/@babel/plugin-transform-dotall-regex/-/plugin-transform-dotall-regex-7.22.5.tgz. Extracting by manifest.
1437 silly tarball no local data for @babel/plugin-transform-destructuring@https://registry.npmjs.org/@babel/plugin-transform-destructuring/-/plugin-transform-destructuring-7.22.5.tgz. Extracting by manifest.
1438 silly tarball no local data for @babel/plugin-transform-computed-properties@https://registry.npmjs.org/@babel/plugin-transform-computed-properties/-/plugin-transform-computed-properties-7.22.5.tgz. Extracting by manifest.
1439 silly tarball no local data for @babel/plugin-transform-duplicate-keys@https://registry.npmjs.org/@babel/plugin-transform-duplicate-keys/-/plugin-transform-duplicate-keys-7.22.5.tgz. Extracting by manifest.
1440 silly tarball no local data for @babel/plugin-transform-classes@https://registry.npmjs.org/@babel/plugin-transform-classes/-/plugin-transform-classes-7.22.5.tgz. Extracting by manifest.
1441 silly tarball no local data for @babel/plugin-transform-class-static-block@https://registry.npmjs.org/@babel/plugin-transform-class-static-block/-/plugin-transform-class-static-block-7.22.5.tgz. Extracting by manifest.
1442 silly tarball no local data for @babel/plugin-transform-block-scoping@https://registry.npmjs.org/@babel/plugin-transform-block-scoping/-/plugin-transform-block-scoping-7.22.5.tgz. Extracting by manifest.
1443 silly tarball no local data for @babel/plugin-transform-block-scoped-functions@https://registry.npmjs.org/@babel/plugin-transform-block-scoped-functions/-/plugin-transform-block-scoped-functions-7.22.5.tgz. Extracting by manifest.
1444 silly tarball no local data for @babel/plugin-transform-async-generator-functions@https://registry.npmjs.org/@babel/plugin-transform-async-generator-functions/-/plugin-transform-async-generator-functions-7.22.5.tgz. Extracting by manifest.
1445 silly tarball no local data for @babel/plugin-syntax-unicode-sets-regex@https://registry.npmjs.org/@babel/plugin-syntax-unicode-sets-regex/-/plugin-syntax-unicode-sets-regex-7.18.6.tgz. Extracting by manifest.
1446 silly tarball no local data for @babel/plugin-transform-class-properties@https://registry.npmjs.org/@babel/plugin-transform-class-properties/-/plugin-transform-class-properties-7.22.5.tgz. Extracting by manifest.
1447 silly tarball no local data for @babel/plugin-transform-arrow-functions@https://registry.npmjs.org/@babel/plugin-transform-arrow-functions/-/plugin-transform-arrow-functions-7.22.5.tgz. Extracting by manifest.
1448 silly tarball no local data for @babel/plugin-syntax-private-property-in-object@https://registry.npmjs.org/@babel/plugin-syntax-private-property-in-object/-/plugin-syntax-private-property-in-object-7.14.5.tgz. Extracting by manifest.
1449 silly tarball no local data for @babel/plugin-syntax-optional-chaining@https://registry.npmjs.org/@babel/plugin-syntax-optional-chaining/-/plugin-syntax-optional-chaining-7.8.3.tgz. Extracting by manifest.
1450 silly tarball no local data for @babel/plugin-syntax-optional-catch-binding@https://registry.npmjs.org/@babel/plugin-syntax-optional-catch-binding/-/plugin-syntax-optional-catch-binding-7.8.3.tgz. Extracting by manifest.
1451 silly tarball no local data for @babel/plugin-syntax-numeric-separator@https://registry.npmjs.org/@babel/plugin-syntax-numeric-separator/-/plugin-syntax-numeric-separator-7.10.4.tgz. Extracting by manifest.
1452 silly tarball no local data for @babel/plugin-syntax-object-rest-spread@https://registry.npmjs.org/@babel/plugin-syntax-object-rest-spread/-/plugin-syntax-object-rest-spread-7.8.3.tgz. Extracting by manifest.
1453 silly tarball no local data for @babel/plugin-syntax-nullish-coalescing-operator@https://registry.npmjs.org/@babel/plugin-syntax-nullish-coalescing-operator/-/plugin-syntax-nullish-coalescing-operator-7.8.3.tgz. Extracting by manifest.
1454 silly tarball no local data for @babel/plugin-syntax-logical-assignment-operators@https://registry.npmjs.org/@babel/plugin-syntax-logical-assignment-operators/-/plugin-syntax-logical-assignment-operators-7.10.4.tgz. Extracting by manifest.
1455 silly tarball no local data for @babel/plugin-transform-async-to-generator@https://registry.npmjs.org/@babel/plugin-transform-async-to-generator/-/plugin-transform-async-to-generator-7.22.5.tgz. Extracting by manifest.
1456 silly tarball no local data for @babel/plugin-syntax-jsx@https://registry.npmjs.org/@babel/plugin-syntax-jsx/-/plugin-syntax-jsx-7.22.5.tgz. Extracting by manifest.
1457 silly tarball no local data for @babel/plugin-syntax-top-level-await@https://registry.npmjs.org/@babel/plugin-syntax-top-level-await/-/plugin-syntax-top-level-await-7.14.5.tgz. Extracting by manifest.
1458 silly tarball no local data for @babel/plugin-syntax-import-meta@https://registry.npmjs.org/@babel/plugin-syntax-import-meta/-/plugin-syntax-import-meta-7.10.4.tgz. Extracting by manifest.
1459 silly tarball no local data for @babel/plugin-syntax-dynamic-import@https://registry.npmjs.org/@babel/plugin-syntax-dynamic-import/-/plugin-syntax-dynamic-import-7.8.3.tgz. Extracting by manifest.
1460 silly tarball no local data for @babel/plugin-syntax-import-assertions@https://registry.npmjs.org/@babel/plugin-syntax-import-assertions/-/plugin-syntax-import-assertions-7.22.5.tgz. Extracting by manifest.
1461 silly tarball no local data for @babel/plugin-syntax-import-attributes@https://registry.npmjs.org/@babel/plugin-syntax-import-attributes/-/plugin-syntax-import-attributes-7.22.5.tgz. Extracting by manifest.
1462 silly tarball no local data for @babel/plugin-syntax-export-namespace-from@https://registry.npmjs.org/@babel/plugin-syntax-export-namespace-from/-/plugin-syntax-export-namespace-from-7.8.3.tgz. Extracting by manifest.
1463 silly tarball no local data for @babel/plugin-syntax-class-static-block@https://registry.npmjs.org/@babel/plugin-syntax-class-static-block/-/plugin-syntax-class-static-block-7.14.5.tgz. Extracting by manifest.
1464 silly tarball no local data for @babel/plugin-syntax-json-strings@https://registry.npmjs.org/@babel/plugin-syntax-json-strings/-/plugin-syntax-json-strings-7.8.3.tgz. Extracting by manifest.
1465 silly tarball no local data for @babel/plugin-syntax-class-properties@https://registry.npmjs.org/@babel/plugin-syntax-class-properties/-/plugin-syntax-class-properties-7.12.13.tgz. Extracting by manifest.
1466 silly tarball no local data for @babel/plugin-syntax-async-generators@https://registry.npmjs.org/@babel/plugin-syntax-async-generators/-/plugin-syntax-async-generators-7.8.4.tgz. Extracting by manifest.
1467 silly tarball no local data for @babel/plugin-proposal-unicode-property-regex@https://registry.npmjs.org/@babel/plugin-proposal-unicode-property-regex/-/plugin-proposal-unicode-property-regex-7.18.6.tgz. Extracting by manifest.
1468 silly tarball no local data for @babel/plugin-bugfix-v8-spread-parameters-in-optional-chaining@https://registry.npmjs.org/@babel/plugin-bugfix-v8-spread-parameters-in-optional-chaining/-/plugin-bugfix-v8-spread-parameters-in-optional-chaining-7.22.5.tgz. Extracting by manifest.
1469 silly tarball no local data for @babel/highlight@https://registry.npmjs.org/@babel/highlight/-/highlight-7.22.5.tgz. Extracting by manifest.
1470 silly tarball no local data for @babel/parser@https://registry.npmjs.org/@babel/parser/-/parser-7.22.5.tgz. Extracting by manifest.
1471 silly tarball no local data for @babel/helper-wrap-function@https://registry.npmjs.org/@babel/helper-wrap-function/-/helper-wrap-function-7.22.5.tgz. Extracting by manifest.
1472 silly tarball no local data for @babel/helper-validator-identifier@https://registry.npmjs.org/@babel/helper-validator-identifier/-/helper-validator-identifier-7.22.5.tgz. Extracting by manifest.
1473 silly tarball no local data for @babel/plugin-bugfix-safari-id-destructuring-collision-in-function-expression@https://registry.npmjs.org/@babel/plugin-bugfix-safari-id-destructuring-collision-in-function-expression/-/plugin-bugfix-safari-id-destructuring-collision-in-function-expression-7.22.5.tgz. Extracting by manifest.
1474 silly tarball no local data for @babel/helper-validator-option@https://registry.npmjs.org/@babel/helper-validator-option/-/helper-validator-option-7.22.5.tgz. Extracting by manifest.
1475 silly tarball no local data for @babel/plugin-proposal-private-property-in-object@https://registry.npmjs.org/@babel/plugin-proposal-private-property-in-object/-/plugin-proposal-private-property-in-object-7.21.0-placeholder-for-preset-env.2.tgz. Extracting by manifest.
1476 silly tarball no local data for @babel/helpers@https://registry.npmjs.org/@babel/helpers/-/helpers-7.22.5.tgz. Extracting by manifest.
1477 silly tarball no local data for @babel/helper-split-export-declaration@https://registry.npmjs.org/@babel/helper-split-export-declaration/-/helper-split-export-declaration-7.22.5.tgz. Extracting by manifest.
1478 silly tarball no local data for @babel/helper-skip-transparent-expression-wrappers@https://registry.npmjs.org/@babel/helper-skip-transparent-expression-wrappers/-/helper-skip-transparent-expression-wrappers-7.22.5.tgz. Extracting by manifest.
1479 silly tarball no local data for @babel/helper-simple-access@https://registry.npmjs.org/@babel/helper-simple-access/-/helper-simple-access-7.22.5.tgz. Extracting by manifest.
1480 silly tarball no local data for @babel/helper-string-parser@https://registry.npmjs.org/@babel/helper-string-parser/-/helper-string-parser-7.22.5.tgz. Extracting by manifest.
1481 silly tarball no local data for @babel/helper-replace-supers@https://registry.npmjs.org/@babel/helper-replace-supers/-/helper-replace-supers-7.22.5.tgz. Extracting by manifest.
1482 silly tarball no local data for @babel/helper-remap-async-to-generator@https://registry.npmjs.org/@babel/helper-remap-async-to-generator/-/helper-remap-async-to-generator-7.22.5.tgz. Extracting by manifest.
1483 silly tarball no local data for @babel/helper-optimise-call-expression@https://registry.npmjs.org/@babel/helper-optimise-call-expression/-/helper-optimise-call-expression-7.22.5.tgz. Extracting by manifest.
1484 silly tarball no local data for @babel/helper-module-transforms@https://registry.npmjs.org/@babel/helper-module-transforms/-/helper-module-transforms-7.22.5.tgz. Extracting by manifest.
1485 silly tarball no local data for @babel/helper-member-expression-to-functions@https://registry.npmjs.org/@babel/helper-member-expression-to-functions/-/helper-member-expression-to-functions-7.22.5.tgz. Extracting by manifest.
1486 silly tarball no local data for @babel/helper-plugin-utils@https://registry.npmjs.org/@babel/helper-plugin-utils/-/helper-plugin-utils-7.22.5.tgz. Extracting by manifest.
1487 silly tarball no local data for @babel/helper-module-imports@https://registry.npmjs.org/@babel/helper-module-imports/-/helper-module-imports-7.22.5.tgz. Extracting by manifest.
1488 silly tarball no local data for @babel/helper-hoist-variables@https://registry.npmjs.org/@babel/helper-hoist-variables/-/helper-hoist-variables-7.22.5.tgz. Extracting by manifest.
1489 silly tarball no local data for @babel/helper-function-name@https://registry.npmjs.org/@babel/helper-function-name/-/helper-function-name-7.22.5.tgz. Extracting by manifest.
1490 silly tarball no local data for @babel/helper-define-polyfill-provider@https://registry.npmjs.org/@babel/helper-define-polyfill-provider/-/helper-define-polyfill-provider-0.4.0.tgz. Extracting by manifest.
1491 silly tarball no local data for @babel/helper-create-regexp-features-plugin@https://registry.npmjs.org/@babel/helper-create-regexp-features-plugin/-/helper-create-regexp-features-plugin-7.22.5.tgz. Extracting by manifest.
1492 silly tarball no local data for @babel/helper-create-class-features-plugin@https://registry.npmjs.org/@babel/helper-create-class-features-plugin/-/helper-create-class-features-plugin-7.22.5.tgz. Extracting by manifest.
1493 silly tarball no local data for @babel/helper-compilation-targets@https://registry.npmjs.org/@babel/helper-compilation-targets/-/helper-compilation-targets-7.22.5.tgz. Extracting by manifest.
1494 silly tarball no local data for @babel/generator@https://registry.npmjs.org/@babel/generator/-/generator-7.22.5.tgz. Extracting by manifest.
1495 silly tarball no local data for @babel/core@https://registry.npmjs.org/@babel/core/-/core-7.22.5.tgz. Extracting by manifest.
1496 silly tarball no local data for @babel/helper-builder-binary-assignment-operator-visitor@https://registry.npmjs.org/@babel/helper-builder-binary-assignment-operator-visitor/-/helper-builder-binary-assignment-operator-visitor-7.22.5.tgz. Extracting by manifest.
1497 silly tarball no local data for @babel/helper-environment-visitor@https://registry.npmjs.org/@babel/helper-environment-visitor/-/helper-environment-visitor-7.22.5.tgz. Extracting by manifest.
1498 silly tarball no local data for @babel/code-frame@https://registry.npmjs.org/@babel/code-frame/-/code-frame-7.22.5.tgz. Extracting by manifest.
1499 silly tarball no local data for @babel/compat-data@https://registry.npmjs.org/@babel/compat-data/-/compat-data-7.22.5.tgz. Extracting by manifest.
1500 silly tarball no local data for locate-path@https://registry.npmjs.org/locate-path/-/locate-path-3.0.0.tgz. Extracting by manifest.
1501 silly tarball no local data for csstype@https://registry.npmjs.org/csstype/-/csstype-3.2.3.tgz. Extracting by manifest.
1502 silly tarball no local data for p-locate@https://registry.npmjs.org/p-locate/-/p-locate-3.0.0.tgz. Extracting by manifest.
1503 silly tarball no local data for @babel/helper-annotate-as-pure@https://registry.npmjs.org/@babel/helper-annotate-as-pure/-/helper-annotate-as-pure-7.22.5.tgz. Extracting by manifest.
1504 silly tarball no local data for @ampproject/remapping@https://registry.npmjs.org/@ampproject/remapping/-/remapping-2.2.1.tgz. Extracting by manifest.
1505 silly tarball no local data for path-exists@https://registry.npmjs.org/path-exists/-/path-exists-3.0.0.tgz. Extracting by manifest.
1506 silly tarball no local data for ansi-regex@https://registry.npmjs.org/ansi-regex/-/ansi-regex-4.1.1.tgz. Extracting by manifest.
1507 silly tarball no local data for strip-ansi@https://registry.npmjs.org/strip-ansi/-/strip-ansi-5.2.0.tgz. Extracting by manifest.
1508 silly tarball no local data for supports-color@https://registry.npmjs.org/supports-color/-/supports-color-6.1.0.tgz. Extracting by manifest.
1509 silly tarball no local data for resolve-from@https://registry.npmjs.org/resolve-from/-/resolve-from-3.0.0.tgz. Extracting by manifest.
1510 silly tarball no local data for pkg-dir@https://registry.npmjs.org/pkg-dir/-/pkg-dir-3.0.0.tgz. Extracting by manifest.
1511 silly tarball no local data for uuid@https://registry.npmjs.org/uuid/-/uuid-3.4.0.tgz. Extracting by manifest.
1512 silly tarball no local data for resolve-cwd@https://registry.npmjs.org/resolve-cwd/-/resolve-cwd-2.0.0.tgz. Extracting by manifest.
1513 silly tarball no local data for find-up@https://registry.npmjs.org/find-up/-/find-up-3.0.0.tgz. Extracting by manifest.
1514 silly tarball no local data for path-exists@https://registry.npmjs.org/path-exists/-/path-exists-3.0.0.tgz. Extracting by manifest.
1515 silly tarball no local data for import-local@https://registry.npmjs.org/import-local/-/import-local-2.0.0.tgz. Extracting by manifest.
1516 silly tarball no local data for p-locate@https://registry.npmjs.org/p-locate/-/p-locate-3.0.0.tgz. Extracting by manifest.
1517 silly tarball no local data for find-up@https://registry.npmjs.org/find-up/-/find-up-3.0.0.tgz. Extracting by manifest.
1518 silly tarball no local data for tapable@https://registry.npmjs.org/tapable/-/tapable-2.2.1.tgz. Extracting by manifest.
1519 silly tarball no local data for locate-path@https://registry.npmjs.org/locate-path/-/locate-path-3.0.0.tgz. Extracting by manifest.
1520 silly tarball no local data for schema-utils@https://registry.npmjs.org/schema-utils/-/schema-utils-1.0.0.tgz. Extracting by manifest.
1521 silly tarball no local data for commander@https://registry.npmjs.org/commander/-/commander-7.2.0.tgz. Extracting by manifest.
1522 silly tarball no local data for schema-utils@https://registry.npmjs.org/schema-utils/-/schema-utils-3.3.0.tgz. Extracting by manifest.
1523 silly tarball no local data for mime@https://registry.npmjs.org/mime/-/mime-2.6.0.tgz. Extracting by manifest.
1524 silly tarball no local data for isarray@https://registry.npmjs.org/isarray/-/isarray-1.0.0.tgz. Extracting by manifest.
1525 silly tarball no local data for punycode@https://registry.npmjs.org/punycode/-/punycode-1.4.1.tgz. Extracting by manifest.
1526 silly tarball no local data for has-values@https://registry.npmjs.org/has-values/-/has-values-0.1.4.tgz. Extracting by manifest.
1527 silly tarball no local data for isobject@https://registry.npmjs.org/isobject/-/isobject-2.1.0.tgz. Extracting by manifest.
1528 silly tarball no local data for extend-shallow@https://registry.npmjs.org/extend-shallow/-/extend-shallow-3.0.2.tgz. Extracting by manifest.
1529 silly tarball no local data for is-extendable@https://registry.npmjs.org/is-extendable/-/is-extendable-1.0.1.tgz. Extracting by manifest.
1530 silly tarball no local data for terser@https://registry.npmjs.org/terser/-/terser-5.18.2.tgz. Extracting by manifest.
1531 silly tarball no local data for schema-utils@https://registry.npmjs.org/schema-utils/-/schema-utils-3.3.0.tgz. Extracting by manifest.
1532 silly tarball no local data for commander@https://registry.npmjs.org/commander/-/commander-2.20.3.tgz. Extracting by manifest.
1533 silly tarball no local data for commander@https://registry.npmjs.org/commander/-/commander-2.20.3.tgz. Extracting by manifest.
1534 silly tarball no local data for has-value@https://registry.npmjs.org/has-value/-/has-value-0.3.1.tgz. Extracting by manifest.
1535 silly tarball no local data for schema-utils@https://registry.npmjs.org/schema-utils/-/schema-utils-3.3.0.tgz. Extracting by manifest.
1536 silly tarball no local data for strip-ansi@https://registry.npmjs.org/strip-ansi/-/strip-ansi-5.2.0.tgz. Extracting by manifest.
1537 silly tarball no local data for safe-buffer@https://registry.npmjs.org/safe-buffer/-/safe-buffer-5.1.2.tgz. Extracting by manifest.
1538 silly tarball no local data for is-descriptor@https://registry.npmjs.org/is-descriptor/-/is-descriptor-0.1.6.tgz. Extracting by manifest.
1539 silly tarball no local data for kind-of@https://registry.npmjs.org/kind-of/-/kind-of-5.1.0.tgz. Extracting by manifest.
1540 silly tarball no local data for is-data-descriptor@https://registry.npmjs.org/is-data-descriptor/-/is-data-descriptor-0.1.4.tgz. Extracting by manifest.
1541 silly tarball no local data for is-accessor-descriptor@https://registry.npmjs.org/is-accessor-descriptor/-/is-accessor-descriptor-0.1.6.tgz. Extracting by manifest.
1542 silly tarball no local data for is-extendable@https://registry.npmjs.org/is-extendable/-/is-extendable-1.0.1.tgz. Extracting by manifest.
1543 silly tarball no local data for ansi-regex@https://registry.npmjs.org/ansi-regex/-/ansi-regex-4.1.1.tgz. Extracting by manifest.
1544 silly tarball no local data for extend-shallow@https://registry.npmjs.org/extend-shallow/-/extend-shallow-3.0.2.tgz. Extracting by manifest.
1545 silly tarball no local data for define-property@https://registry.npmjs.org/define-property/-/define-property-0.2.5.tgz. Extracting by manifest.
1546 silly tarball no local data for readable-stream@https://registry.npmjs.org/readable-stream/-/readable-stream-3.6.2.tgz. Extracting by manifest.
1547 silly tarball no local data for debug@https://registry.npmjs.org/debug/-/debug-3.2.7.tgz. Extracting by manifest.
1548 silly tarball no local data for define-property@https://registry.npmjs.org/define-property/-/define-property-1.0.0.tgz. Extracting by manifest.
1549 silly tarball no local data for ms@https://registry.npmjs.org/ms/-/ms-2.0.0.tgz. Extracting by manifest.
1550 silly tarball no local data for source-map@https://registry.npmjs.org/source-map/-/source-map-0.5.7.tgz. Extracting by manifest.
1551 silly tarball no local data for is-descriptor@https://registry.npmjs.org/is-descriptor/-/is-descriptor-0.1.6.tgz. Extracting by manifest.
1552 silly tarball no local data for is-data-descriptor@https://registry.npmjs.org/is-data-descriptor/-/is-data-descriptor-0.1.4.tgz. Extracting by manifest.
1553 silly tarball no local data for is-accessor-descriptor@https://registry.npmjs.org/is-accessor-descriptor/-/is-accessor-descriptor-0.1.6.tgz. Extracting by manifest.
1554 silly tarball no local data for define-property@https://registry.npmjs.org/define-property/-/define-property-0.2.5.tgz. Extracting by manifest.
1555 silly tarball no local data for debug@https://registry.npmjs.org/debug/-/debug-2.6.9.tgz. Extracting by manifest.
1556 silly tarball no local data for kind-of@https://registry.npmjs.org/kind-of/-/kind-of-6.0.3.tgz. Extracting by manifest.
1557 silly tarball no local data for statuses@https://registry.npmjs.org/statuses/-/statuses-1.5.0.tgz. Extracting by manifest.
1558 silly tarball no local data for ms@https://registry.npmjs.org/ms/-/ms-2.0.0.tgz. Extracting by manifest.
1559 silly tarball no local data for setprototypeof@https://registry.npmjs.org/setprototypeof/-/setprototypeof-1.1.0.tgz. Extracting by manifest.
1560 silly tarball no local data for inherits@https://registry.npmjs.org/inherits/-/inherits-2.0.3.tgz. Extracting by manifest.
1561 silly tarball no local data for debug@https://registry.npmjs.org/debug/-/debug-2.6.9.tgz. Extracting by manifest.
1562 silly tarball no local data for http-errors@https://registry.npmjs.org/http-errors/-/http-errors-1.6.3.tgz. Extracting by manifest.
1563 silly tarball no local data for depd@https://registry.npmjs.org/depd/-/depd-1.1.2.tgz. Extracting by manifest.
1564 silly tarball no local data for ms@https://registry.npmjs.org/ms/-/ms-2.1.3.tgz. Extracting by manifest.
1565 silly tarball no local data for debug@https://registry.npmjs.org/debug/-/debug-2.6.9.tgz. Extracting by manifest.
1566 silly tarball no local data for ms@https://registry.npmjs.org/ms/-/ms-2.0.0.tgz. Extracting by manifest.
1567 silly tarball no local data for kind-of@https://registry.npmjs.org/kind-of/-/kind-of-5.1.0.tgz. Extracting by manifest.
1568 silly tarball no local data for isarray@https://registry.npmjs.org/isarray/-/isarray-2.0.5.tgz. Extracting by manifest.
1569 silly tarball no local data for jsesc@https://registry.npmjs.org/jsesc/-/jsesc-0.5.0.tgz. Extracting by manifest.
1570 silly tarball no local data for safe-buffer@https://registry.npmjs.org/safe-buffer/-/safe-buffer-5.1.2.tgz. Extracting by manifest.
1571 silly tarball no local data for react-is@https://registry.npmjs.org/react-is/-/react-is-16.13.1.tgz. Extracting by manifest.
1572 silly tarball no local data for bytes@https://registry.npmjs.org/bytes/-/bytes-3.1.2.tgz. Extracting by manifest.
1573 silly tarball no local data for isarray@https://registry.npmjs.org/isarray/-/isarray-1.0.0.tgz. Extracting by manifest.
1574 silly tarball no local data for react-is@https://registry.npmjs.org/react-is/-/react-is-16.13.1.tgz. Extracting by manifest.
1575 silly tarball no local data for debug@https://registry.npmjs.org/debug/-/debug-3.2.7.tgz. Extracting by manifest.
1576 silly tarball no local data for extend-shallow@https://registry.npmjs.org/extend-shallow/-/extend-shallow-3.0.2.tgz. Extracting by manifest.
1577 silly tarball no local data for is-descriptor@https://registry.npmjs.org/is-descriptor/-/is-descriptor-0.1.6.tgz. Extracting by manifest.
1578 silly tarball no local data for kind-of@https://registry.npmjs.org/kind-of/-/kind-of-5.1.0.tgz. Extracting by manifest.
1579 silly tarball no local data for is-data-descriptor@https://registry.npmjs.org/is-data-descriptor/-/is-data-descriptor-0.1.4.tgz. Extracting by manifest.
1580 silly tarball no local data for is-accessor-descriptor@https://registry.npmjs.org/is-accessor-descriptor/-/is-accessor-descriptor-0.1.6.tgz. Extracting by manifest.
1581 silly tarball no local data for define-property@https://registry.npmjs.org/define-property/-/define-property-0.2.5.tgz. Extracting by manifest.
1582 silly tarball no local data for kind-of@https://registry.npmjs.org/kind-of/-/kind-of-6.0.3.tgz. Extracting by manifest.
1583 silly tarball no local data for path-key@https://registry.npmjs.org/path-key/-/path-key-2.0.1.tgz. Extracting by manifest.
1584 silly tarball no local data for is-extendable@https://registry.npmjs.org/is-extendable/-/is-extendable-1.0.1.tgz. Extracting by manifest.
1585 silly tarball no local data for extend-shallow@https://registry.npmjs.org/extend-shallow/-/extend-shallow-3.0.2.tgz. Extracting by manifest.
1586 silly tarball no local data for kind-of@https://registry.npmjs.org/kind-of/-/kind-of-6.0.3.tgz. Extracting by manifest.
1587 silly tarball no local data for is-extendable@https://registry.npmjs.org/is-extendable/-/is-extendable-1.0.1.tgz. Extracting by manifest.
1588 silly tarball no local data for is-extendable@https://registry.npmjs.org/is-extendable/-/is-extendable-1.0.1.tgz. Extracting by manifest.
1589 silly tarball no local data for extend-shallow@https://registry.npmjs.org/extend-shallow/-/extend-shallow-3.0.2.tgz. Extracting by manifest.
1590 silly tarball no local data for csstype@https://registry.npmjs.org/csstype/-/csstype-3.1.2.tgz. Extracting by manifest.
1591 silly tarball no local data for supports-color@https://registry.npmjs.org/supports-color/-/supports-color-8.1.1.tgz. Extracting by manifest.
1592 silly tarball no local data for kind-of@https://registry.npmjs.org/kind-of/-/kind-of-6.0.3.tgz. Extracting by manifest.
1593 silly tarball no local data for has-flag@https://registry.npmjs.org/has-flag/-/has-flag-4.0.0.tgz. Extracting by manifest.
1594 silly tarball no local data for kind-of@https://registry.npmjs.org/kind-of/-/kind-of-6.0.3.tgz. Extracting by manifest.
1595 silly tarball no local data for kind-of@https://registry.npmjs.org/kind-of/-/kind-of-6.0.3.tgz. Extracting by manifest.
1596 silly tarball no local data for loader-utils@https://registry.npmjs.org/loader-utils/-/loader-utils-1.4.2.tgz. Extracting by manifest.
1597 silly tarball no local data for json5@https://registry.npmjs.org/json5/-/json5-1.0.2.tgz. Extracting by manifest.
1598 silly tarball no local data for kind-of@https://registry.npmjs.org/kind-of/-/kind-of-4.0.0.tgz. Extracting by manifest.
1599 silly tarball no local data for react-is@https://registry.npmjs.org/react-is/-/react-is-16.13.1.tgz. Extracting by manifest.
1600 silly tarball no local data for is-glob@https://registry.npmjs.org/is-glob/-/is-glob-3.1.0.tgz. Extracting by manifest.
1601 silly tarball no local data for pify@https://registry.npmjs.org/pify/-/pify-2.3.0.tgz. Extracting by manifest.
1602 silly tarball no local data for ms@https://registry.npmjs.org/ms/-/ms-2.0.0.tgz. Extracting by manifest.
1603 silly tarball no local data for define-property@https://registry.npmjs.org/define-property/-/define-property-1.0.0.tgz. Extracting by manifest.
1604 silly tarball no local data for debug@https://registry.npmjs.org/debug/-/debug-2.6.9.tgz. Extracting by manifest.
1605 silly tarball no local data for path-to-regexp@https://registry.npmjs.org/path-to-regexp/-/path-to-regexp-0.1.7.tgz. Extracting by manifest.
1606 silly tarball no local data for debug@https://registry.npmjs.org/debug/-/debug-2.6.9.tgz. Extracting by manifest.
1607 silly tarball no local data for array-flatten@https://registry.npmjs.org/array-flatten/-/array-flatten-1.1.1.tgz. Extracting by manifest.
1608 silly tarball no local data for ms@https://registry.npmjs.org/ms/-/ms-2.0.0.tgz. Extracting by manifest.
1609 silly tarball no local data for kind-of@https://registry.npmjs.org/kind-of/-/kind-of-5.1.0.tgz. Extracting by manifest.
1610 silly tarball no local data for is-descriptor@https://registry.npmjs.org/is-descriptor/-/is-descriptor-0.1.6.tgz. Extracting by manifest.
1611 silly tarball no local data for is-data-descriptor@https://registry.npmjs.org/is-data-descriptor/-/is-data-descriptor-0.1.4.tgz. Extracting by manifest.
1612 silly tarball no local data for ms@https://registry.npmjs.org/ms/-/ms-2.0.0.tgz. Extracting by manifest.
1613 silly tarball no local data for debug@https://registry.npmjs.org/debug/-/debug-2.6.9.tgz. Extracting by manifest.
1614 silly tarball no local data for define-property@https://registry.npmjs.org/define-property/-/define-property-0.2.5.tgz. Extracting by manifest.
1615 silly tarball no local data for which@https://registry.npmjs.org/which/-/which-1.3.1.tgz. Extracting by manifest.
1616 silly tarball no local data for is-extendable@https://registry.npmjs.org/is-extendable/-/is-extendable-1.0.1.tgz. Extracting by manifest.
1617 silly tarball no local data for shebang-regex@https://registry.npmjs.org/shebang-regex/-/shebang-regex-1.0.0.tgz. Extracting by manifest.
1618 silly tarball no local data for semver@https://registry.npmjs.org/semver/-/semver-5.7.1.tgz. Extracting by manifest.
1619 silly tarball no local data for is-accessor-descriptor@https://registry.npmjs.org/is-accessor-descriptor/-/is-accessor-descriptor-0.1.6.tgz. Extracting by manifest.
1620 silly tarball no local data for path-key@https://registry.npmjs.org/path-key/-/path-key-2.0.1.tgz. Extracting by manifest.
1621 silly tarball no local data for cross-spawn@https://registry.npmjs.org/cross-spawn/-/cross-spawn-6.0.5.tgz. Extracting by manifest.
1622 silly tarball no local data for estraverse@https://registry.npmjs.org/estraverse/-/estraverse-5.3.0.tgz. Extracting by manifest.
1623 silly tarball no local data for tapable@https://registry.npmjs.org/tapable/-/tapable-2.2.1.tgz. Extracting by manifest.
1624 silly tarball no local data for csstype@https://registry.npmjs.org/csstype/-/csstype-3.1.2.tgz. Extracting by manifest.
1625 silly tarball no local data for yallist@https://registry.npmjs.org/yallist/-/yallist-4.0.0.tgz. Extracting by manifest.
1626 silly tarball no local data for semver@https://registry.npmjs.org/semver/-/semver-7.5.3.tgz. Extracting by manifest.
1627 silly tarball no local data for schema-utils@https://registry.npmjs.org/schema-utils/-/schema-utils-3.3.0.tgz. Extracting by manifest.
1628 silly tarball no local data for lru-cache@https://registry.npmjs.org/lru-cache/-/lru-cache-6.0.0.tgz. Extracting by manifest.
1629 silly tarball no local data for safe-buffer@https://registry.npmjs.org/safe-buffer/-/safe-buffer-5.1.2.tgz. Extracting by manifest.
1630 silly tarball no local data for ms@https://registry.npmjs.org/ms/-/ms-2.0.0.tgz. Extracting by manifest.
1631 silly tarball no local data for kind-of@https://registry.npmjs.org/kind-of/-/kind-of-6.0.3.tgz. Extracting by manifest.
1632 silly tarball no local data for strip-ansi@https://registry.npmjs.org/strip-ansi/-/strip-ansi-5.2.0.tgz. Extracting by manifest.
1633 silly tarball no local data for ansi-regex@https://registry.npmjs.org/ansi-regex/-/ansi-regex-4.1.1.tgz. Extracting by manifest.
1634 silly tarball no local data for is-descriptor@https://registry.npmjs.org/is-descriptor/-/is-descriptor-0.1.6.tgz. Extracting by manifest.
1635 silly tarball no local data for kind-of@https://registry.npmjs.org/kind-of/-/kind-of-5.1.0.tgz. Extracting by manifest.
1636 silly tarball no local data for is-data-descriptor@https://registry.npmjs.org/is-data-descriptor/-/is-data-descriptor-0.1.4.tgz. Extracting by manifest.
1637 silly tarball no local data for is-accessor-descriptor@https://registry.npmjs.org/is-accessor-descriptor/-/is-accessor-descriptor-0.1.6.tgz. Extracting by manifest.
1638 silly tarball no local data for debug@https://registry.npmjs.org/debug/-/debug-2.6.9.tgz. Extracting by manifest.
1639 silly tarball no local data for define-property@https://registry.npmjs.org/define-property/-/define-property-0.2.5.tgz. Extracting by manifest.
1640 silly tarball no local data for normalize-path@https://registry.npmjs.org/normalize-path/-/normalize-path-2.1.1.tgz. Extracting by manifest.
1641 silly tarball no local data for anymatch@https://registry.npmjs.org/anymatch/-/anymatch-2.0.0.tgz. Extracting by manifest.
1642 silly tarball no local data for ms@https://registry.npmjs.org/ms/-/ms-2.0.0.tgz. Extracting by manifest.
1643 silly tarball no local data for shebang-command@https://registry.npmjs.org/shebang-command/-/shebang-command-1.2.0.tgz. Extracting by manifest.
1644 silly tarball no local data for debug@https://registry.npmjs.org/debug/-/debug-2.6.9.tgz. Extracting by manifest.
1645 silly tarball no local data for define-property@https://registry.npmjs.org/define-property/-/define-property-1.0.0.tgz. Extracting by manifest.
1646 silly tarball no local data for bytes@https://registry.npmjs.org/bytes/-/bytes-3.1.2.tgz. Extracting by manifest.
1647 silly tarball no local data for source-map@https://registry.npmjs.org/source-map/-/source-map-0.7.4.tgz. Extracting by manifest.
1648 silly tarball no local data for @jridgewell/sourcemap-codec@https://registry.npmjs.org/@jridgewell/sourcemap-codec/-/sourcemap-codec-1.4.14.tgz. Extracting by manifest.
1649 http fetch POST 200 https://registry.npmjs.org/-/npm/v1/security/advisories/bulk 315ms
1650 silly audit report {
1650 silly audit report   '@babel/core': [
1650 silly audit report     {
1650 silly audit report       id: 1123528,
1650 silly audit report       url: 'https://github.com/advisories/GHSA-4x5r-pxfx-6jf8',
1650 silly audit report       title: '@babel/core: Arbitrary File Read via sourceMappingURL Comment',
1650 silly audit report       severity: 'low',
1650 silly audit report       vulnerable_versions: '<=7.29.0',
1650 silly audit report       cwe: [Array],
1650 silly audit report       cvss: [Object]
1650 silly audit report     }
1650 silly audit report   ],
1650 silly audit report   '@babel/helpers': [
1650 silly audit report     {
1650 silly audit report       id: 1104001,
1650 silly audit report       url: 'https://github.com/advisories/GHSA-968p-4wvh-cqc8',
1650 silly audit report       title: 'Babel has inefficient RegExp complexity in generated code with .replace when transpiling named capturing groups',
1650 silly audit report       severity: 'moderate',
1650 silly audit report       vulnerable_versions: '<7.26.10',
1650 silly audit report       cwe: [Array],
1650 silly audit report       cvss: [Object]
1650 silly audit report     }
1650 silly audit report   ],
1650 silly audit report   '@babel/plugin-transform-modules-systemjs': [
1650 silly audit report     {
1650 silly audit report       id: 1120258,
1650 silly audit report       url: 'https://github.com/advisories/GHSA-fv7c-fp4j-7gwp',
1650 silly audit report       title: '@babel/plugin-transform-modules-systemjs generates arbitrary code when compiling malicious input',
1650 silly audit report       severity: 'high',
1650 silly audit report       vulnerable_versions: '>=7.12.0 <=7.29.3',
1650 silly audit report       cwe: [Array],
1650 silly audit report       cvss: [Object]
1650 silly audit report     }
1650 silly audit report   ],
1650 silly audit report   '@babel/runtime': [
1650 silly audit report     {
1650 silly audit report       id: 1104000,
1650 silly audit report       url: 'https://github.com/advisories/GHSA-968p-4wvh-cqc8',
1650 silly audit report       title: 'Babel has inefficient RegExp complexity in generated code with .replace when transpiling named capturing groups',
1650 silly audit report       severity: 'moderate',
1650 silly audit report       vulnerable_versions: '<7.26.10',
1650 silly audit report       cwe: [Array],
1650 silly audit report       cvss: [Object]
1650 silly audit report     }
1650 silly audit report   ],
1650 silly audit report   '@babel/traverse': [
1650 silly audit report     {
1650 silly audit report       id: 1117420,
1650 silly audit report       url: 'https://github.com/advisories/GHSA-67hx-6x53-jw92',
1650 silly audit report       title: 'Babel vulnerable to arbitrary code execution when compiling specifically crafted malicious code',
1650 silly audit report       severity: 'critical',
1650 silly audit report       vulnerable_versions: '<7.23.2',
1650 silly audit report       cwe: [Array],
1650 silly audit report       cvss: [Object]
1650 silly audit report     }
1650 silly audit report   ],
1650 silly audit report   ajv: [
1650 silly audit report     {
1650 silly audit report       id: 1113714,
1650 silly audit report       url: 'https://github.com/advisories/GHSA-2g4f-4pwh-qvx6',
1650 silly audit report       title: 'ajv has ReDoS when using `$data` option',
1650 silly audit report       severity: 'moderate',
1650 silly audit report       vulnerable_versions: '<6.14.0',
1650 silly audit report       cwe: [Array],
1650 silly audit report       cvss: [Object]
1650 silly audit report     }
1650 silly audit report   ],
1650 silly audit report   'body-parser': [
1650 silly audit report     {
1650 silly audit report       id: 1123977,
1650 silly audit report       url: 'https://github.com/advisories/GHSA-v422-hmwv-36x6',
1650 silly audit report       title: 'body-parser vulnerable to denial of service when invalid limit value silently disables size enforcement',
1650 silly audit report       severity: 'low',
1650 silly audit report       vulnerable_versions: '<1.20.6',
1650 silly audit report       cwe: [Array],
1650 silly audit report       cvss: [Object]
1650 silly audit report     },
1650 silly audit report     {
1650 silly audit report       id: 1099520,
1650 silly audit report       url: 'https://github.com/advisories/GHSA-qwcr-r2fm-qrc7',
1650 silly audit report       title: 'body-parser vulnerable to denial of service when url encoding is enabled',
1650 silly audit report       severity: 'high',
1650 silly audit report       vulnerable_versions: '<1.20.3',
1650 silly audit report       cwe: [Array],
1650 silly audit report       cvss: [Object]
1650 silly audit report     }
1650 silly audit report   ],
1650 silly audit report   'brace-expansion': [
1650 silly audit report     {
1650 silly audit report       id: 1105443,
1650 silly audit report       url: 'https://github.com/advisories/GHSA-v6h2-p8h4-qcjw',
1650 silly audit report       title: 'brace-expansion Regular Expression Denial of Service vulnerability',
1650 silly audit report       severity: 'low',
1650 silly audit report       vulnerable_versions: '>=1.0.0 <=1.1.11',
1650 silly audit report       cwe: [Array],
1650 silly audit report       cvss: [Object]
1650 silly audit report     },
1650 silly audit report     {
1650 silly audit report       id: 1130588,
1650 silly audit report       url: 'https://github.com/advisories/GHSA-mh99-v99m-4gvg',
1650 silly audit report       title: 'brace-expansion: DoS via unbounded expansion length causing an out-of-memory process crash',
1650 silly audit report       severity: 'high',
1650 silly audit report       vulnerable_versions: '<1.1.17',
1650 silly audit report       cwe: [Array],
1650 silly audit report       cvss: [Object]
1650 silly audit report     },
1650 silly audit report     {
1650 silly audit report       id: 1130737,
1650 silly audit report       url: 'https://github.com/advisories/GHSA-rgw5-rvv9-x895',
1650 silly audit report       title: 'brace-expansion: DoS via unbounded intermediate arrays, bypassing the CVE-2026-14257 mitigation',
1650 silly audit report       severity: 'high',
1650 silly audit report       vulnerable_versions: '<1.1.18',
1650 silly audit report       cwe: [Array],
1650 silly audit report       cvss: [Object]
1650 silly audit report     },
1650 silly audit report     {
1650 silly audit report       id: 1115540,
1650 silly audit report       url: 'https://github.com/advisories/GHSA-f886-m6hf-6m8v',
1650 silly audit report       title: 'brace-expansion: Zero-step sequence causes process hang and memory exhaustion',
1650 silly audit report       severity: 'moderate',
1650 silly audit report       vulnerable_versions: '<1.1.13',
1650 silly audit report       cwe: [Array],
1650 silly audit report       cvss: [Object]
1650 silly audit report     },
1650 silly audit report     {
1650 silly audit report       id: 1123897,
1650 silly audit report       url: 'https://github.com/advisories/GHSA-3jxr-9vmj-r5cp',
1650 silly audit report       title: 'brace-expansion: DoS via exponential-time expansion of consecutive non-expanding {} groups',
1650 silly audit report       severity: 'high',
1650 silly audit report       vulnerable_versions: '<1.1.16',
1650 silly audit report       cwe: [Array],
1650 silly audit report       cvss: [Object]
1650 silly audit report     }
1650 silly audit report   ],
1650 silly audit report   braces: [
1650 silly audit report     {
1650 silly audit report       id: 1098094,
1650 silly audit report       url: 'https://github.com/advisories/GHSA-grv7-fg5c-xmjg',
1650 silly audit report       title: 'Uncontrolled resource consumption in braces',
1650 silly audit report       severity: 'high',
1650 silly audit report       vulnerable_versions: '<3.0.3',
1650 silly audit report       cwe: [Array],
1650 silly audit report       cvss: [Object]
1650 silly audit report     }
1650 silly audit report   ],
1650 silly audit report   cookie: [
1650 silly audit report     {
1650 silly audit report       id: 1103907,
1650 silly audit report       url: 'https://github.com/advisories/GHSA-pxg6-pf52-xh8x',
1650 silly audit report       title: 'cookie accepts cookie name, path, and domain with out of bounds characters',
1650 silly audit report       severity: 'low',
1650 silly audit report       vulnerable_versions: '<0.7.0',
1650 silly audit report       cwe: [Array],
1650 silly audit report       cvss: [Object]
1650 silly audit report     }
1650 silly audit report   ],
1650 silly audit report   'cross-spawn': [
1650 silly audit report     {
1650 silly audit report       id: 1104663,
1650 silly audit report       url: 'https://github.com/advisories/GHSA-3xgq-45jj-v275',
1650 silly audit report       title: 'Regular Expression Denial of Service (ReDoS) in cross-spawn',
1650 silly audit report       severity: 'high',
1650 silly audit report       vulnerable_versions: '<6.0.6',
1650 silly audit report       cwe: [Array],
1650 silly audit report       cvss: [Object]
1650 silly audit report     },
1650 silly audit report     {
1650 silly audit report       id: 1104664,
1650 silly audit report       url: 'https://github.com/advisories/GHSA-3xgq-45jj-v275',
1650 silly audit report       title: 'Regular Expression Denial of Service (ReDoS) in cross-spawn',
1650 silly audit report       severity: 'high',
1650 silly audit report       vulnerable_versions: '>=7.0.0 <7.0.5',
1650 silly audit report       cwe: [Array],
1650 silly audit report       cvss: [Object]
1650 silly audit report     }
1650 silly audit report   ],
1650 silly audit report   semver: [
1650 silly audit report     {
1650 silly audit report       id: 1112918,
1650 silly audit report       url: 'https://github.com/advisories/GHSA-c2qf-rxjj-qqgw',
1650 silly audit report       title: 'semver vulnerable to Regular Expression Denial of Service',
1650 silly audit report       severity: 'high',
1650 silly audit report       vulnerable_versions: '>=2.0.0-alpha <5.7.2',
1650 silly audit report       cwe: [Array],
1650 silly audit report       cvss: [Object]
1650 silly audit report     },
1650 silly audit report     {
1650 silly audit report       id: 1112922,
1650 silly audit report       url: 'https://github.com/advisories/GHSA-c2qf-rxjj-qqgw',
1650 silly audit report       title: 'semver vulnerable to Regular Expression Denial of Service',
1650 silly audit report       severity: 'high',
1650 silly audit report       vulnerable_versions: '>=6.0.0 <6.3.1',
1650 silly audit report       cwe: [Array],
1650 silly audit report       cvss: [Object]
1650 silly audit report     }
1650 silly audit report   ],
1650 silly audit report   express: [
1650 silly audit report     {
1650 silly audit report       id: 1100530,
1650 silly audit report       url: 'https://github.com/advisories/GHSA-qw6h-vgh9-j6wx',
1650 silly audit report       title: 'express vulnerable to XSS via response.redirect()',
1650 silly audit report       severity: 'low',
1650 silly audit report       vulnerable_versions: '<4.20.0',
1650 silly audit report       cwe: [Array],
1650 silly audit report       cvss: [Object]
1650 silly audit report     },
1650 silly audit report     {
1650 silly audit report       id: 1111636,
1650 silly audit report       url: 'https://github.com/advisories/GHSA-rv95-896h-c2vc',
1650 silly audit report       title: 'Express.js Open Redirect in malformed URLs',
1650 silly audit report       severity: 'moderate',
1650 silly audit report       vulnerable_versions: '<4.19.2',
1650 silly audit report       cwe: [Array],
1650 silly audit report       cvss: [Object]
1650 silly audit report     }
1650 silly audit report   ],
1650 silly audit report   'path-to-regexp': [
1650 silly audit report     {
1650 silly audit report       id: 1101849,
1650 silly audit report       url: 'https://github.com/advisories/GHSA-9wv6-86v2-598j',
1650 silly audit report       title: 'path-to-regexp outputs backtracking regular expressions',
1650 silly audit report       severity: 'high',
1650 silly audit report       vulnerable_versions: '>=0.2.0 <1.9.0',
1650 silly audit report       cwe: [Array],
1650 silly audit report       cvss: [Object]
1650 silly audit report     },
1650 silly audit report     {
1650 silly audit report       id: 1101850,
1650 silly audit report       url: 'https://github.com/advisories/GHSA-9wv6-86v2-598j',
1650 silly audit report       title: 'path-to-regexp outputs backtracking regular expressions',
1650 silly audit report       severity: 'high',
1650 silly audit report       vulnerable_versions: '<0.1.10',
1650 silly audit report       cwe: [Array],
1650 silly audit report       cvss: [Object]
1650 silly audit report     },
1650 silly audit report     {
1650 silly audit report       id: 1105199,
1650 silly audit report       url: 'https://github.com/advisories/GHSA-rhx6-c78j-4q9w',
1650 silly audit report       title: 'path-to-regexp contains a ReDoS',
1650 silly audit report       severity: 'high',
1650 silly audit report       vulnerable_versions: '<0.1.12',
1650 silly audit report       cwe: [Array],
1650 silly audit report       cvss: [Object]
1650 silly audit report     },
1650 silly audit report     {
1650 silly audit report       id: 1115527,
1650 silly audit report       url: 'https://github.com/advisories/GHSA-37ch-88jc-xwx2',
1650 silly audit report       title: 'path-to-regexp vulnerable to Regular Expression Denial of Service via multiple route parameters',
1650 silly audit report       severity: 'high',
1650 silly audit report       vulnerable_versions: '<0.1.13',
1650 silly audit report       cwe: [Array],
1650 silly audit report       cvss: [Object]
1650 silly audit report     }
1650 silly audit report   ],
1650 silly audit report   'follow-redirects': [
1650 silly audit report     {
1650 silly audit report       id: 1109569,
1650 silly audit report       url: 'https://github.com/advisories/GHSA-jchw-25xp-jwwc',
1650 silly audit report       title: 'Follow Redirects improperly handles URLs in the url.parse() function',
1650 silly audit report       severity: 'moderate',
1650 silly audit report       vulnerable_versions: '<1.15.4',
1650 silly audit report       cwe: [Array],
1650 silly audit report       cvss: [Object]
1650 silly audit report     },
1650 silly audit report     {
1650 silly audit report       id: 1096856,
1650 silly audit report       url: 'https://github.com/advisories/GHSA-cxjh-pqwp-8mfp',
1650 silly audit report       title: "follow-redirects' Proxy-Authorization header kept across hosts",
1650 silly audit report       severity: 'moderate',
1650 silly audit report       vulnerable_versions: '<=1.15.5',
1650 silly audit report       cwe: [Array],
1650 silly audit report       cvss: [Object]
1650 silly audit report     },
1650 silly audit report     {
1650 silly audit report       id: 1116560,
1650 silly audit report       url: 'https://github.com/advisories/GHSA-r4q5-vmmm-2653',
1650 silly audit report       title: 'follow-redirects leaks Custom Authentication Headers to Cross-Domain Redirect Targets',
1650 silly audit report       severity: 'moderate',
1650 silly audit report       vulnerable_versions: '<=1.15.11',
1650 silly audit report       cwe: [Array],
1650 silly audit report       cvss: [Object]
1650 silly audit report     }
1650 silly audit report   ],
1650 silly audit report   'http-proxy-middleware': [
1650 silly audit report     {
1650 silly audit report       id: 1100223,
1650 silly audit report       url: 'https://github.com/advisories/GHSA-c7qv-q95q-8v27',
1650 silly audit report       title: 'Denial of service in http-proxy-middleware',
1650 silly audit report       severity: 'high',
1650 silly audit report       vulnerable_versions: '<2.0.7',
1650 silly audit report       cwe: [Array],
1650 silly audit report       cvss: [Object]
1650 silly audit report     },
1650 silly audit report     {
1650 silly audit report       id: 1121360,
1650 silly audit report       url: 'https://github.com/advisories/GHSA-64mm-vxmg-q3vj',
1650 silly audit report       title: 'http-proxy-middleware `router` host+path substring matching allows Host-header-driven backend routing bypass',
1650 silly audit report       severity: 'moderate',
1650 silly audit report       vulnerable_versions: '>=0.16.0 <2.0.10',
1650 silly audit report       cwe: [Array],
1650 silly audit report       cvss: [Object]
1650 silly audit report     }
1650 silly audit report   ],
1650 silly audit report   ip: [
1650 silly audit report     {
1650 silly audit report       id: 1101851,
1650 silly audit report       url: 'https://github.com/advisories/GHSA-2p57-rm9w-gvfp',
1650 silly audit report       title: 'ip SSRF improper categorization in isPublic',
1650 silly audit report       severity: 'high',
1650 silly audit report       vulnerable_versions: '<=2.0.1',
1650 silly audit report       cwe: [Array],
1650 silly audit report       cvss: [Object]
1650 silly audit report     },
1650 silly audit report     {
1650 silly audit report       id: 1114831,
1650 silly audit report       url: 'https://github.com/advisories/GHSA-78xj-cgh5-2h22',
1650 silly audit report       title: 'NPM IP package incorrectly identifies some private IP addresses as public',
1650 silly audit report       severity: 'low',
1650 silly audit report       vulnerable_versions: '<1.1.9',
1650 silly audit report       cwe: [Array],
1650 silly audit report       cvss: [Object]
1650 silly audit report     }
1650 silly audit report   ],
1650 silly audit report   lodash: [
1650 silly audit report     {
1650 silly audit report       id: 1120370,
1650 silly audit report       url: 'https://github.com/advisories/GHSA-xxjr-mmjv-4gpg',
1650 silly audit report       title: 'Lodash has Prototype Pollution Vulnerability in `_.unset` and `_.omit` functions',
1650 silly audit report       severity: 'moderate',
1650 silly audit report       vulnerable_versions: '>=4.0.0 <=4.17.22',
1650 silly audit report       cwe: [Array],
1650 silly audit report       cvss: [Object]
1650 silly audit report     },
1650 silly audit report     {
1650 silly audit report       id: 1115806,
1650 silly audit report       url: 'https://github.com/advisories/GHSA-r5fr-rjxr-66jc',
1650 silly audit report       title: 'lodash vulnerable to Code Injection via `_.template` imports key names',
1650 silly audit report       severity: 'high',
1650 silly audit report       vulnerable_versions: '>=4.0.0 <=4.17.23',
1650 silly audit report       cwe: [Array],
1650 silly audit report       cvss: [Object]
1650 silly audit report     },
1650 silly audit report     {
1650 silly audit report       id: 1115810,
1650 silly audit report       url: 'https://github.com/advisories/GHSA-f23m-r3pf-42rh',
1650 silly audit report       title: 'lodash vulnerable to Prototype Pollution via array path bypass in `_.unset` and `_.omit`',
1650 silly audit report       severity: 'moderate',
1650 silly audit report       vulnerable_versions: '<=4.17.23',
1650 silly audit report       cwe: [Array],
1650 silly audit report       cvss: [Object]
1650 silly audit report     }
1650 silly audit report   ],
1650 silly audit report   micromatch: [
1650 silly audit report     {
1650 silly audit report       id: 1098681,
1650 silly audit report       url: 'https://github.com/advisories/GHSA-952p-6rrq-rcjv',
1650 silly audit report       title: 'Regular Expression Denial of Service (ReDoS) in micromatch',
1650 silly audit report       severity: 'moderate',
1650 silly audit report       vulnerable_versions: '<4.0.8',
1650 silly audit report       cwe: [Array],
1650 silly audit report       cvss: [Object]
1650 silly audit report     }
1650 silly audit report   ],
1650 silly audit report   minimatch: [
1650 silly audit report     {
1650 silly audit report       id: 1113459,
1650 silly audit report       url: 'https://github.com/advisories/GHSA-3ppc-4f35-3m26',
1650 silly audit report       title: 'minimatch has a ReDoS via repeated wildcards with non-matching literal in pattern',
1650 silly audit report       severity: 'high',
1650 silly audit report       vulnerable_versions: '<3.1.3',
1650 silly audit report       cwe: [Array],
1650 silly audit report       cvss: [Object]
1650 silly audit report     },
1650 silly audit report     {
1650 silly audit report       id: 1113538,
1650 silly audit report       url: 'https://github.com/advisories/GHSA-7r86-cg39-jmmj',
1650 silly audit report       title: 'minimatch has ReDoS: matchOne() combinatorial backtracking via multiple non-adjacent GLOBSTAR segments',
1650 silly audit report       severity: 'high',
1650 silly audit report       vulnerable_versions: '<3.1.3',
1650 silly audit report       cwe: [Array],
1650 silly audit report       cvss: [Object]
1650 silly audit report     },
1650 silly audit report     {
1650 silly audit report       id: 1113546,
1650 silly audit report       url: 'https://github.com/advisories/GHSA-23c5-xmqv-rm74',
1650 silly audit report       title: 'minimatch ReDoS: nested *() extglobs generate catastrophically backtracking regular expressions',
1650 silly audit report       severity: 'high',
1650 silly audit report       vulnerable_versions: '<3.1.4',
1650 silly audit report       cwe: [Array],
1650 silly audit report       cvss: [Object]
1650 silly audit report     }
1650 silly audit report   ],
1650 silly audit report   nanoid: [
1650 silly audit report     {
1650 silly audit report       id: 1109563,
1650 silly audit report       url: 'https://github.com/advisories/GHSA-mwcw-c2x4-8c55',
1650 silly audit report       title: 'Predictable results in nanoid generation when given non-integer values',
1650 silly audit report       severity: 'moderate',
1650 silly audit report       vulnerable_versions: '<3.3.8',
1650 silly audit report       cwe: [Array],
1650 silly audit report       cvss: [Object]
1650 silly audit report     },
1650 silly audit report     {
1650 silly audit report       id: 1138811,
1650 silly audit report       url: 'https://github.com/advisories/GHSA-28wg-ghj8-5hjv',
1650 silly audit report       title: 'nanoid: non-secure generators can loop indefinitely with negative size',
1650 silly audit report       severity: 'high',
1650 silly audit report       vulnerable_versions: '<3.3.16',
1650 silly audit report       cwe: [Array],
1650 silly audit report       cvss: [Object]
1650 silly audit report     },
1650 silly audit report     {
1650 silly audit report       id: 1138813,
1650 silly audit report       url: 'https://github.com/advisories/GHSA-2v37-7h3g-55p8',
1650 silly audit report       title: 'nanoid: custom generators can loop indefinitely when size is zero',
1650 silly audit report       severity: 'high',
1650 silly audit report       vulnerable_versions: '<3.3.17',
1650 silly audit report       cwe: [Array],
1650 silly audit report       cvss: [Object]
1650 silly audit report     }
1650 silly audit report   ],
1650 silly audit report   'node-forge': [
1650 silly audit report     {
1650 silly audit report       id: 1102321,
1650 silly audit report       url: 'https://github.com/advisories/GHSA-x4jg-mjrx-434g',
1650 silly audit report       title: 'Improper Verification of Cryptographic Signature in node-forge',
1650 silly audit report       severity: 'high',
1650 silly audit report       vulnerable_versions: '<1.3.0',
1650 silly audit report       cwe: [Array],
1650 silly audit report       cvss: [Object]
1650 silly audit report     },
1650 silly audit report     {
1650 silly audit report       id: 1102322,
1650 silly audit report       url: 'https://github.com/advisories/GHSA-cfm4-qjh2-4765',
1650 silly audit report       title: 'Improper Verification of Cryptographic Signature in node-forge',
1650 silly audit report       severity: 'high',
1650 silly audit report       vulnerable_versions: '<1.3.0',
1650 silly audit report       cwe: [Array],
1650 silly audit report       cvss: [Object]
1650 silly audit report     },
1650 silly audit report     {
1650 silly audit report       id: 1110996,
1650 silly audit report       url: 'https://github.com/advisories/GHSA-554w-wpv2-vw27',
1650 silly audit report       title: 'node-forge has ASN.1 Unbounded Recursion',
1650 silly audit report       severity: 'high',
1650 silly audit report       vulnerable_versions: '<1.3.2',
1650 silly audit report       cwe: [Array],
1650 silly audit report       cvss: [Object]
1650 silly audit report     },
1650 silly audit report     {
1650 silly audit report       id: 1110998,
1650 silly audit report       url: 'https://github.com/advisories/GHSA-5gfm-wpxj-wjgq',
1650 silly audit report       title: 'node-forge has an Interpretation Conflict vulnerability via its ASN.1 Validator Desynchronization',
1650 silly audit report       severity: 'high',
1650 silly audit report       vulnerable_versions: '<1.3.2',
1650 silly audit report       cwe: [Array],
1650 silly audit report       cvss: [Object]
1650 silly audit report     },
1650 silly audit report     {
1650 silly audit report       id: 1111068,
1650 silly audit report       url: 'https://github.com/advisories/GHSA-65ch-62r8-g69g',
1650 silly audit report       title: 'node-forge is vulnerable to ASN.1 OID Integer Truncation',
1650 silly audit report       severity: 'moderate',
1650 silly audit report       vulnerable_versions: '<1.3.2',
1650 silly audit report       cwe: [Array],
1650 silly audit report       cvss: [Object]
1650 silly audit report     },
1650 silly audit report     {
1650 silly audit report       id: 1088227,
1650 silly audit report       url: 'https://github.com/advisories/GHSA-5rrq-pxf6-6jx5',
1650 silly audit report       title: 'Prototype Pollution in node-forge debug API.',
1650 silly audit report       severity: 'low',
1650 silly audit report       vulnerable_versions: '<1.0.0',
1650 silly audit report       cwe: [Array],
1650 silly audit report       cvss: [Object]
1650 silly audit report     },
1650 silly audit report     {
1650 silly audit report       id: 1088229,
1650 silly audit report       url: 'https://github.com/advisories/GHSA-gf8q-jrpm-jvxq',
1650 silly audit report       title: 'URL parsing in node-forge could lead to undesired behavior.',
1650 silly audit report       severity: 'low',
1650 silly audit report       vulnerable_versions: '<1.0.0',
1650 silly audit report       cwe: [Array],
1650 silly audit report       cvss: [Object]
1650 silly audit report     },
1650 silly audit report     {
1650 silly audit report       id: 1115545,
1650 silly audit report       url: 'https://github.com/advisories/GHSA-2328-f5f3-gj25',
1650 silly audit report       title: 'Forge has a basicConstraints bypass in its certificate chain verification (RFC 5280 violation)',
1650 silly audit report       severity: 'high',
1650 silly audit report       vulnerable_versions: '<=1.3.3',
1650 silly audit report       cwe: [Array],
1650 silly audit report       cvss: [Object]
1650 silly audit report     },
1650 silly audit report     {
1650 silly audit report       id: 1115546,
1650 silly audit report       url: 'https://github.com/advisories/GHSA-q67f-28xg-22rw',
1650 silly audit report       title: 'Forge has signature forgery in Ed25519 due to missing S > L check',
1650 silly audit report       severity: 'high',
1650 silly audit report       vulnerable_versions: '<1.4.0',
1650 silly audit report       cwe: [Array],
1650 silly audit report       cvss: [Object]
1650 silly audit report     },
1650 silly audit report     {
1650 silly audit report       id: 1115548,
1650 silly audit report       url: 'https://github.com/advisories/GHSA-5m6q-g25r-mvwx',
1650 silly audit report       title: 'Forge has Denial of Service via Infinite Loop in BigInteger.modInverse() with Zero Input',
1650 silly audit report       severity: 'high',
1650 silly audit report       vulnerable_versions: '<1.4.0',
1650 silly audit report       cwe: [Array],
1650 silly audit report       cvss: [Object]
1650 silly audit report     },
1650 silly audit report     {
1650 silly audit report       id: 1115612,
1650 silly audit report       url: 'https://github.com/advisories/GHSA-ppp5-5v6c-4jwp',
1650 silly audit report       title: 'Forge has signature forgery in RSA-PKCS due to ASN.1 extra field  ',
1650 silly audit report       severity: 'high',
1650 silly audit report       vulnerable_versions: '<1.4.0',
1650 silly audit report       cwe: [Array],
1650 silly audit report       cvss: [Object]
1650 silly audit report     },
1650 silly audit report     {
1650 silly audit report       id: 1093719,
1650 silly audit report       url: 'https://github.com/advisories/GHSA-8fr3-hfg3-gpgp',
1650 silly audit report       title: 'Open Redirect in node-forge',
1650 silly audit report       severity: 'moderate',
1650 silly audit report       vulnerable_versions: '<1.0.0',
1650 silly audit report       cwe: [Array],
1650 silly audit report       cvss: [Object]
1650 silly audit report     },
1650 silly audit report     {
1650 silly audit report       id: 1088746,
1650 silly audit report       url: 'https://github.com/advisories/GHSA-2r2c-g63r-vccr',
1650 silly audit report       title: 'Improper Verification of Cryptographic Signature in `node-forge`',
1650 silly audit report       severity: 'moderate',
1650 silly audit report       vulnerable_versions: '<1.3.0',
1650 silly audit report       cwe: [Array],
1650 silly audit report       cvss: [Object]
1650 silly audit report     }
1650 silly audit report   ],
1650 silly audit report   'on-headers': [
1650 silly audit report     {
1650 silly audit report       id: 1106812,
1650 silly audit report       url: 'https://github.com/advisories/GHSA-76c9-3jph-rj3q',
1650 silly audit report       title: 'on-headers is vulnerable to http response header manipulation',
1650 silly audit report       severity: 'low',
1650 silly audit report       vulnerable_versions: '<1.1.0',
1650 silly audit report       cwe: [Array],
1650 silly audit report       cvss: [Object]
1650 silly audit report     }
1650 silly audit report   ],
1650 silly audit report   picomatch: [
1650 silly audit report     {
1650 silly audit report       id: 1115549,
1650 silly audit report       url: 'https://github.com/advisories/GHSA-3v7f-55p6-f55p',
1650 silly audit report       title: 'Picomatch: Method Injection in POSIX Character Classes causes incorrect Glob Matching',
1650 silly audit report       severity: 'moderate',
1650 silly audit report       vulnerable_versions: '<2.3.2',
1650 silly audit report       cwe: [Array],
1650 silly audit report       cvss: [Object]
1650 silly audit report     },
1650 silly audit report     {
1650 silly audit report       id: 1115552,
1650 silly audit report       url: 'https://github.com/advisories/GHSA-c2c7-rcm5-vvqj',
1650 silly audit report       title: 'Picomatch has a ReDoS vulnerability via extglob quantifiers',
1650 silly audit report       severity: 'high',
1650 silly audit report       vulnerable_versions: '<2.3.2',
1650 silly audit report       cwe: [Array],
1650 silly audit report       cvss: [Object]
1650 silly audit report     }
1650 silly audit report   ],
1650 silly audit report   postcss: [
1650 silly audit report     {
1650 silly audit report       id: 1109574,
1650 silly audit report       url: 'https://github.com/advisories/GHSA-7fh5-64p2-3v2j',
1650 silly audit report       title: 'PostCSS line return parsing error',
1650 silly audit report       severity: 'moderate',
1650 silly audit report       vulnerable_versions: '<8.4.31',
1650 silly audit report       cwe: [Array],
1650 silly audit report       cvss: [Object]
1650 silly audit report     },
1650 silly audit report     {
1650 silly audit report       id: 1130709,
1650 silly audit report       url: 'https://github.com/advisories/GHSA-fxqj-rqcc-2cmp',
1650 silly audit report       title: 'PostCSS: incomplete fix of GHSA-6g55-p6wh-862q — attacker-controlled sourceMappingURL reads arbitrary .map files when `from` is unset',
1650 silly audit report       severity: 'moderate',
1650 silly audit report       vulnerable_versions: '<=8.5.22',
1650 silly audit report       cwe: [Array],
1650 silly audit report       cvss: [Object]
1650 silly audit report     },
1650 silly audit report     {
1650 silly audit report       id: 1117015,
1650 silly audit report       url: 'https://github.com/advisories/GHSA-qx2v-qp2m-jg93',
1650 silly audit report       title: 'PostCSS has XSS via Unescaped </style> in its CSS Stringify Output',
1650 silly audit report       severity: 'moderate',
1650 silly audit report       vulnerable_versions: '<8.5.10',
1650 silly audit report       cwe: [Array],
1650 silly audit report       cvss: [Object]
1650 silly audit report     },
1650 silly audit report     {
1650 silly audit report       id: 1124252,
1650 silly audit report       url: 'https://github.com/advisories/GHSA-6g55-p6wh-862q',
1650 silly audit report       title: 'PostCSS: Arbitrary file read and information disclosure via attacker-controlled sourceMappingURL in CSS comments',
1650 silly audit report       severity: 'high',
1650 silly audit report       vulnerable_versions: '<=8.5.11',
1650 silly audit report       cwe: [Array],
1650 silly audit report       cvss: [Object]
1650 silly audit report     },
1650 silly audit report     {
1650 silly audit report       id: 1124288,
1650 silly audit report       url: 'https://github.com/advisories/GHSA-r28c-9q8g-f849',
1650 silly audit report       title: 'PostCSS: Path Traversal in Previous Source Map Auto-Loading (sourceMappingURL) leads to Arbitrary .map File Disclosure',
1650 silly audit report       severity: 'high',
1650 silly audit report       vulnerable_versions: '<=8.5.17',
1650 silly audit report       cwe: [Array],
1650 silly audit report       cvss: [Object]
1650 silly audit report     }
1650 silly audit report   ],
1650 silly audit report   qs: [
1650 silly audit report     {
1650 silly audit report       id: 1113161,
1650 silly audit report       url: 'https://github.com/advisories/GHSA-w7fw-mjwx-w883',
1650 silly audit report       title: "qs's arrayLimit bypass in comma parsing allows denial of service",
1650 silly audit report       severity: 'low',
1650 silly audit report       vulnerable_versions: '>=6.7.0 <=6.14.1',
1650 silly audit report       cwe: [Array],
1650 silly audit report       cvss: [Object]
1650 silly audit report     },
1650 silly audit report     {
1650 silly audit report       id: 1113719,
1650 silly audit report       url: 'https://github.com/advisories/GHSA-6rw7-vpxm-498p',
1650 silly audit report       title: "qs's arrayLimit bypass in its bracket notation allows DoS via memory exhaustion",
1650 silly audit report       severity: 'moderate',
1650 silly audit report       vulnerable_versions: '<6.14.1',
1650 silly audit report       cwe: [Array],
1650 silly audit report       cvss: [Object]
1650 silly audit report     }
1650 silly audit report   ],
1650 silly audit report   send: [
1650 silly audit report     {
1650 silly audit report       id: 1109556,
1650 silly audit report       url: 'https://github.com/advisories/GHSA-m6fv-jmcg-4jfg',
1650 silly audit report       title: 'send vulnerable to template injection that can lead to XSS',
1650 silly audit report       severity: 'low',
1650 silly audit report       vulnerable_versions: '<0.19.0',
1650 silly audit report       cwe: [Array],
1650 silly audit report       cvss: [Object]
1650 silly audit report     }
1650 silly audit report   ],
1650 silly audit report   'serialize-javascript': [
1650 silly audit report     {
1650 silly audit report       id: 1119440,
1650 silly audit report       url: 'https://github.com/advisories/GHSA-qj8w-gfj5-8c6v',
1650 silly audit report       title: 'Serialize JavaScript has CPU Exhaustion Denial of Service via crafted array-like objects',
1650 silly audit report       severity: 'moderate',
1650 silly audit report       vulnerable_versions: '>=5.0.0 <7.0.5',
1650 silly audit report       cwe: [Array],
1650 silly audit report       cvss: [Object]
1650 silly audit report     },
1650 silly audit report     {
1650 silly audit report       id: 1113686,
1650 silly audit report       url: 'https://github.com/advisories/GHSA-5c6j-r48x-rmvq',
1650 silly audit report       title: 'Serialize JavaScript is Vulnerable to RCE via RegExp.flags and Date.prototype.toISOString()',
1650 silly audit report       severity: 'high',
1650 silly audit report       vulnerable_versions: '<=7.0.2',
1650 silly audit report       cwe: [Array],
1650 silly audit report       cvss: [Object]
1650 silly audit report     },
1650 silly audit report     {
1650 silly audit report       id: 1116766,
1650 silly audit report       url: 'https://github.com/advisories/GHSA-76p7-773f-r4q5',
1650 silly audit report       title: 'Cross-site Scripting (XSS) in serialize-javascript',
1650 silly audit report       severity: 'moderate',
1650 silly audit report       vulnerable_versions: '>=6.0.0 <6.0.2',
1650 silly audit report       cwe: [Array],
1650 silly audit report       cvss: [Object]
1650 silly audit report     }
1650 silly audit report   ],
1650 silly audit report   'serve-static': [
1650 silly audit report     {
1650 silly audit report       id: 1100528,
1650 silly audit report       url: 'https://github.com/advisories/GHSA-cm22-4g7w-348p',
1650 silly audit report       title: 'serve-static vulnerable to template injection that can lead to XSS',
1650 silly audit report       severity: 'low',
1650 silly audit report       vulnerable_versions: '<1.16.0',
1650 silly audit report       cwe: [Array],
1650 silly audit report       cvss: [Object]
1650 silly audit report     }
1650 silly audit report   ],
1650 silly audit report   uuid: [
1650 silly audit report     {
1650 silly audit report       id: 1119441,
1650 silly audit report       url: 'https://github.com/advisories/GHSA-w5hq-g745-h8pq',
1650 silly audit report       title: 'uuid: Missing buffer bounds check in v3/v5/v6 when buf is provided',
1650 silly audit report       severity: 'moderate',
1650 silly audit report       vulnerable_versions: '<11.1.1',
1650 silly audit report       cwe: [Array],
1650 silly audit report       cvss: [Object]
1650 silly audit report     }
1650 silly audit report   ],
1650 silly audit report   webpack: [
1650 silly audit report     {
1650 silly audit report       id: 1113041,
1650 silly audit report       url: 'https://github.com/advisories/GHSA-8fgc-7cc6-rx7x',
1650 silly audit report       title: 'webpack buildHttp: allowedUris allow-list bypass via URL userinfo (@) leading to build-time SSRF behavior',
1650 silly audit report       severity: 'low',
1650 silly audit report       vulnerable_versions: '>=5.49.0 <=5.104.0',
1650 silly audit report       cwe: [Array],
1650 silly audit report       cvss: [Object]
1650 silly audit report     },
1650 silly audit report     {
1650 silly audit report       id: 1113042,
1650 silly audit report       url: 'https://github.com/advisories/GHSA-38r7-794h-5758',
1650 silly audit report       title: 'webpack buildHttp HttpUriPlugin allowedUris bypass via HTTP redirects → SSRF + cache persistence',
1650 silly audit report       severity: 'low',
1650 silly audit report       vulnerable_versions: '>=5.49.0 <5.104.0',
1650 silly audit report       cwe: [Array],
1650 silly audit report       cvss: [Object]
1650 silly audit report     },
1650 silly audit report     {
1650 silly audit report       id: 1099351,
1650 silly audit report       url: 'https://github.com/advisories/GHSA-4vvj-4cpr-p986',
1650 silly audit report       title: "Webpack's AutoPublicPathRuntimeModule has a DOM Clobbering Gadget that leads to XSS",
1650 silly audit report       severity: 'moderate',
1650 silly audit report       vulnerable_versions: '>=5.0.0-alpha.0 <5.94.0',
1650 silly audit report       cwe: [Array],
1650 silly audit report       cvss: [Object]
1650 silly audit report     }
1650 silly audit report   ],
1650 silly audit report   'webpack-dev-middleware': [
1650 silly audit report     {
1650 silly audit report       id: 1096729,
1650 silly audit report       url: 'https://github.com/advisories/GHSA-wr3j-pwj9-hqq6',
1650 silly audit report       title: 'Path traversal in webpack-dev-middleware',
1650 silly audit report       severity: 'high',
1650 silly audit report       vulnerable_versions: '<=5.3.3',
1650 silly audit report       cwe: [Array],
1650 silly audit report       cvss: [Object]
1650 silly audit report     }
1650 silly audit report   ],
1650 silly audit report   'webpack-dev-server': [
1650 silly audit report     {
1650 silly audit report       id: 1108429,
1650 silly audit report       url: 'https://github.com/advisories/GHSA-9jgg-88mc-972h',
1650 silly audit report       title: "webpack-dev-server users' source code may be stolen when they access a malicious web site with non-Chromium based browser",
1650 silly audit report       severity: 'moderate',
1650 silly audit report       vulnerable_versions: '<=5.2.0',
1650 silly audit report       cwe: [Array],
1650 silly audit report       cvss: [Object]
1650 silly audit report     },
1650 silly audit report     {
1650 silly audit report       id: 1108430,
1650 silly audit report       url: 'https://github.com/advisories/GHSA-4v9v-hfq4-rm2v',
1650 silly audit report       title: "webpack-dev-server users' source code may be stolen when they access a malicious web site",
1650 silly audit report       severity: 'moderate',
1650 silly audit report       vulnerable_versions: '<=5.2.0',
1650 silly audit report       cwe: [Array],
1650 silly audit report       cvss: [Object]
1650 silly audit report     },
1650 silly audit report     {
1650 silly audit report       id: 1119074,
1650 silly audit report       url: 'https://github.com/advisories/GHSA-79cf-xcqc-c78w',
1650 silly audit report       title: 'webpack-dev-server vulnerable to cross-origin source code exposure on non-HTTPS origins',
1650 silly audit report       severity: 'moderate',
1650 silly audit report       vulnerable_versions: '<=5.2.3',
1650 silly audit report       cwe: [Array],
1650 silly audit report       cvss: [Object]
1650 silly audit report     },
1650 silly audit report     {
1650 silly audit report       id: 1121087,
1650 silly audit report       url: 'https://github.com/advisories/GHSA-mx8g-39q3-5c79',
1650 silly audit report       title: 'webpack-dev-server vulnerable to HMR WebSocket interception via permissive user proxies',
1650 silly audit report       severity: 'moderate',
1650 silly audit report       vulnerable_versions: '<5.2.5',
1650 silly audit report       cwe: [Array],
1650 silly audit report       cvss: [Object]
1650 silly audit report     },
1650 silly audit report     {
1650 silly audit report       id: 1123965,
1650 silly audit report       url: 'https://github.com/advisories/GHSA-f5vj-f2hx-8m93',
1650 silly audit report       title: 'webpack-dev-server vulnerable to cross-site request forgery via internal developer endpoints',
1650 silly audit report       severity: 'moderate',
1650 silly audit report       vulnerable_versions: '<=5.2.5',
1650 silly audit report       cwe: [Array],
1650 silly audit report       cvss: [Object]
1650 silly audit report     },
1650 silly audit report     {
1650 silly audit report       id: 1123966,
1650 silly audit report       url: 'https://github.com/advisories/GHSA-m28w-2pqf-7qgj',
1650 silly audit report       title: 'webpack-dev-server vulnerable to denial of service via a malformed Host or Origin header',
1650 silly audit report       severity: 'moderate',
1650 silly audit report       vulnerable_versions: '<=5.2.5',
1650 silly audit report       cwe: [Array],
1650 silly audit report       cvss: [Object]
1650 silly audit report     }
1650 silly audit report   ],
1650 silly audit report   'websocket-driver': [
1650 silly audit report     {
1650 silly audit report       id: 1123482,
1650 silly audit report       url: 'https://github.com/advisories/GHSA-mp7j-qc5w-4988',
1650 silly audit report       title: 'websocket-driver: Resource limit bypass via message compression',
1650 silly audit report       severity: 'moderate',
1650 silly audit report       vulnerable_versions: '<0.7.5',
1650 silly audit report       cwe: [Array],
1650 silly audit report       cvss: [Object]
1650 silly audit report     },
1650 silly audit report     {
1650 silly audit report       id: 1123483,
1650 silly audit report       url: 'https://github.com/advisories/GHSA-xv26-6w52-cph6',
1650 silly audit report       title: 'websocket-driver: Message corruption via abuse of protocol length headers',
1650 silly audit report       severity: 'critical',
1650 silly audit report       vulnerable_versions: '<0.7.5',
1650 silly audit report       cwe: [Array],
1650 silly audit report       cvss: [Object]
1650 silly audit report     }
1650 silly audit report   ],
1650 silly audit report   ws: [
1650 silly audit report     {
1650 silly audit report       id: 1118730,
1650 silly audit report       url: 'https://github.com/advisories/GHSA-3h5v-q93c-6h6q',
1650 silly audit report       title: 'ws affected by a DoS when handling a request with many HTTP headers',
1650 silly audit report       severity: 'high',
1650 silly audit report       vulnerable_versions: '>=6.0.0 <6.2.3',
1650 silly audit report       cwe: [Array],
1650 silly audit report       cvss: [Object]
1650 silly audit report     },
1650 silly audit report     {
1650 silly audit report       id: 1123261,
1650 silly audit report       url: 'https://github.com/advisories/GHSA-96hv-2xvq-fx4p',
1650 silly audit report       title: 'ws: Memory exhaustion DoS from tiny fragments and data chunks',
1650 silly audit report       severity: 'high',
1650 silly audit report       vulnerable_versions: '>=6.0.0 <6.2.4',
1650 silly audit report       cwe: [Array],
1650 silly audit report       cvss: [Object]
1650 silly audit report     }
1650 silly audit report   ]
1650 silly audit report }
1651 silly packumentCache corgi:https://registry.npmjs.org/@babel%2fcore cache-miss
1652 silly packumentCache corgi:https://registry.npmjs.org/@babel%2fhelpers cache-miss
1653 silly packumentCache corgi:https://registry.npmjs.org/@babel%2fplugin-transform-modules-systemjs cache-miss
1654 silly packumentCache corgi:https://registry.npmjs.org/@babel%2fruntime cache-miss
1655 silly packumentCache corgi:https://registry.npmjs.org/@babel%2ftraverse cache-miss
1656 silly packumentCache corgi:https://registry.npmjs.org/ajv cache-miss
1657 silly packumentCache corgi:https://registry.npmjs.org/body-parser cache-miss
1658 silly packumentCache corgi:https://registry.npmjs.org/brace-expansion cache-miss
1659 silly packumentCache corgi:https://registry.npmjs.org/braces cache-miss
1660 silly packumentCache corgi:https://registry.npmjs.org/cookie cache-miss
1661 silly packumentCache corgi:https://registry.npmjs.org/cross-spawn cache-miss
1662 silly packumentCache corgi:https://registry.npmjs.org/semver cache-miss
1663 silly packumentCache corgi:https://registry.npmjs.org/express cache-miss
1664 silly packumentCache corgi:https://registry.npmjs.org/path-to-regexp cache-miss
1665 silly packumentCache corgi:https://registry.npmjs.org/follow-redirects cache-miss
1666 silly packumentCache corgi:https://registry.npmjs.org/http-proxy-middleware cache-miss
1667 silly packumentCache corgi:https://registry.npmjs.org/ip cache-miss
1668 silly packumentCache corgi:https://registry.npmjs.org/lodash cache-miss
1669 silly packumentCache corgi:https://registry.npmjs.org/micromatch cache-miss
1670 silly packumentCache corgi:https://registry.npmjs.org/minimatch cache-miss
1671 silly packumentCache corgi:https://registry.npmjs.org/nanoid cache-miss
1672 silly packumentCache corgi:https://registry.npmjs.org/node-forge cache-miss
1673 silly packumentCache corgi:https://registry.npmjs.org/on-headers cache-miss
1674 silly packumentCache corgi:https://registry.npmjs.org/picomatch cache-miss
1675 silly packumentCache corgi:https://registry.npmjs.org/postcss cache-miss
1676 silly packumentCache corgi:https://registry.npmjs.org/qs cache-miss
1677 silly packumentCache corgi:https://registry.npmjs.org/send cache-miss
1678 silly packumentCache corgi:https://registry.npmjs.org/serialize-javascript cache-miss
1679 silly packumentCache corgi:https://registry.npmjs.org/serve-static cache-miss
1680 silly packumentCache corgi:https://registry.npmjs.org/uuid cache-miss
1681 silly packumentCache corgi:https://registry.npmjs.org/webpack cache-miss
1682 silly packumentCache corgi:https://registry.npmjs.org/webpack-dev-middleware cache-miss
1683 silly packumentCache corgi:https://registry.npmjs.org/webpack-dev-server cache-miss
1684 silly packumentCache corgi:https://registry.npmjs.org/websocket-driver cache-miss
1685 silly packumentCache corgi:https://registry.npmjs.org/ws cache-miss
1686 http fetch GET 200 https://registry.npmjs.org/which-module/-/which-module-2.0.1.tgz 254ms (cache miss)
1687 http fetch GET 200 https://registry.npmjs.org/which/-/which-2.0.2.tgz 253ms (cache miss)
1688 http fetch GET 200 https://registry.npmjs.org/wrappy/-/wrappy-1.0.2.tgz 254ms (cache miss)
1689 http fetch GET 200 https://registry.npmjs.org/y18n/-/y18n-4.0.3.tgz 255ms (cache miss)
1690 http fetch GET 200 https://registry.npmjs.org/yallist/-/yallist-3.1.1.tgz 254ms (cache miss)
1691 http fetch GET 200 https://registry.npmjs.org/wrap-ansi/-/wrap-ansi-5.1.0.tgz 255ms (cache miss)
1692 http fetch GET 200 https://registry.npmjs.org/which-boxed-primitive/-/which-boxed-primitive-1.0.2.tgz 256ms (cache miss)
1693 http fetch GET 200 https://registry.npmjs.org/wildcard/-/wildcard-2.0.1.tgz 256ms (cache miss)
1694 http fetch GET 200 https://registry.npmjs.org/yargs-parser/-/yargs-parser-13.1.2.tgz 257ms (cache miss)
1695 http fetch GET 200 https://registry.npmjs.org/which-typed-array/-/which-typed-array-1.1.9.tgz 256ms (cache miss)
1696 http fetch GET 200 https://registry.npmjs.org/websocket-extensions/-/websocket-extensions-0.1.4.tgz 259ms (cache miss)
1697 http fetch GET 200 https://registry.npmjs.org/ws/-/ws-6.2.2.tgz 261ms (cache miss)
1698 http fetch GET 200 https://registry.npmjs.org/websocket-driver/-/websocket-driver-0.7.4.tgz 262ms (cache miss)
1699 http fetch GET 200 https://registry.npmjs.org/yargs/-/yargs-13.3.2.tgz 267ms (cache miss)
1700 http fetch GET 200 https://registry.npmjs.org/webpack-log/-/webpack-log-2.0.0.tgz 286ms (cache miss)
1701 http fetch GET 200 https://registry.npmjs.org/webpack-dev-middleware/-/webpack-dev-middleware-3.7.3.tgz 286ms (cache miss)
1702 http fetch GET 200 https://registry.npmjs.org/webpack-merge/-/webpack-merge-5.9.0.tgz 286ms (cache miss)
1703 http fetch GET 200 https://registry.npmjs.org/wbuf/-/wbuf-1.7.3.tgz 290ms (cache miss)
1704 http fetch GET 200 https://registry.npmjs.org/utils-merge/-/utils-merge-1.0.1.tgz 295ms (cache miss)
1705 http fetch GET 200 https://registry.npmjs.org/watchpack/-/watchpack-2.4.0.tgz 297ms (cache miss)
1706 http fetch GET 200 https://registry.npmjs.org/vary/-/vary-1.1.2.tgz 298ms (cache miss)
1707 http fetch GET 200 https://registry.npmjs.org/webpack-cli/-/webpack-cli-4.10.0.tgz 301ms (cache miss)
1708 http fetch GET 200 https://registry.npmjs.org/value-equal/-/value-equal-1.0.1.tgz 300ms (cache miss)
1709 http fetch GET 200 https://registry.npmjs.org/utila/-/utila-0.4.0.tgz 303ms (cache miss)
1710 http fetch GET 200 https://registry.npmjs.org/webpack-sources/-/webpack-sources-3.2.3.tgz 308ms (cache miss)
1711 http fetch GET 200 https://registry.npmjs.org/util.promisify/-/util.promisify-1.0.0.tgz 318ms (cache miss)
1712 http fetch GET 200 https://registry.npmjs.org/webpack-dev-server/-/webpack-dev-server-3.11.3.tgz 323ms (cache miss)
1713 http fetch GET 200 https://registry.npmjs.org/util-deprecate/-/util-deprecate-1.0.2.tgz 322ms (cache miss)
1714 http fetch GET 200 https://registry.npmjs.org/url-parse/-/url-parse-1.5.10.tgz 324ms (cache miss)
1715 http fetch GET 200 https://registry.npmjs.org/uuid/-/uuid-8.3.2.tgz 332ms (cache miss)
1716 http fetch GET 200 https://registry.npmjs.org/urix/-/urix-0.1.0.tgz 342ms (cache miss)
1717 warn deprecated urix@0.1.0: Please see https://github.com/lydell/urix#deprecated
1718 http fetch GET 200 https://registry.npmjs.org/url/-/url-0.11.1.tgz 344ms (cache miss)
1719 http fetch GET 200 https://registry.npmjs.org/update-browserslist-db/-/update-browserslist-db-1.0.11.tgz 345ms (cache miss)
1720 http fetch GET 200 https://registry.npmjs.org/use/-/use-3.1.1.tgz 345ms (cache miss)
1721 http fetch GET 200 https://registry.npmjs.org/unpipe/-/unpipe-1.0.0.tgz 343ms (cache miss)
1722 http fetch GET 200 https://registry.npmjs.org/upath/-/upath-1.2.0.tgz 346ms (cache miss)
1723 http fetch GET 200 https://registry.npmjs.org/unset-value/-/unset-value-1.0.0.tgz 348ms (cache miss)
1724 http fetch GET 200 https://registry.npmjs.org/union-value/-/union-value-1.0.1.tgz 348ms (cache miss)
1725 http fetch GET 200 https://registry.npmjs.org/unicode-match-property-ecmascript/-/unicode-match-property-ecmascript-2.0.0.tgz 369ms (cache miss)
1726 http fetch GET 200 https://registry.npmjs.org/unicode-property-aliases-ecmascript/-/unicode-property-aliases-ecmascript-2.1.0.tgz 372ms (cache miss)
1727 http fetch GET 200 https://registry.npmjs.org/@types/react/-/react-17.0.93.tgz 378ms (cache miss)
1728 http fetch GET 200 https://registry.npmjs.org/unicode-match-property-value-ecmascript/-/unicode-match-property-value-ecmascript-2.1.0.tgz 372ms (cache miss)
1729 http fetch GET 200 https://registry.npmjs.org/unbox-primitive/-/unbox-primitive-1.0.2.tgz 373ms (cache miss)
1730 http fetch GET 200 https://registry.npmjs.org/type-is/-/type-is-1.6.18.tgz 374ms (cache miss)
1731 http fetch GET 200 https://registry.npmjs.org/unicode-canonical-property-names-ecmascript/-/unicode-canonical-property-names-ecmascript-2.0.0.tgz 376ms (cache miss)
1732 http fetch GET 200 https://registry.npmjs.org/typed-array-length/-/typed-array-length-1.0.4.tgz 380ms (cache miss)
1733 http fetch GET 200 https://registry.npmjs.org/uri-js/-/uri-js-4.4.1.tgz 383ms (cache miss)
1734 http fetch GET 200 https://registry.npmjs.org/to-regex-range/-/to-regex-range-2.1.1.tgz 381ms (cache miss)
1735 http fetch GET 200 https://registry.npmjs.org/toidentifier/-/toidentifier-1.0.1.tgz 382ms (cache miss)
1736 http fetch GET 200 https://registry.npmjs.org/to-object-path/-/to-object-path-0.3.0.tgz 388ms (cache miss)
1737 http fetch GET 200 https://registry.npmjs.org/to-regex/-/to-regex-3.0.2.tgz 396ms (cache miss)
1738 http fetch GET 200 https://registry.npmjs.org/tslib/-/tslib-2.6.0.tgz 397ms (cache miss)
1739 http fetch GET 200 https://registry.npmjs.org/to-fast-properties/-/to-fast-properties-2.0.0.tgz 407ms (cache miss)
1740 http fetch GET 200 https://registry.npmjs.org/thunky/-/thunky-1.1.0.tgz 413ms (cache miss)
1741 http fetch GET 200 https://registry.npmjs.org/tiny-invariant/-/tiny-invariant-1.3.1.tgz 413ms (cache miss)
1742 http fetch GET 200 https://registry.npmjs.org/tiny-warning/-/tiny-warning-1.0.3.tgz 414ms (cache miss)
1743 http fetch GET 200 https://registry.npmjs.org/terser-webpack-plugin/-/terser-webpack-plugin-5.3.9.tgz 420ms (cache miss)
1744 http fetch GET 200 https://registry.npmjs.org/supports-color/-/supports-color-5.5.0.tgz 420ms (cache miss)
1745 http fetch GET 200 https://registry.npmjs.org/supports-preserve-symlinks-flag/-/supports-preserve-symlinks-flag-1.0.0.tgz 421ms (cache miss)
1746 http fetch GET 200 https://registry.npmjs.org/tapable/-/tapable-1.1.3.tgz 422ms (cache miss)
1747 http fetch GET 200 https://registry.npmjs.org/strip-eof/-/strip-eof-1.0.0.tgz 432ms (cache miss)
1748 http fetch GET 200 https://registry.npmjs.org/style-loader/-/style-loader-2.0.0.tgz 433ms (cache miss)
1749 http fetch GET 200 https://registry.npmjs.org/string.prototype.trimstart/-/string.prototype.trimstart-1.0.6.tgz 447ms (cache miss)
1750 http fetch GET 200 https://registry.npmjs.org/strip-ansi/-/strip-ansi-3.0.1.tgz 447ms (cache miss)
1751 http fetch GET 200 https://registry.npmjs.org/static-extend/-/static-extend-0.1.2.tgz 448ms (cache miss)
1752 http fetch GET 200 https://registry.npmjs.org/terser/-/terser-4.8.1.tgz 450ms (cache miss)
1753 http fetch GET 200 https://registry.npmjs.org/string_decoder/-/string_decoder-1.1.1.tgz 450ms (cache miss)
1754 http fetch GET 200 https://registry.npmjs.org/string-width/-/string-width-3.1.0.tgz 450ms (cache miss)
1755 http fetch GET 200 https://registry.npmjs.org/split-string/-/split-string-3.1.0.tgz 451ms (cache miss)
1756 http fetch GET 200 https://registry.npmjs.org/string.prototype.trimend/-/string.prototype.trimend-1.0.6.tgz 453ms (cache miss)
1757 http fetch GET 200 https://registry.npmjs.org/string.prototype.trim/-/string.prototype.trim-1.2.7.tgz 453ms (cache miss)
1758 http fetch GET 200 https://registry.npmjs.org/statuses/-/statuses-2.0.1.tgz 456ms (cache miss)
1759 http fetch GET 200 https://registry.npmjs.org/spdy/-/spdy-4.0.2.tgz 461ms (cache miss)
1760 http fetch GET 200 https://registry.npmjs.org/source-map-url/-/source-map-url-0.4.1.tgz 464ms (cache miss)
1761 warn deprecated source-map-url@0.4.1: See https://github.com/lydell/source-map-url#deprecated
1762 http fetch GET 200 https://registry.npmjs.org/spdy-transport/-/spdy-transport-3.0.0.tgz 473ms (cache miss)
1763 http fetch GET 200 https://registry.npmjs.org/source-map-resolve/-/source-map-resolve-0.5.3.tgz 478ms (cache miss)
1764 warn deprecated source-map-resolve@0.5.3: See https://github.com/lydell/source-map-resolve#deprecated
1765 http fetch GET 200 https://registry.npmjs.org/source-map-support/-/source-map-support-0.5.21.tgz 480ms (cache miss)
1766 http fetch GET 200 https://registry.npmjs.org/snapdragon-node/-/snapdragon-node-2.1.1.tgz 481ms (cache miss)
1767 http fetch GET 200 https://registry.npmjs.org/source-map-js/-/source-map-js-1.0.2.tgz 484ms (cache miss)
1768 http fetch GET 200 https://registry.npmjs.org/shebang-regex/-/shebang-regex-3.0.0.tgz 496ms (cache miss)
1769 http fetch GET 200 https://registry.npmjs.org/side-channel/-/side-channel-1.0.4.tgz 497ms (cache miss)
1770 http fetch GET 200 https://registry.npmjs.org/signal-exit/-/signal-exit-3.0.7.tgz 497ms (cache miss)
1771 http fetch GET 200 https://registry.npmjs.org/shebang-command/-/shebang-command-2.0.0.tgz 502ms (cache miss)
1772 http fetch GET 200 https://registry.npmjs.org/source-map/-/source-map-0.6.1.tgz 504ms (cache miss)
1773 http fetch GET 200 https://registry.npmjs.org/snapdragon/-/snapdragon-0.8.2.tgz 503ms (cache miss)
1774 http fetch GET 200 https://registry.npmjs.org/setprototypeof/-/setprototypeof-1.2.0.tgz 504ms (cache miss)
1775 http fetch GET 200 https://registry.npmjs.org/shallow-clone/-/shallow-clone-3.0.1.tgz 504ms (cache miss)
1776 http fetch GET 200 https://registry.npmjs.org/snapdragon-util/-/snapdragon-util-3.0.1.tgz 505ms (cache miss)
1777 http fetch GET 200 https://registry.npmjs.org/sockjs/-/sockjs-0.3.24.tgz 505ms (cache miss)
1778 http fetch GET 200 https://registry.npmjs.org/set-value/-/set-value-2.0.1.tgz 512ms (cache miss)
1779 http fetch GET 200 https://registry.npmjs.org/set-blocking/-/set-blocking-2.0.0.tgz 518ms (cache miss)
1780 http fetch GET 200 https://registry.npmjs.org/send/-/send-0.18.0.tgz 524ms (cache miss)
1781 http fetch GET 200 https://registry.npmjs.org/serialize-javascript/-/serialize-javascript-6.0.1.tgz 534ms (cache miss)
1782 http fetch GET 200 https://registry.npmjs.org/serve-static/-/serve-static-1.15.0.tgz 534ms (cache miss)
1783 http fetch GET 200 https://registry.npmjs.org/semver/-/semver-6.3.0.tgz 536ms (cache miss)
1784 http fetch GET 200 https://registry.npmjs.org/selfsigned/-/selfsigned-1.10.14.tgz 537ms (cache miss)
1785 http fetch GET 200 https://registry.npmjs.org/select-hose/-/select-hose-2.0.0.tgz 542ms (cache miss)
1786 http fetch GET 200 https://registry.npmjs.org/sockjs-client/-/sockjs-client-1.6.1.tgz 545ms (cache miss)
1787 http fetch GET 200 https://registry.npmjs.org/safer-buffer/-/safer-buffer-2.1.2.tgz 546ms (cache miss)
1788 http fetch GET 200 https://registry.npmjs.org/safe-regex-test/-/safe-regex-test-1.0.0.tgz 548ms (cache miss)
1789 http fetch GET 200 https://registry.npmjs.org/scheduler/-/scheduler-0.20.2.tgz 553ms (cache miss)
1790 http fetch GET 200 https://registry.npmjs.org/schema-utils/-/schema-utils-2.7.1.tgz 553ms (cache miss)
1791 http fetch GET 200 https://registry.npmjs.org/safe-buffer/-/safe-buffer-5.2.1.tgz 553ms (cache miss)
1792 http fetch GET 200 https://registry.npmjs.org/safe-regex/-/safe-regex-1.1.0.tgz 553ms (cache miss)
1793 http fetch GET 200 https://registry.npmjs.org/rimraf/-/rimraf-2.7.1.tgz 564ms (cache miss)
1794 http fetch GET 200 https://registry.npmjs.org/resolve-url/-/resolve-url-0.2.1.tgz 566ms (cache miss)
1795 warn deprecated resolve-url@0.2.1: https://github.com/lydell/resolve-url#deprecated
1796 http fetch GET 200 https://registry.npmjs.org/resolve-cwd/-/resolve-cwd-3.0.0.tgz 567ms (cache miss)
1797 http fetch GET 200 https://registry.npmjs.org/resolve-from/-/resolve-from-5.0.0.tgz 569ms (cache miss)
1798 http fetch GET 200 https://registry.npmjs.org/retry/-/retry-0.12.0.tgz 571ms (cache miss)
1799 http fetch GET 200 https://registry.npmjs.org/ret/-/ret-0.1.15.tgz 573ms (cache miss)
1800 http fetch GET 200 https://registry.npmjs.org/safe-array-concat/-/safe-array-concat-1.0.0.tgz 574ms (cache miss)
1801 http fetch GET 200 https://registry.npmjs.org/requires-port/-/requires-port-1.0.0.tgz 575ms (cache miss)
1802 http fetch GET 200 https://registry.npmjs.org/resolve-pathname/-/resolve-pathname-3.0.0.tgz 580ms (cache miss)
1803 http fetch GET 200 https://registry.npmjs.org/serve-index/-/serve-index-1.9.1.tgz 585ms (cache miss)
1804 http fetch GET 200 https://registry.npmjs.org/require-main-filename/-/require-main-filename-2.0.0.tgz 586ms (cache miss)
1805 http fetch GET 200 https://registry.npmjs.org/repeat-element/-/repeat-element-1.1.4.tgz 586ms (cache miss)
1806 http fetch GET 200 https://registry.npmjs.org/repeat-string/-/repeat-string-1.6.1.tgz 588ms (cache miss)
1807 http fetch GET 200 https://registry.npmjs.org/require-directory/-/require-directory-2.1.1.tgz 589ms (cache miss)
1808 http fetch GET 200 https://registry.npmjs.org/relateurl/-/relateurl-0.2.7.tgz 593ms (cache miss)
1809 http fetch GET 200 https://registry.npmjs.org/regexpu-core/-/regexpu-core-5.3.2.tgz 603ms (cache miss)
1810 http fetch GET 200 https://registry.npmjs.org/regjsparser/-/regjsparser-0.9.1.tgz 603ms (cache miss)
1811 http fetch GET 200 https://registry.npmjs.org/regex-not/-/regex-not-1.0.2.tgz 606ms (cache miss)
1812 http fetch GET 200 https://registry.npmjs.org/webpack/-/webpack-5.88.0.tgz 623ms (cache miss)
1813 http fetch GET 200 https://registry.npmjs.org/remove-trailing-separator/-/remove-trailing-separator-1.1.0.tgz 614ms (cache miss)
1814 http fetch GET 200 https://registry.npmjs.org/regenerator-runtime/-/regenerator-runtime-0.13.11.tgz 617ms (cache miss)
1815 http fetch GET 200 https://registry.npmjs.org/regexp.prototype.flags/-/regexp.prototype.flags-1.5.0.tgz 619ms (cache miss)
1816 http fetch GET 200 https://registry.npmjs.org/regenerator-transform/-/regenerator-transform-0.15.1.tgz 620ms (cache miss)
1817 http fetch GET 200 https://registry.npmjs.org/regenerate/-/regenerate-1.4.2.tgz 626ms (cache miss)
1818 http fetch GET 200 https://registry.npmjs.org/readdirp/-/readdirp-2.2.1.tgz 629ms (cache miss)
1819 http fetch GET 200 https://registry.npmjs.org/rechoir/-/rechoir-0.7.1.tgz 633ms (cache miss)
1820 http fetch GET 200 https://registry.npmjs.org/resolve/-/resolve-1.22.2.tgz 636ms (cache miss)
1821 http fetch GET 200 https://registry.npmjs.org/readable-stream/-/readable-stream-2.3.8.tgz 635ms (cache miss)
1822 http fetch GET 200 https://registry.npmjs.org/react-is/-/react-is-17.0.2.tgz 647ms (cache miss)
1823 http fetch GET 200 https://registry.npmjs.org/raw-body/-/raw-body-2.5.1.tgz 649ms (cache miss)
1824 http fetch GET 200 https://registry.npmjs.org/react-transition-group/-/react-transition-group-4.4.5.tgz 654ms (cache miss)
1825 http fetch GET 200 https://registry.npmjs.org/react/-/react-17.0.2.tgz 656ms (cache miss)
1826 http fetch GET 200 https://registry.npmjs.org/range-parser/-/range-parser-1.2.1.tgz 658ms (cache miss)
1827 http fetch GET 200 https://registry.npmjs.org/renderkid/-/renderkid-2.0.7.tgz 668ms (cache miss)
1828 http fetch GET 200 https://registry.npmjs.org/react-router/-/react-router-5.3.4.tgz 671ms (cache miss)
1829 http fetch GET 200 https://registry.npmjs.org/querystringify/-/querystringify-2.2.0.tgz 678ms (cache miss)
1830 http fetch GET 200 https://registry.npmjs.org/randombytes/-/randombytes-2.1.0.tgz 678ms (cache miss)
1831 http fetch GET 200 https://registry.npmjs.org/punycode/-/punycode-2.3.0.tgz 700ms (cache miss)
1832 http fetch GET 200 https://registry.npmjs.org/prr/-/prr-1.0.1.tgz 700ms (cache miss)
1833 http fetch GET 200 https://registry.npmjs.org/pump/-/pump-3.0.0.tgz 700ms (cache miss)
1834 http fetch GET 200 https://registry.npmjs.org/qs/-/qs-6.11.0.tgz 705ms (cache miss)
1835 http fetch GET 200 https://registry.npmjs.org/process-nextick-args/-/process-nextick-args-2.0.1.tgz 705ms (cache miss)
1836 http fetch GET 200 https://registry.npmjs.org/prop-types/-/prop-types-15.8.1.tgz 705ms (cache miss)
1837 http fetch GET 200 https://registry.npmjs.org/proxy-addr/-/proxy-addr-2.0.7.tgz 706ms (cache miss)
1838 http fetch GET 200 https://registry.npmjs.org/react-router-dom/-/react-router-dom-5.3.4.tgz 707ms (cache miss)
1839 http fetch GET 200 https://registry.npmjs.org/postcss-value-parser/-/postcss-value-parser-4.2.0.tgz 707ms (cache miss)
1840 http fetch GET 200 https://registry.npmjs.org/pretty-error/-/pretty-error-2.1.2.tgz 709ms (cache miss)
1841 http fetch GET 200 https://registry.npmjs.org/postcss-modules-values/-/postcss-modules-values-4.0.0.tgz 718ms (cache miss)
1842 http fetch GET 200 https://registry.npmjs.org/postcss-selector-parser/-/postcss-selector-parser-6.0.13.tgz 722ms (cache miss)
1843 http fetch GET 200 https://registry.npmjs.org/postcss-modules-scope/-/postcss-modules-scope-3.0.0.tgz 730ms (cache miss)
1844 http fetch GET 200 https://registry.npmjs.org/postcss-modules-local-by-default/-/postcss-modules-local-by-default-4.0.3.tgz 730ms (cache miss)
1845 http fetch GET 200 https://registry.npmjs.org/postcss-modules-extract-imports/-/postcss-modules-extract-imports-3.0.0.tgz 741ms (cache miss)
1846 http fetch GET 200 https://registry.npmjs.org/pify/-/pify-4.0.1.tgz 745ms (cache miss)
1847 http fetch GET 200 https://registry.npmjs.org/posix-character-classes/-/posix-character-classes-0.1.1.tgz 746ms (cache miss)
1848 http fetch GET 200 https://registry.npmjs.org/path-to-regexp/-/path-to-regexp-1.8.0.tgz 746ms (cache miss)
1849 http fetch GET 200 https://registry.npmjs.org/portfinder/-/portfinder-1.0.32.tgz 748ms (cache miss)
1850 http fetch GET 200 https://registry.npmjs.org/pkg-dir/-/pkg-dir-4.2.0.tgz 748ms (cache miss)
1851 http fetch GET 200 https://registry.npmjs.org/picomatch/-/picomatch-2.3.1.tgz 751ms (cache miss)
1852 http fetch GET 200 https://registry.npmjs.org/pinkie/-/pinkie-2.0.4.tgz 751ms (cache miss)
1853 http fetch GET 200 https://registry.npmjs.org/pinkie-promise/-/pinkie-promise-2.0.1.tgz 752ms (cache miss)
1854 http fetch GET 200 https://registry.npmjs.org/picocolors/-/picocolors-1.0.0.tgz 756ms (cache miss)
1855 http fetch GET 200 https://registry.npmjs.org/postcss/-/postcss-8.4.24.tgz 768ms (cache miss)
1856 http fetch GET 200 https://registry.npmjs.org/react-dom/-/react-dom-17.0.2.tgz 772ms (cache miss)
1857 http fetch GET 200 https://registry.npmjs.org/path-key/-/path-key-3.1.1.tgz 769ms (cache miss)
1858 http fetch GET 200 https://registry.npmjs.org/path-is-inside/-/path-is-inside-1.0.2.tgz 772ms (cache miss)
1859 http fetch GET 200 https://registry.npmjs.org/path-is-absolute/-/path-is-absolute-1.0.1.tgz 776ms (cache miss)
1860 http fetch GET 200 https://registry.npmjs.org/regenerate-unicode-properties/-/regenerate-unicode-properties-10.1.0.tgz 781ms (cache miss)
1861 http fetch GET 200 https://registry.npmjs.org/path-dirname/-/path-dirname-1.0.2.tgz 779ms (cache miss)
1862 http fetch GET 200 https://registry.npmjs.org/path-parse/-/path-parse-1.0.7.tgz 779ms (cache miss)
1863 http fetch GET 200 https://registry.npmjs.org/pascal-case/-/pascal-case-3.1.2.tgz 780ms (cache miss)
1864 http fetch GET 200 https://registry.npmjs.org/path-exists/-/path-exists-4.0.0.tgz 783ms (cache miss)
1865 http fetch GET 200 https://registry.npmjs.org/param-case/-/param-case-3.0.4.tgz 786ms (cache miss)
1866 http fetch GET 200 https://registry.npmjs.org/p-retry/-/p-retry-3.0.1.tgz 787ms (cache miss)
1867 http fetch GET 200 https://registry.npmjs.org/parseurl/-/parseurl-1.3.3.tgz 788ms (cache miss)
1868 http fetch GET 200 https://registry.npmjs.org/pascalcase/-/pascalcase-0.1.1.tgz 794ms (cache miss)
1869 http fetch GET 200 https://registry.npmjs.org/p-try/-/p-try-2.2.0.tgz 795ms (cache miss)
1870 http fetch GET 200 https://registry.npmjs.org/p-map/-/p-map-2.1.0.tgz 801ms (cache miss)
1871 http fetch GET 200 https://registry.npmjs.org/p-locate/-/p-locate-4.1.0.tgz 802ms (cache miss)
1872 http fetch GET 200 https://registry.npmjs.org/p-limit/-/p-limit-2.3.0.tgz 814ms (cache miss)
1873 http fetch GET 200 https://registry.npmjs.org/on-finished/-/on-finished-2.4.1.tgz 814ms (cache miss)
1874 http fetch GET 200 https://registry.npmjs.org/p-finally/-/p-finally-1.0.0.tgz 816ms (cache miss)
1875 http fetch GET 200 https://registry.npmjs.org/on-headers/-/on-headers-1.0.2.tgz 816ms (cache miss)
1876 http fetch GET 200 https://registry.npmjs.org/opn/-/opn-5.5.0.tgz 816ms (cache miss)
1877 http fetch GET 200 https://registry.npmjs.org/once/-/once-1.4.0.tgz 817ms (cache miss)
1878 http fetch GET 200 https://registry.npmjs.org/object.getownpropertydescriptors/-/object.getownpropertydescriptors-2.1.6.tgz 831ms (cache miss)
1879 http fetch GET 200 https://registry.npmjs.org/object.pick/-/object.pick-1.3.0.tgz 831ms (cache miss)
1880 http fetch GET 200 https://registry.npmjs.org/object-keys/-/object-keys-1.1.1.tgz 831ms (cache miss)
1881 http fetch GET 200 https://registry.npmjs.org/popper.js/-/popper.js-1.16.1-lts.tgz 842ms (cache miss)
1882 http fetch GET 200 https://registry.npmjs.org/obuf/-/obuf-1.1.2.tgz 851ms (cache miss)
1883 http fetch GET 200 https://registry.npmjs.org/object-is/-/object-is-1.1.5.tgz 853ms (cache miss)
1884 http fetch GET 200 https://registry.npmjs.org/object-visit/-/object-visit-1.0.1.tgz 857ms (cache miss)
1885 http fetch GET 200 https://registry.npmjs.org/npm-run-path/-/npm-run-path-2.0.2.tgz 862ms (cache miss)
1886 http fetch GET 200 https://registry.npmjs.org/nth-check/-/nth-check-2.1.1.tgz 863ms (cache miss)
1887 http fetch GET 200 https://registry.npmjs.org/node-releases/-/node-releases-2.0.12.tgz 863ms (cache miss)
1888 http fetch GET 200 https://registry.npmjs.org/object-copy/-/object-copy-0.1.0.tgz 864ms (cache miss)
1889 http fetch GET 200 https://registry.npmjs.org/normalize-path/-/normalize-path-3.0.0.tgz 864ms (cache miss)
1890 http fetch GET 200 https://registry.npmjs.org/object-assign/-/object-assign-4.1.1.tgz 864ms (cache miss)
1891 http fetch GET 200 https://registry.npmjs.org/no-case/-/no-case-3.0.4.tgz 866ms (cache miss)
1892 http fetch GET 200 https://registry.npmjs.org/object-inspect/-/object-inspect-1.12.3.tgz 870ms (cache miss)
1893 http fetch GET 200 https://registry.npmjs.org/nanomatch/-/nanomatch-1.2.13.tgz 912ms (cache miss)
1894 http fetch GET 200 https://registry.npmjs.org/neo-async/-/neo-async-2.6.2.tgz 921ms (cache miss)
1895 http fetch GET 200 https://registry.npmjs.org/negotiator/-/negotiator-0.6.3.tgz 932ms (cache miss)
1896 http fetch GET 200 https://registry.npmjs.org/multicast-dns-service-types/-/multicast-dns-service-types-1.1.0.tgz 941ms (cache miss)
1897 http fetch GET 200 https://registry.npmjs.org/mkdirp/-/mkdirp-0.5.6.tgz 942ms (cache miss)
1898 http fetch GET 200 https://registry.npmjs.org/nanoid/-/nanoid-3.3.6.tgz 942ms (cache miss)
1899 http fetch GET 200 https://registry.npmjs.org/ms/-/ms-2.1.2.tgz 942ms (cache miss)
1900 http fetch GET 200 https://registry.npmjs.org/multicast-dns/-/multicast-dns-6.2.3.tgz 942ms (cache miss)
1901 http fetch GET 200 https://registry.npmjs.org/minimatch/-/minimatch-3.1.2.tgz 943ms (cache miss)
1902 http fetch GET 200 https://registry.npmjs.org/nice-try/-/nice-try-1.0.5.tgz 943ms (cache miss)
1903 http fetch GET 200 https://registry.npmjs.org/mixin-deep/-/mixin-deep-1.3.2.tgz 944ms (cache miss)
1904 http fetch GET 200 https://registry.npmjs.org/minimist/-/minimist-1.2.8.tgz 949ms (cache miss)
1905 http fetch GET 200 https://registry.npmjs.org/node-forge/-/node-forge-0.10.0.tgz 951ms (cache miss)
1906 http fetch GET 200 https://registry.npmjs.org/minimalistic-assert/-/minimalistic-assert-1.0.1.tgz 955ms (cache miss)
1907 http fetch GET 200 https://registry.npmjs.org/mime-types/-/mime-types-2.1.35.tgz 956ms (cache miss)
1908 http fetch GET 200 https://registry.npmjs.org/object.assign/-/object.assign-4.1.4.tgz 961ms (cache miss)
1909 http fetch GET 200 https://registry.npmjs.org/nan/-/nan-2.17.0.tgz 961ms (cache miss)
1910 http fetch GET 200 https://registry.npmjs.org/mime-db/-/mime-db-1.52.0.tgz 972ms (cache miss)
1911 http fetch GET 200 https://registry.npmjs.org/memory-fs/-/memory-fs-0.4.1.tgz 982ms (cache miss)
1912 http fetch GET 200 https://registry.npmjs.org/merge-stream/-/merge-stream-2.0.0.tgz 989ms (cache miss)
1913 http fetch GET 200 https://registry.npmjs.org/media-typer/-/media-typer-0.3.0.tgz 990ms (cache miss)
1914 http fetch GET 200 https://registry.npmjs.org/lower-case/-/lower-case-2.0.2.tgz 989ms (cache miss)
1915 http fetch GET 200 https://registry.npmjs.org/make-dir/-/make-dir-3.1.0.tgz 990ms (cache miss)
1916 http fetch GET 200 https://registry.npmjs.org/merge-descriptors/-/merge-descriptors-1.0.1.tgz 991ms (cache miss)
1917 http fetch GET 200 https://registry.npmjs.org/mime/-/mime-1.6.0.tgz 992ms (cache miss)
1918 http fetch GET 200 https://registry.npmjs.org/methods/-/methods-1.1.2.tgz 992ms (cache miss)
1919 http fetch GET 200 https://registry.npmjs.org/map-visit/-/map-visit-1.0.0.tgz 993ms (cache miss)
1920 http fetch GET 200 https://registry.npmjs.org/map-cache/-/map-cache-0.2.2.tgz 994ms (cache miss)
1921 http fetch GET 200 https://registry.npmjs.org/micromatch/-/micromatch-3.1.10.tgz 996ms (cache miss)
1922 http fetch GET 200 https://registry.npmjs.org/loose-envify/-/loose-envify-1.4.0.tgz 996ms (cache miss)
1923 http fetch GET 200 https://registry.npmjs.org/lru-cache/-/lru-cache-5.1.1.tgz 997ms (cache miss)
1924 http fetch GET 200 https://registry.npmjs.org/lodash.debounce/-/lodash.debounce-4.0.8.tgz 1000ms (cache miss)
1925 http fetch GET 200 https://registry.npmjs.org/locate-path/-/locate-path-5.0.0.tgz 1009ms (cache miss)
1926 http fetch GET 200 https://registry.npmjs.org/loader-utils/-/loader-utils-2.0.4.tgz 1009ms (cache miss)
1927 http fetch GET 200 https://registry.npmjs.org/kind-of/-/kind-of-3.2.2.tgz 1015ms (cache miss)
1928 http fetch GET 200 https://registry.npmjs.org/loader-runner/-/loader-runner-4.3.0.tgz 1024ms (cache miss)
1929 http fetch GET 200 https://registry.npmjs.org/killable/-/killable-1.0.1.tgz 1024ms (cache miss)
1930 http fetch GET 200 https://registry.npmjs.org/jss-plugin-vendor-prefixer/-/jss-plugin-vendor-prefixer-10.10.0.tgz 1040ms (cache miss)
1931 http fetch GET 200 https://registry.npmjs.org/jss-plugin-nested/-/jss-plugin-nested-10.10.0.tgz 1041ms (cache miss)
1932 http fetch GET 200 https://registry.npmjs.org/jss-plugin-props-sort/-/jss-plugin-props-sort-10.10.0.tgz 1045ms (cache miss)
1933 http fetch GET 200 https://registry.npmjs.org/loglevel/-/loglevel-1.8.1.tgz 1048ms (cache miss)
1934 http fetch GET 200 https://registry.npmjs.org/jss-plugin-global/-/jss-plugin-global-10.10.0.tgz 1052ms (cache miss)
1935 http fetch GET 200 https://registry.npmjs.org/jss-plugin-camel-case/-/jss-plugin-camel-case-10.10.0.tgz 1053ms (cache miss)
1936 http fetch GET 200 https://registry.npmjs.org/jsesc/-/jsesc-2.5.2.tgz 1054ms (cache miss)
1937 http fetch GET 200 https://registry.npmjs.org/jss-plugin-rule-value-function/-/jss-plugin-rule-value-function-10.10.0.tgz 1057ms (cache miss)
1938 http fetch GET 200 https://registry.npmjs.org/json-schema-traverse/-/json-schema-traverse-0.4.1.tgz 1058ms (cache miss)
1939 http fetch GET 200 https://registry.npmjs.org/json-parse-even-better-errors/-/json-parse-even-better-errors-2.3.1.tgz 1062ms (cache miss)
1940 http fetch GET 200 https://registry.npmjs.org/js-tokens/-/js-tokens-4.0.0.tgz 1063ms (cache miss)
1941 http fetch GET 200 https://registry.npmjs.org/jss-plugin-default-unit/-/jss-plugin-default-unit-10.10.0.tgz 1065ms (cache miss)
1942 http fetch GET 200 https://registry.npmjs.org/json5/-/json5-2.2.3.tgz 1065ms (cache miss)
1943 http fetch GET 200 https://registry.npmjs.org/isobject/-/isobject-3.0.1.tgz 1076ms (cache miss)
1944 http fetch GET 200 https://registry.npmjs.org/is-wsl/-/is-wsl-1.1.0.tgz 1078ms (cache miss)
1945 http fetch GET 200 https://registry.npmjs.org/isarray/-/isarray-0.0.1.tgz 1082ms (cache miss)
1946 http fetch GET 200 https://registry.npmjs.org/is-windows/-/is-windows-1.0.2.tgz 1081ms (cache miss)
1947 http fetch GET 200 https://registry.npmjs.org/isexe/-/isexe-2.0.0.tgz 1082ms (cache miss)
1948 http fetch GET 200 https://registry.npmjs.org/jest-worker/-/jest-worker-27.5.1.tgz 1084ms (cache miss)
1949 http fetch GET 200 https://registry.npmjs.org/is-weakref/-/is-weakref-1.0.2.tgz 1087ms (cache miss)
1950 http fetch GET 200 https://registry.npmjs.org/is-typed-array/-/is-typed-array-1.1.10.tgz 1090ms (cache miss)
1951 http fetch GET 200 https://registry.npmjs.org/is-symbol/-/is-symbol-1.0.4.tgz 1091ms (cache miss)
1952 http fetch GET 200 https://registry.npmjs.org/is-string/-/is-string-1.0.7.tgz 1092ms (cache miss)
1953 http fetch GET 200 https://registry.npmjs.org/is-stream/-/is-stream-1.1.0.tgz 1095ms (cache miss)
1954 http fetch GET 200 https://registry.npmjs.org/is-regex/-/is-regex-1.1.4.tgz 1095ms (cache miss)
1955 http fetch GET 200 https://registry.npmjs.org/is-shared-array-buffer/-/is-shared-array-buffer-1.0.2.tgz 1099ms (cache miss)
1956 http fetch GET 200 https://registry.npmjs.org/is-path-inside/-/is-path-inside-2.1.0.tgz 1103ms (cache miss)
1957 http fetch GET 200 https://registry.npmjs.org/is-plain-object/-/is-plain-object-2.0.4.tgz 1104ms (cache miss)
1958 http fetch GET 200 https://registry.npmjs.org/is-path-cwd/-/is-path-cwd-2.2.0.tgz 1103ms (cache miss)
1959 http fetch GET 200 https://registry.npmjs.org/jss/-/jss-10.10.0.tgz 1111ms (cache miss)
1960 http fetch GET 200 https://registry.npmjs.org/is-path-in-cwd/-/is-path-in-cwd-2.1.0.tgz 1110ms (cache miss)
1961 http fetch GET 200 https://registry.npmjs.org/is-in-browser/-/is-in-browser-1.1.3.tgz 1121ms (cache miss)
1962 http fetch GET 200 https://registry.npmjs.org/is-number/-/is-number-3.0.0.tgz 1121ms (cache miss)
1963 http fetch GET 200 https://registry.npmjs.org/is-glob/-/is-glob-4.0.3.tgz 1123ms (cache miss)
1964 http fetch GET 200 https://registry.npmjs.org/is-number-object/-/is-number-object-1.0.7.tgz 1126ms (cache miss)
1965 http fetch GET 200 https://registry.npmjs.org/is-date-object/-/is-date-object-1.0.5.tgz 1126ms (cache miss)
1966 http fetch GET 200 https://registry.npmjs.org/is-descriptor/-/is-descriptor-1.0.2.tgz 1127ms (cache miss)
1967 http fetch GET 200 https://registry.npmjs.org/is-extglob/-/is-extglob-2.1.1.tgz 1130ms (cache miss)
1968 http fetch GET 200 https://registry.npmjs.org/is-data-descriptor/-/is-data-descriptor-1.0.0.tgz 1127ms (cache miss)
1969 http fetch GET 200 https://registry.npmjs.org/is-negative-zero/-/is-negative-zero-2.0.2.tgz 1131ms (cache miss)
1970 http fetch GET 200 https://registry.npmjs.org/is-extendable/-/is-extendable-0.1.1.tgz 1131ms (cache miss)
1971 http fetch GET 200 https://registry.npmjs.org/is-buffer/-/is-buffer-1.1.6.tgz 1131ms (cache miss)
1972 http fetch GET 200 https://registry.npmjs.org/is-fullwidth-code-point/-/is-fullwidth-code-point-2.0.0.tgz 1132ms (cache miss)
1973 http fetch GET 200 https://registry.npmjs.org/is-core-module/-/is-core-module-2.12.1.tgz 1134ms (cache miss)
1974 http fetch GET 200 https://registry.npmjs.org/is-callable/-/is-callable-1.2.7.tgz 1144ms (cache miss)
1975 http fetch GET 200 https://registry.npmjs.org/is-boolean-object/-/is-boolean-object-1.1.2.tgz 1151ms (cache miss)
1976 http fetch GET 200 https://registry.npmjs.org/is-absolute-url/-/is-absolute-url-3.0.3.tgz 1158ms (cache miss)
1977 http fetch GET 200 https://registry.npmjs.org/is-binary-path/-/is-binary-path-1.0.1.tgz 1159ms (cache miss)
1978 http fetch GET 200 https://registry.npmjs.org/is-accessor-descriptor/-/is-accessor-descriptor-1.0.0.tgz 1158ms (cache miss)
1979 http fetch GET 200 https://registry.npmjs.org/is-bigint/-/is-bigint-1.0.4.tgz 1160ms (cache miss)
1980 http fetch GET 200 https://registry.npmjs.org/is-array-buffer/-/is-array-buffer-3.0.2.tgz 1170ms (cache miss)
1981 http fetch GET 200 https://registry.npmjs.org/ip/-/ip-1.1.8.tgz 1170ms (cache miss)
1982 http fetch GET 200 https://registry.npmjs.org/is-arguments/-/is-arguments-1.1.1.tgz 1172ms (cache miss)
1983 http fetch GET 200 https://registry.npmjs.org/ipaddr.js/-/ipaddr.js-1.9.1.tgz 1173ms (cache miss)
1984 http fetch GET 200 https://registry.npmjs.org/internal-slot/-/internal-slot-1.0.5.tgz 1172ms (cache miss)
1985 http fetch GET 200 https://registry.npmjs.org/inflight/-/inflight-1.0.6.tgz 1171ms (cache miss)
1986 http fetch GET 200 https://registry.npmjs.org/internal-ip/-/internal-ip-4.3.0.tgz 1172ms (cache miss)
1987 http fetch GET 200 https://registry.npmjs.org/interpret/-/interpret-2.2.0.tgz 1173ms (cache miss)
1988 http fetch GET 200 https://registry.npmjs.org/ip-regex/-/ip-regex-2.1.0.tgz 1177ms (cache miss)
1989 http fetch GET 200 https://registry.npmjs.org/inherits/-/inherits-2.0.4.tgz 1188ms (cache miss)
1990 http fetch GET 200 https://registry.npmjs.org/icss-utils/-/icss-utils-5.1.0.tgz 1192ms (cache miss)
1991 http fetch GET 200 https://registry.npmjs.org/import-local/-/import-local-3.1.0.tgz 1193ms (cache miss)
1992 http fetch GET 200 https://registry.npmjs.org/hyphenate-style-name/-/hyphenate-style-name-1.0.4.tgz 1192ms (cache miss)
1993 http fetch GET 200 https://registry.npmjs.org/http-errors/-/http-errors-2.0.0.tgz 1220ms (cache miss)
1994 http fetch GET 200 https://registry.npmjs.org/http-parser-js/-/http-parser-js-0.5.8.tgz 1227ms (cache miss)
1995 http fetch GET 200 https://registry.npmjs.org/http-deceiver/-/http-deceiver-1.2.7.tgz 1227ms (cache miss)
1996 http fetch GET 200 https://registry.npmjs.org/hoist-non-react-statics/-/hoist-non-react-statics-3.3.2.tgz 1232ms (cache miss)
1997 http fetch GET 200 https://registry.npmjs.org/has-value/-/has-value-1.0.0.tgz 1234ms (cache miss)
1998 http fetch GET 200 https://registry.npmjs.org/http-proxy-middleware/-/http-proxy-middleware-0.19.1.tgz 1236ms (cache miss)
1999 http fetch GET 200 https://registry.npmjs.org/has-values/-/has-values-1.0.0.tgz 1236ms (cache miss)
2000 http fetch GET 200 https://registry.npmjs.org/http-proxy/-/http-proxy-1.18.1.tgz 1238ms (cache miss)
2001 http fetch GET 200 https://registry.npmjs.org/iconv-lite/-/iconv-lite-0.4.24.tgz 1240ms (cache miss)
2002 http fetch GET 200 https://registry.npmjs.org/html-entities/-/html-entities-1.4.0.tgz 1238ms (cache miss)
2003 http fetch GET 200 https://registry.npmjs.org/html-minifier-terser/-/html-minifier-terser-5.1.1.tgz 1237ms (cache miss)
2004 http fetch GET 200 https://registry.npmjs.org/html-webpack-plugin/-/html-webpack-plugin-4.5.2.tgz 1241ms (cache miss)
2005 http fetch GET 200 https://registry.npmjs.org/htmlparser2/-/htmlparser2-6.1.0.tgz 1244ms (cache miss)
2006 http fetch GET 200 https://registry.npmjs.org/hpack.js/-/hpack.js-2.1.6.tgz 1246ms (cache miss)
2007 http fetch GET 200 https://registry.npmjs.org/history/-/history-4.10.1.tgz 1248ms (cache miss)
2008 http fetch GET 200 https://registry.npmjs.org/has-tostringtag/-/has-tostringtag-1.0.0.tgz 1250ms (cache miss)
2009 http fetch GET 200 https://registry.npmjs.org/he/-/he-1.2.0.tgz 1253ms (cache miss)
2010 http fetch GET 200 https://registry.npmjs.org/has/-/has-1.0.3.tgz 1254ms (cache miss)
2011 http fetch GET 200 https://registry.npmjs.org/has-proto/-/has-proto-1.0.1.tgz 1256ms (cache miss)
2012 http fetch GET 200 https://registry.npmjs.org/handle-thing/-/handle-thing-2.0.1.tgz 1258ms (cache miss)
2013 http fetch GET 200 https://registry.npmjs.org/has-flag/-/has-flag-3.0.0.tgz 1259ms (cache miss)
2014 http fetch GET 200 https://registry.npmjs.org/graceful-fs/-/graceful-fs-4.2.11.tgz 1262ms (cache miss)
2015 http fetch GET 200 https://registry.npmjs.org/has-symbols/-/has-symbols-1.0.3.tgz 1263ms (cache miss)
2016 http fetch GET 200 https://registry.npmjs.org/has-bigints/-/has-bigints-1.0.2.tgz 1262ms (cache miss)
2017 http fetch GET 200 https://registry.npmjs.org/globby/-/globby-6.1.0.tgz 1263ms (cache miss)
2018 http fetch GET 200 https://registry.npmjs.org/gopd/-/gopd-1.0.1.tgz 1265ms (cache miss)
2019 http fetch GET 200 https://registry.npmjs.org/globalthis/-/globalthis-1.0.3.tgz 1265ms (cache miss)
2020 http fetch GET 200 https://registry.npmjs.org/has-property-descriptors/-/has-property-descriptors-1.0.0.tgz 1268ms (cache miss)
2021 http fetch GET 200 https://registry.npmjs.org/glob-parent/-/glob-parent-3.1.0.tgz 1270ms (cache miss)
2022 http fetch GET 200 https://registry.npmjs.org/glob/-/glob-7.2.3.tgz 1278ms (cache miss)
2023 http fetch GET 200 https://registry.npmjs.org/glob-to-regexp/-/glob-to-regexp-0.4.1.tgz 1284ms (cache miss)
2024 http fetch GET 200 https://registry.npmjs.org/get-value/-/get-value-2.0.6.tgz 1284ms (cache miss)
2025 http fetch GET 200 https://registry.npmjs.org/lodash/-/lodash-4.17.21.tgz 1302ms (cache miss)
2026 http fetch GET 200 https://registry.npmjs.org/get-symbol-description/-/get-symbol-description-1.0.0.tgz 1290ms (cache miss)
2027 http fetch GET 200 https://registry.npmjs.org/get-stream/-/get-stream-4.1.0.tgz 1291ms (cache miss)
2028 http fetch GET 200 https://registry.npmjs.org/get-intrinsic/-/get-intrinsic-1.2.1.tgz 1291ms (cache miss)
2029 http fetch GET 200 https://registry.npmjs.org/globals/-/globals-11.12.0.tgz 1293ms (cache miss)
2030 http fetch GET 200 https://registry.npmjs.org/function.prototype.name/-/function.prototype.name-1.1.5.tgz 1298ms (cache miss)
2031 http fetch GET 200 https://registry.npmjs.org/fresh/-/fresh-0.5.2.tgz 1306ms (cache miss)
2032 http fetch GET 200 https://registry.npmjs.org/functions-have-names/-/functions-have-names-1.2.3.tgz 1306ms (cache miss)
2033 http fetch GET 200 https://registry.npmjs.org/function-bind/-/function-bind-1.1.1.tgz 1306ms (cache miss)
2034 http fetch GET 200 https://registry.npmjs.org/fsevents/-/fsevents-1.2.13.tgz 1306ms (cache miss)
2035 http fetch GET 200 https://registry.npmjs.org/get-caller-file/-/get-caller-file-2.0.5.tgz 1307ms (cache miss)
2036 warn deprecated fsevents@1.2.13: The v1 package contains DANGEROUS / INSECURE binaries. Upgrade to safe fsevents v2
2037 http fetch GET 200 https://registry.npmjs.org/fs.realpath/-/fs.realpath-1.0.0.tgz 1311ms (cache miss)
2038 http fetch GET 200 https://registry.npmjs.org/fragment-cache/-/fragment-cache-0.2.1.tgz 1312ms (cache miss)
2039 http fetch GET 200 https://registry.npmjs.org/gensync/-/gensync-1.0.0-beta.2.tgz 1318ms (cache miss)
2040 http fetch GET 200 https://registry.npmjs.org/for-in/-/for-in-1.0.2.tgz 1318ms (cache miss)
2041 http fetch GET 200 https://registry.npmjs.org/for-each/-/for-each-0.3.3.tgz 1321ms (cache miss)
2042 http fetch GET 200 https://registry.npmjs.org/follow-redirects/-/follow-redirects-1.15.2.tgz 1323ms (cache miss)
2043 http fetch GET 200 https://registry.npmjs.org/find-up/-/find-up-4.1.0.tgz 1325ms (cache miss)
2044 http fetch GET 200 https://registry.npmjs.org/finalhandler/-/finalhandler-1.2.0.tgz 1329ms (cache miss)
2045 http fetch GET 200 https://registry.npmjs.org/fill-range/-/fill-range-4.0.0.tgz 1359ms (cache miss)
2046 http fetch GET 200 https://registry.npmjs.org/fastest-levenshtein/-/fastest-levenshtein-1.0.16.tgz 1359ms (cache miss)
2047 http fetch GET 200 https://registry.npmjs.org/file-uri-to-path/-/file-uri-to-path-1.0.0.tgz 1359ms (cache miss)
2048 http fetch GET 200 https://registry.npmjs.org/find-cache-dir/-/find-cache-dir-3.3.2.tgz 1361ms (cache miss)
2049 http fetch GET 200 https://registry.npmjs.org/forwarded/-/forwarded-0.2.0.tgz 1361ms (cache miss)
2050 http fetch GET 200 https://registry.npmjs.org/faye-websocket/-/faye-websocket-0.11.4.tgz 1361ms (cache miss)
2051 http fetch GET 200 https://registry.npmjs.org/fast-json-stable-stringify/-/fast-json-stable-stringify-2.1.0.tgz 1362ms (cache miss)
2052 http fetch GET 200 https://registry.npmjs.org/expand-brackets/-/expand-brackets-2.1.4.tgz 1364ms (cache miss)
2053 http fetch GET 200 https://registry.npmjs.org/extglob/-/extglob-2.0.4.tgz 1365ms (cache miss)
2054 http fetch GET 200 https://registry.npmjs.org/fast-deep-equal/-/fast-deep-equal-3.1.3.tgz 1364ms (cache miss)
2055 http fetch GET 200 https://registry.npmjs.org/extend-shallow/-/extend-shallow-2.0.1.tgz 1365ms (cache miss)
2056 http fetch GET 200 https://registry.npmjs.org/execa/-/execa-1.0.0.tgz 1367ms (cache miss)
2057 http fetch GET 200 https://registry.npmjs.org/eventsource/-/eventsource-2.0.2.tgz 1371ms (cache miss)
2058 http fetch GET 200 https://registry.npmjs.org/events/-/events-3.3.0.tgz 1373ms (cache miss)
2059 http fetch GET 200 https://registry.npmjs.org/express/-/express-4.18.2.tgz 1381ms (cache miss)
2060 http fetch GET 200 https://registry.npmjs.org/esutils/-/esutils-2.0.3.tgz 1384ms (cache miss)
2061 http fetch GET 200 https://registry.npmjs.org/esrecurse/-/esrecurse-4.3.0.tgz 1403ms (cache miss)
2062 http fetch GET 200 https://registry.npmjs.org/eventemitter3/-/eventemitter3-4.0.7.tgz 1403ms (cache miss)
2063 http fetch GET 200 https://registry.npmjs.org/escape-html/-/escape-html-1.0.3.tgz 1404ms (cache miss)
2064 http fetch GET 200 https://registry.npmjs.org/etag/-/etag-1.8.1.tgz 1408ms (cache miss)
2065 http fetch GET 200 https://registry.npmjs.org/escalade/-/escalade-3.1.1.tgz 1407ms (cache miss)
2066 http fetch GET 200 https://registry.npmjs.org/es-to-primitive/-/es-to-primitive-1.2.1.tgz 1408ms (cache miss)
2067 http fetch GET 200 https://registry.npmjs.org/estraverse/-/estraverse-4.3.0.tgz 1410ms (cache miss)
2068 http fetch GET 200 https://registry.npmjs.org/es-set-tostringtag/-/es-set-tostringtag-2.0.1.tgz 1413ms (cache miss)
2069 http fetch GET 200 https://registry.npmjs.org/es-module-lexer/-/es-module-lexer-1.3.0.tgz 1413ms (cache miss)
2070 http fetch GET 200 https://registry.npmjs.org/escape-string-regexp/-/escape-string-regexp-1.0.5.tgz 1414ms (cache miss)
2071 http fetch GET 200 https://registry.npmjs.org/es-array-method-boxes-properly/-/es-array-method-boxes-properly-1.0.0.tgz 1414ms (cache miss)
2072 http fetch GET 200 https://registry.npmjs.org/errno/-/errno-0.1.8.tgz 1414ms (cache miss)
2073 http fetch GET 200 https://registry.npmjs.org/eslint-scope/-/eslint-scope-5.1.1.tgz 1414ms (cache miss)
2074 http fetch GET 200 https://registry.npmjs.org/envinfo/-/envinfo-7.10.0.tgz 1427ms (cache miss)
2075 http fetch GET 200 https://registry.npmjs.org/entities/-/entities-2.2.0.tgz 1429ms (cache miss)
2076 http fetch GET 200 https://registry.npmjs.org/emojis-list/-/emojis-list-3.0.0.tgz 1436ms (cache miss)
2077 http fetch GET 200 https://registry.npmjs.org/encodeurl/-/encodeurl-1.0.2.tgz 1451ms (cache miss)
2078 http fetch GET 200 https://registry.npmjs.org/end-of-stream/-/end-of-stream-1.4.4.tgz 1451ms (cache miss)
2079 http fetch GET 200 https://registry.npmjs.org/ee-first/-/ee-first-1.1.1.tgz 1452ms (cache miss)
2080 http fetch GET 200 https://registry.npmjs.org/emoji-regex/-/emoji-regex-7.0.3.tgz 1452ms (cache miss)
2081 http fetch GET 200 https://registry.npmjs.org/dom-converter/-/dom-converter-0.2.0.tgz 1451ms (cache miss)
2082 http fetch GET 200 https://registry.npmjs.org/domhandler/-/domhandler-4.3.1.tgz 1455ms (cache miss)
2083 http fetch GET 200 https://registry.npmjs.org/dot-case/-/dot-case-3.0.4.tgz 1455ms (cache miss)
2084 http fetch GET 200 https://registry.npmjs.org/domelementtype/-/domelementtype-2.3.0.tgz 1463ms (cache miss)
2085 http fetch GET 200 https://registry.npmjs.org/domutils/-/domutils-2.8.0.tgz 1467ms (cache miss)
2086 http fetch GET 200 https://registry.npmjs.org/dom-serializer/-/dom-serializer-1.4.1.tgz 1470ms (cache miss)
2087 http fetch GET 200 https://registry.npmjs.org/enhanced-resolve/-/enhanced-resolve-5.15.0.tgz 1473ms (cache miss)
2088 http fetch GET 200 https://registry.npmjs.org/destroy/-/destroy-1.2.0.tgz 1478ms (cache miss)
2089 http fetch GET 200 https://registry.npmjs.org/dns-equal/-/dns-equal-1.0.0.tgz 1481ms (cache miss)
2090 http fetch GET 200 https://registry.npmjs.org/depd/-/depd-2.0.0.tgz 1482ms (cache miss)
2091 http fetch GET 200 https://registry.npmjs.org/del/-/del-4.1.1.tgz 1486ms (cache miss)
2092 http fetch GET 200 https://registry.npmjs.org/detect-node/-/detect-node-2.1.0.tgz 1489ms (cache miss)
2093 http fetch GET 200 https://registry.npmjs.org/define-properties/-/define-properties-1.2.0.tgz 1490ms (cache miss)
2094 http fetch GET 200 https://registry.npmjs.org/dns-packet/-/dns-packet-1.3.4.tgz 1490ms (cache miss)
2095 http fetch GET 200 https://registry.npmjs.org/dns-txt/-/dns-txt-2.0.2.tgz 1491ms (cache miss)
2096 http fetch GET 200 https://registry.npmjs.org/decamelize/-/decamelize-1.2.0.tgz 1491ms (cache miss)
2097 http fetch GET 200 https://registry.npmjs.org/default-gateway/-/default-gateway-4.2.0.tgz 1497ms (cache miss)
2098 http fetch GET 200 https://registry.npmjs.org/define-property/-/define-property-2.0.2.tgz 1498ms (cache miss)
2099 http fetch GET 200 https://registry.npmjs.org/decode-uri-component/-/decode-uri-component-0.2.2.tgz 1498ms (cache miss)
2100 http fetch GET 200 https://registry.npmjs.org/debug/-/debug-4.3.4.tgz 1500ms (cache miss)
2101 http fetch GET 200 https://registry.npmjs.org/deep-equal/-/deep-equal-1.1.1.tgz 1507ms (cache miss)
2102 http fetch GET 200 https://registry.npmjs.org/core-util-is/-/core-util-is-1.0.3.tgz 1530ms (cache miss)
2103 http fetch GET 200 https://registry.npmjs.org/cssesc/-/cssesc-3.0.0.tgz 1534ms (cache miss)
2104 http fetch GET 200 https://registry.npmjs.org/css-vendor/-/css-vendor-2.0.8.tgz 1534ms (cache miss)
2105 http fetch GET 200 https://registry.npmjs.org/copy-descriptor/-/copy-descriptor-0.1.1.tgz 1534ms (cache miss)
2106 http fetch GET 200 https://registry.npmjs.org/cookie-signature/-/cookie-signature-1.0.6.tgz 1539ms (cache miss)
2107 http fetch GET 200 https://registry.npmjs.org/convert-source-map/-/convert-source-map-1.9.0.tgz 1540ms (cache miss)
2108 http fetch GET 200 https://registry.npmjs.org/css-loader/-/css-loader-5.2.7.tgz 1542ms (cache miss)
2109 http fetch GET 200 https://registry.npmjs.org/cross-spawn/-/cross-spawn-7.0.3.tgz 1541ms (cache miss)
2110 http fetch GET 200 https://registry.npmjs.org/cookie/-/cookie-0.5.0.tgz 1542ms (cache miss)
2111 http fetch GET 200 https://registry.npmjs.org/css-what/-/css-what-6.1.0.tgz 1546ms (cache miss)
2112 http fetch GET 200 https://registry.npmjs.org/core-js-compat/-/core-js-compat-3.31.0.tgz 1545ms (cache miss)
2113 http fetch GET 200 https://registry.npmjs.org/concat-map/-/concat-map-0.0.1.tgz 1552ms (cache miss)
2114 http fetch GET 200 https://registry.npmjs.org/connect-history-api-fallback/-/connect-history-api-fallback-1.6.0.tgz 1554ms (cache miss)
2115 http fetch GET 200 https://registry.npmjs.org/css-select/-/css-select-4.3.0.tgz 1556ms (cache miss)
2116 http fetch GET 200 https://registry.npmjs.org/content-disposition/-/content-disposition-0.5.4.tgz 1560ms (cache miss)
2117 http fetch GET 200 https://registry.npmjs.org/content-type/-/content-type-1.0.5.tgz 1568ms (cache miss)
2118 http fetch GET 200 https://registry.npmjs.org/compressible/-/compressible-2.0.18.tgz 1569ms (cache miss)
2119 http fetch GET 200 https://registry.npmjs.org/dom-helpers/-/dom-helpers-5.2.1.tgz 1574ms (cache miss)
2120 http fetch GET 200 https://registry.npmjs.org/compression/-/compression-1.7.4.tgz 1573ms (cache miss)
2121 http fetch GET 200 https://registry.npmjs.org/component-emitter/-/component-emitter-1.3.0.tgz 1585ms (cache miss)
2122 http fetch GET 200 https://registry.npmjs.org/csstype/-/csstype-2.6.21.tgz 1586ms (cache miss)
2123 http fetch GET 200 https://registry.npmjs.org/commander/-/commander-4.1.1.tgz 1584ms (cache miss)
2124 http fetch GET 200 https://registry.npmjs.org/commondir/-/commondir-1.0.1.tgz 1585ms (cache miss)
2125 http fetch GET 200 https://registry.npmjs.org/clone-deep/-/clone-deep-4.0.1.tgz 1588ms (cache miss)
2126 http fetch GET 200 https://registry.npmjs.org/color-name/-/color-name-1.1.3.tgz 1589ms (cache miss)
2127 http fetch GET 200 https://registry.npmjs.org/color-convert/-/color-convert-1.9.3.tgz 1589ms (cache miss)
2128 http fetch GET 200 https://registry.npmjs.org/colorette/-/colorette-2.0.20.tgz 1589ms (cache miss)
2129 http fetch GET 200 https://registry.npmjs.org/clean-webpack-plugin/-/clean-webpack-plugin-3.0.0.tgz 1590ms (cache miss)
2130 http fetch GET 200 https://registry.npmjs.org/cliui/-/cliui-5.0.0.tgz 1593ms (cache miss)
2131 http fetch GET 200 https://registry.npmjs.org/clsx/-/clsx-1.2.1.tgz 1604ms (cache miss)
2132 http fetch GET 200 https://registry.npmjs.org/class-utils/-/class-utils-0.3.6.tgz 1608ms (cache miss)
2133 http fetch GET 200 https://registry.npmjs.org/collection-visit/-/collection-visit-1.0.0.tgz 1619ms (cache miss)
2134 http fetch GET 200 https://registry.npmjs.org/camel-case/-/camel-case-4.1.2.tgz 1625ms (cache miss)
2135 http fetch GET 200 https://registry.npmjs.org/call-bind/-/call-bind-1.0.2.tgz 1626ms (cache miss)
2136 http fetch GET 200 https://registry.npmjs.org/chokidar/-/chokidar-2.1.8.tgz 1626ms (cache miss)
2137 warn deprecated chokidar@2.1.8: Chokidar 2 does not receive security updates since 2019. Upgrade to chokidar 3 with 15x fewer dependencies
2138 http fetch GET 200 https://registry.npmjs.org/chrome-trace-event/-/chrome-trace-event-1.0.3.tgz 1630ms (cache miss)
2139 http fetch GET 200 https://registry.npmjs.org/chalk/-/chalk-2.4.2.tgz 1632ms (cache miss)
2140 http fetch GET 200 https://registry.npmjs.org/camelcase/-/camelcase-5.3.1.tgz 1632ms (cache miss)
2141 http fetch GET 200 https://registry.npmjs.org/buffer-indexof/-/buffer-indexof-1.1.1.tgz 1632ms (cache miss)
2142 http fetch GET 200 https://registry.npmjs.org/bytes/-/bytes-3.0.0.tgz 1632ms (cache miss)
2143 http fetch GET 200 https://registry.npmjs.org/cache-base/-/cache-base-1.0.1.tgz 1633ms (cache miss)
2144 http fetch GET 200 https://registry.npmjs.org/buffer-from/-/buffer-from-1.1.2.tgz 1637ms (cache miss)
2145 http fetch GET 200 https://registry.npmjs.org/braces/-/braces-2.3.2.tgz 1643ms (cache miss)
2146 http fetch GET 200 https://registry.npmjs.org/brace-expansion/-/brace-expansion-1.1.11.tgz 1644ms (cache miss)
2147 http fetch GET 200 https://registry.npmjs.org/boolbase/-/boolbase-1.0.0.tgz 1644ms (cache miss)
2148 http fetch GET 200 https://registry.npmjs.org/browserslist/-/browserslist-4.21.9.tgz 1654ms (cache miss)
2149 http fetch GET 200 https://registry.npmjs.org/clean-css/-/clean-css-4.2.4.tgz 1659ms (cache miss)
2150 http fetch GET 200 https://registry.npmjs.org/body-parser/-/body-parser-1.20.1.tgz 1659ms (cache miss)
2151 http fetch GET 200 https://registry.npmjs.org/bindings/-/bindings-1.5.0.tgz 1664ms (cache miss)
2152 http fetch GET 200 https://registry.npmjs.org/binary-extensions/-/binary-extensions-1.13.1.tgz 1665ms (cache miss)
2153 http fetch GET 200 https://registry.npmjs.org/big.js/-/big.js-5.2.2.tgz 1667ms (cache miss)
2154 http fetch GET 200 https://registry.npmjs.org/bonjour/-/bonjour-3.5.0.tgz 1668ms (cache miss)
2155 http fetch GET 200 https://registry.npmjs.org/batch/-/batch-0.6.1.tgz 1672ms (cache miss)
2156 http fetch GET 200 https://registry.npmjs.org/electron-to-chromium/-/electron-to-chromium-1.4.442.tgz 1680ms (cache miss)
2157 http fetch GET 200 https://registry.npmjs.org/base/-/base-0.11.2.tgz 1675ms (cache miss)
2158 http fetch GET 200 https://registry.npmjs.org/balanced-match/-/balanced-match-1.0.2.tgz 1677ms (cache miss)
2159 http fetch GET 200 https://registry.npmjs.org/babel-plugin-polyfill-regenerator/-/babel-plugin-polyfill-regenerator-0.5.0.tgz 1679ms (cache miss)
2160 http fetch GET 200 https://registry.npmjs.org/babel-loader/-/babel-loader-8.3.0.tgz 1684ms (cache miss)
2161 http fetch GET 200 https://registry.npmjs.org/babel-plugin-polyfill-corejs2/-/babel-plugin-polyfill-corejs2-0.4.3.tgz 1687ms (cache miss)
2162 http fetch GET 200 https://registry.npmjs.org/babel-plugin-polyfill-corejs3/-/babel-plugin-polyfill-corejs3-0.8.1.tgz 1686ms (cache miss)
2163 http fetch GET 200 https://registry.npmjs.org/available-typed-arrays/-/available-typed-arrays-1.0.5.tgz 1690ms (cache miss)
2164 http fetch GET 200 https://registry.npmjs.org/atob/-/atob-2.1.2.tgz 1697ms (cache miss)
2165 http fetch GET 200 https://registry.npmjs.org/assign-symbols/-/assign-symbols-1.0.0.tgz 1704ms (cache miss)
2166 http fetch GET 200 https://registry.npmjs.org/array.prototype.reduce/-/array.prototype.reduce-1.0.5.tgz 1705ms (cache miss)
2167 http fetch GET 200 https://registry.npmjs.org/async-each/-/async-each-1.0.6.tgz 1709ms (cache miss)
2168 http fetch GET 200 https://registry.npmjs.org/array-flatten/-/array-flatten-2.1.2.tgz 1726ms (cache miss)
2169 http fetch GET 200 https://registry.npmjs.org/array-union/-/array-union-1.0.2.tgz 1728ms (cache miss)
2170 http fetch GET 200 https://registry.npmjs.org/arr-flatten/-/arr-flatten-1.1.0.tgz 1727ms (cache miss)
2171 http fetch GET 200 https://registry.npmjs.org/array-uniq/-/array-uniq-1.0.3.tgz 1729ms (cache miss)
2172 http fetch GET 200 https://registry.npmjs.org/arr-diff/-/arr-diff-4.0.0.tgz 1728ms (cache miss)
2173 http fetch GET 200 https://registry.npmjs.org/async-limiter/-/async-limiter-1.0.1.tgz 1730ms (cache miss)
2174 http fetch GET 200 https://registry.npmjs.org/ansi-styles/-/ansi-styles-3.2.1.tgz 1734ms (cache miss)
2175 http fetch GET 200 https://registry.npmjs.org/array-buffer-byte-length/-/array-buffer-byte-length-1.0.0.tgz 1736ms (cache miss)
2176 http fetch GET 200 https://registry.npmjs.org/anymatch/-/anymatch-3.1.3.tgz 1735ms (cache miss)
2177 http fetch GET 200 https://registry.npmjs.org/array-unique/-/array-unique-0.3.2.tgz 1736ms (cache miss)
2178 http fetch GET 200 https://registry.npmjs.org/ansi-regex/-/ansi-regex-2.1.1.tgz 1740ms (cache miss)
2179 http fetch GET 200 https://registry.npmjs.org/ansi-html-community/-/ansi-html-community-0.0.8.tgz 1746ms (cache miss)
2180 http fetch GET 200 https://registry.npmjs.org/ansi-colors/-/ansi-colors-3.2.4.tgz 1752ms (cache miss)
2181 http fetch GET 200 https://registry.npmjs.org/arr-union/-/arr-union-3.1.0.tgz 1758ms (cache miss)
2182 http fetch GET 200 https://registry.npmjs.org/async/-/async-2.6.4.tgz 1764ms (cache miss)
2183 http fetch GET 200 https://registry.npmjs.org/ajv-errors/-/ajv-errors-1.0.1.tgz 1763ms (cache miss)
2184 http fetch GET 200 https://registry.npmjs.org/accepts/-/accepts-1.3.8.tgz 1770ms (cache miss)
2185 http fetch GET 200 https://registry.npmjs.org/ajv-keywords/-/ajv-keywords-3.5.2.tgz 1779ms (cache miss)
2186 http fetch GET 200 https://registry.npmjs.org/acorn-import-assertions/-/acorn-import-assertions-1.9.0.tgz 1780ms (cache miss)
2187 http fetch GET 200 https://registry.npmjs.org/@webpack-cli/info/-/info-1.5.0.tgz 1780ms (cache miss)
2188 http fetch GET 200 https://registry.npmjs.org/acorn/-/acorn-8.9.0.tgz 1785ms (cache miss)
2189 http fetch GET 200 https://registry.npmjs.org/@xtuc/ieee754/-/ieee754-1.2.0.tgz 1787ms (cache miss)
2190 http fetch GET 200 https://registry.npmjs.org/@webassemblyjs/wast-printer/-/wast-printer-1.11.6.tgz 1787ms (cache miss)
2191 http fetch GET 200 https://registry.npmjs.org/@webpack-cli/configtest/-/configtest-1.2.0.tgz 1789ms (cache miss)
2192 http fetch GET 200 https://registry.npmjs.org/@webassemblyjs/wasm-gen/-/wasm-gen-1.11.6.tgz 1804ms (cache miss)
2193 http fetch GET 200 https://registry.npmjs.org/ajv/-/ajv-6.12.6.tgz 1817ms (cache miss)
2194 http fetch GET 200 https://registry.npmjs.org/@webassemblyjs/helper-numbers/-/helper-numbers-1.11.6.tgz 1823ms (cache miss)
2195 http fetch GET 200 https://registry.npmjs.org/@webassemblyjs/helper-buffer/-/helper-buffer-1.11.6.tgz 1827ms (cache miss)
2196 http fetch GET 200 https://registry.npmjs.org/@webassemblyjs/helper-wasm-section/-/helper-wasm-section-1.11.6.tgz 1828ms (cache miss)
2197 http fetch GET 200 https://registry.npmjs.org/@webassemblyjs/leb128/-/leb128-1.11.6.tgz 1839ms (cache miss)
2198 http fetch GET 200 https://registry.npmjs.org/@webassemblyjs/helper-api-error/-/helper-api-error-1.11.6.tgz 1869ms (cache miss)
2199 http fetch GET 200 https://registry.npmjs.org/es-abstract/-/es-abstract-1.21.2.tgz 1901ms (cache miss)
2200 http fetch GET 200 https://registry.npmjs.org/@xtuc/long/-/long-4.2.2.tgz 1963ms (cache miss)
2201 http fetch GET 200 https://registry.npmjs.org/@webpack-cli/serve/-/serve-1.7.0.tgz 2019ms (cache miss)
2202 http fetch GET 200 https://registry.npmjs.org/@webassemblyjs/wasm-opt/-/wasm-opt-1.11.6.tgz 2034ms (cache miss)
2203 http fetch GET 200 https://registry.npmjs.org/@webassemblyjs/wasm-parser/-/wasm-parser-1.11.6.tgz 2037ms (cache miss)
2204 http fetch GET 200 https://registry.npmjs.org/@webassemblyjs/utf8/-/utf8-1.11.6.tgz 2041ms (cache miss)
2205 http fetch GET 200 https://registry.npmjs.org/@webassemblyjs/ieee754/-/ieee754-1.11.6.tgz 2042ms (cache miss)
2206 http fetch GET 200 https://registry.npmjs.org/@webassemblyjs/wasm-edit/-/wasm-edit-1.11.6.tgz 2048ms (cache miss)
2207 http fetch GET 200 https://registry.npmjs.org/@webassemblyjs/helper-wasm-bytecode/-/helper-wasm-bytecode-1.11.6.tgz 2060ms (cache miss)
2208 http fetch GET 200 https://registry.npmjs.org/caniuse-lite/-/caniuse-lite-1.0.30001508.tgz 2068ms (cache miss)
2209 http fetch GET 200 https://registry.npmjs.org/@types/webpack-sources/-/webpack-sources-3.2.0.tgz 2075ms (cache miss)
2210 http fetch GET 200 https://registry.npmjs.org/@webassemblyjs/floating-point-hex-parser/-/floating-point-hex-parser-1.11.6.tgz 2075ms (cache miss)
2211 http fetch GET 200 https://registry.npmjs.org/@types/source-list-map/-/source-list-map-0.1.2.tgz 2081ms (cache miss)
2212 http fetch GET 200 https://registry.npmjs.org/@types/minimatch/-/minimatch-5.1.2.tgz 2081ms (cache miss)
2213 http fetch GET 200 https://registry.npmjs.org/@types/glob/-/glob-7.2.0.tgz 2092ms (cache miss)
2214 http fetch GET 200 https://registry.npmjs.org/@types/webpack/-/webpack-4.41.33.tgz 2110ms (cache miss)
2215 http fetch GET 200 https://registry.npmjs.org/@webassemblyjs/ast/-/ast-1.11.6.tgz 2124ms (cache miss)
2216 http fetch GET 200 https://registry.npmjs.org/@types/html-minifier-terser/-/html-minifier-terser-5.1.2.tgz 2125ms (cache miss)
2217 http fetch GET 200 https://registry.npmjs.org/@types/uglify-js/-/uglify-js-3.17.1.tgz 2128ms (cache miss)
2218 http fetch GET 200 https://registry.npmjs.org/@types/react-transition-group/-/react-transition-group-4.4.6.tgz 2139ms (cache miss)
2219 http fetch GET 200 https://registry.npmjs.org/@material-ui/types/-/types-5.1.0.tgz 2147ms (cache miss)
2220 http fetch GET 200 https://registry.npmjs.org/@jridgewell/trace-mapping/-/trace-mapping-0.3.18.tgz 2190ms (cache miss)
2221 http fetch GET 200 https://registry.npmjs.org/@jridgewell/sourcemap-codec/-/sourcemap-codec-1.4.15.tgz 2209ms (cache miss)
2222 http fetch GET 200 https://registry.npmjs.org/@types/scheduler/-/scheduler-0.16.3.tgz 2224ms (cache miss)
2223 http fetch GET 200 https://registry.npmjs.org/@jridgewell/source-map/-/source-map-0.3.3.tgz 2251ms (cache miss)
2224 http fetch GET 200 https://registry.npmjs.org/@jridgewell/resolve-uri/-/resolve-uri-3.1.0.tgz 2265ms (cache miss)
2225 http fetch GET 200 https://registry.npmjs.org/@emotion/hash/-/hash-0.8.0.tgz 2288ms (cache miss)
2226 http fetch GET 200 https://registry.npmjs.org/@types/tapable/-/tapable-1.0.8.tgz 2295ms (cache miss)
2227 http fetch GET 200 https://registry.npmjs.org/@jridgewell/set-array/-/set-array-1.1.2.tgz 2299ms (cache miss)
2228 http fetch GET 200 https://registry.npmjs.org/@types/json-schema/-/json-schema-7.0.12.tgz 2315ms (cache miss)
2229 http fetch GET 200 https://registry.npmjs.org/@jridgewell/gen-mapping/-/gen-mapping-0.3.3.tgz 2330ms (cache miss)
2230 http fetch GET 200 https://registry.npmjs.org/@types/estree/-/estree-1.0.1.tgz 2345ms (cache miss)
2231 http fetch GET 200 https://registry.npmjs.org/@discoveryjs/json-ext/-/json-ext-0.5.7.tgz 2356ms (cache miss)
2232 http fetch GET 200 https://registry.npmjs.org/@types/eslint-scope/-/eslint-scope-3.7.4.tgz 2389ms (cache miss)
2233 http fetch GET 200 https://registry.npmjs.org/@types/eslint/-/eslint-8.40.2.tgz 2391ms (cache miss)
2234 http fetch GET 200 https://registry.npmjs.org/@material-ui/utils/-/utils-4.11.3.tgz 2408ms (cache miss)
2235 http fetch GET 200 https://registry.npmjs.org/@babel/preset-modules/-/preset-modules-0.1.5.tgz 2423ms (cache miss)
2236 http fetch GET 200 https://registry.npmjs.org/@types/node/-/node-20.3.2.tgz 2428ms (cache miss)
2237 http fetch GET 200 https://registry.npmjs.org/@babel/template/-/template-7.22.5.tgz 2469ms (cache miss)
2238 http fetch GET 200 https://registry.npmjs.org/@types/prop-types/-/prop-types-15.7.5.tgz 2487ms (cache miss)
2239 http fetch GET 200 https://registry.npmjs.org/@babel/traverse/-/traverse-7.22.5.tgz 2609ms (cache miss)
2240 http fetch GET 200 https://registry.npmjs.org/@babel/regjsgen/-/regjsgen-0.8.0.tgz 2633ms (cache miss)
2241 http fetch GET 200 https://registry.npmjs.org/@babel/preset-react/-/preset-react-7.22.5.tgz 2635ms (cache miss)
2242 http fetch GET 200 https://registry.npmjs.org/@babel/preset-env/-/preset-env-7.22.5.tgz 2681ms (cache miss)
2243 http fetch GET 200 https://registry.npmjs.org/@babel/plugin-transform-unicode-property-regex/-/plugin-transform-unicode-property-regex-7.22.5.tgz 2716ms (cache miss)
2244 http fetch GET 200 https://registry.npmjs.org/@babel/plugin-transform-unicode-sets-regex/-/plugin-transform-unicode-sets-regex-7.22.5.tgz 2717ms (cache miss)
2245 http fetch GET 200 https://registry.npmjs.org/@babel/plugin-transform-unicode-escapes/-/plugin-transform-unicode-escapes-7.22.5.tgz 2717ms (cache miss)
2246 http fetch GET 200 https://registry.npmjs.org/@babel/plugin-transform-sticky-regex/-/plugin-transform-sticky-regex-7.22.5.tgz 2717ms (cache miss)
2247 http fetch GET 200 https://registry.npmjs.org/@babel/plugin-transform-unicode-regex/-/plugin-transform-unicode-regex-7.22.5.tgz 2728ms (cache miss)
2248 http fetch GET 200 https://registry.npmjs.org/@babel/types/-/types-7.22.5.tgz 2770ms (cache miss)
2249 http fetch GET 200 https://registry.npmjs.org/@babel/plugin-transform-typeof-symbol/-/plugin-transform-typeof-symbol-7.22.5.tgz 2815ms (cache miss)
2250 http fetch GET 200 https://registry.npmjs.org/@babel/plugin-transform-react-jsx-development/-/plugin-transform-react-jsx-development-7.22.5.tgz 2905ms (cache miss)
2251 http fetch GET 200 https://registry.npmjs.org/@babel/plugin-transform-spread/-/plugin-transform-spread-7.22.5.tgz 2943ms (cache miss)
2252 http fetch GET 200 https://registry.npmjs.org/@babel/plugin-transform-shorthand-properties/-/plugin-transform-shorthand-properties-7.22.5.tgz 2967ms (cache miss)
2253 http fetch GET 200 https://registry.npmjs.org/@material-ui/system/-/system-4.12.2.tgz 3022ms (cache miss)
2254 http fetch GET 200 https://registry.npmjs.org/@babel/plugin-transform-reserved-words/-/plugin-transform-reserved-words-7.22.5.tgz 3018ms (cache miss)
2255 http fetch GET 200 https://registry.npmjs.org/@babel/plugin-transform-react-pure-annotations/-/plugin-transform-react-pure-annotations-7.22.5.tgz 3019ms (cache miss)
2256 http fetch GET 200 https://registry.npmjs.org/@babel/plugin-transform-runtime/-/plugin-transform-runtime-7.22.5.tgz 3024ms (cache miss)
2257 http fetch GET 200 https://registry.npmjs.org/@babel/plugin-transform-regenerator/-/plugin-transform-regenerator-7.22.5.tgz 3034ms (cache miss)
2258 http fetch GET 200 https://registry.npmjs.org/@babel/plugin-transform-react-jsx/-/plugin-transform-react-jsx-7.22.5.tgz 3034ms (cache miss)
2259 http fetch GET 200 https://registry.npmjs.org/@babel/runtime/-/runtime-7.22.5.tgz 3041ms (cache miss)
2260 http fetch GET 200 https://registry.npmjs.org/@babel/plugin-transform-template-literals/-/plugin-transform-template-literals-7.22.5.tgz 3055ms (cache miss)
2261 http fetch GET 200 https://registry.npmjs.org/@babel/plugin-transform-optional-catch-binding/-/plugin-transform-optional-catch-binding-7.22.5.tgz 3070ms (cache miss)
2262 http fetch GET 200 https://registry.npmjs.org/@babel/plugin-transform-object-rest-spread/-/plugin-transform-object-rest-spread-7.22.5.tgz 3071ms (cache miss)
2263 http fetch GET 200 https://registry.npmjs.org/@babel/plugin-transform-modules-umd/-/plugin-transform-modules-umd-7.22.5.tgz 3079ms (cache miss)
2264 http fetch GET 200 https://registry.npmjs.org/@babel/plugin-transform-modules-amd/-/plugin-transform-modules-amd-7.22.5.tgz 3127ms (cache miss)
2265 http fetch GET 200 https://registry.npmjs.org/@babel/plugin-transform-react-display-name/-/plugin-transform-react-display-name-7.22.5.tgz 3178ms (cache miss)
2266 http fetch GET 200 https://registry.npmjs.org/@babel/plugin-transform-property-literals/-/plugin-transform-property-literals-7.22.5.tgz 3229ms (cache miss)
2267 http fetch GET 200 https://registry.npmjs.org/@material-ui/core/-/core-4.12.4.tgz 3242ms (cache miss)
2268 warn deprecated @material-ui/core@4.12.4: Material UI v4 doesn't receive active development since September 2021. See the guide https://mui.com/material-ui/migration/migration-v4/ to upgrade to v5.
2269 http fetch GET 200 https://registry.npmjs.org/@babel/plugin-transform-private-property-in-object/-/plugin-transform-private-property-in-object-7.22.5.tgz 3247ms (cache miss)
2270 http fetch GET 200 https://registry.npmjs.org/@babel/plugin-transform-optional-chaining/-/plugin-transform-optional-chaining-7.22.5.tgz 3254ms (cache miss)
2271 http fetch GET 200 https://registry.npmjs.org/@babel/plugin-transform-private-methods/-/plugin-transform-private-methods-7.22.5.tgz 3272ms (cache miss)
2272 http fetch GET 200 https://registry.npmjs.org/@babel/plugin-transform-nullish-coalescing-operator/-/plugin-transform-nullish-coalescing-operator-7.22.5.tgz 3291ms (cache miss)
2273 http fetch GET 200 https://registry.npmjs.org/@babel/plugin-transform-object-super/-/plugin-transform-object-super-7.22.5.tgz 3300ms (cache miss)
2274 http fetch GET 200 https://registry.npmjs.org/@babel/plugin-transform-numeric-separator/-/plugin-transform-numeric-separator-7.22.5.tgz 3301ms (cache miss)
2275 http fetch GET 200 https://registry.npmjs.org/@babel/plugin-transform-named-capturing-groups-regex/-/plugin-transform-named-capturing-groups-regex-7.22.5.tgz 3315ms (cache miss)
2276 http fetch GET 200 https://registry.npmjs.org/@babel/plugin-transform-export-namespace-from/-/plugin-transform-export-namespace-from-7.22.5.tgz 3318ms (cache miss)
2277 http fetch GET 200 https://registry.npmjs.org/@babel/plugin-transform-modules-commonjs/-/plugin-transform-modules-commonjs-7.22.5.tgz 3336ms (cache miss)
2278 http fetch GET 200 https://registry.npmjs.org/@babel/plugin-transform-exponentiation-operator/-/plugin-transform-exponentiation-operator-7.22.5.tgz 3352ms (cache miss)
2279 http fetch GET 200 https://registry.npmjs.org/@babel/plugin-transform-new-target/-/plugin-transform-new-target-7.22.5.tgz 3360ms (cache miss)
2280 http fetch GET 200 https://registry.npmjs.org/@babel/plugin-transform-dynamic-import/-/plugin-transform-dynamic-import-7.22.5.tgz 3362ms (cache miss)
2281 http fetch GET 200 https://registry.npmjs.org/@babel/plugin-transform-member-expression-literals/-/plugin-transform-member-expression-literals-7.22.5.tgz 3389ms (cache miss)
2282 http fetch GET 200 https://registry.npmjs.org/@material-ui/styles/-/styles-4.11.5.tgz 3402ms (cache miss)
2283 warn deprecated @material-ui/styles@4.11.5: Material UI v4 doesn't receive active development since September 2021. See the guide https://mui.com/material-ui/migration/migration-v4/ to upgrade to v5.
2284 http fetch GET 200 https://registry.npmjs.org/@babel/plugin-transform-modules-systemjs/-/plugin-transform-modules-systemjs-7.22.5.tgz 3414ms (cache miss)
2285 http fetch GET 200 https://registry.npmjs.org/@babel/plugin-transform-logical-assignment-operators/-/plugin-transform-logical-assignment-operators-7.22.5.tgz 3517ms (cache miss)
2286 http fetch GET 200 https://registry.npmjs.org/@babel/plugin-transform-json-strings/-/plugin-transform-json-strings-7.22.5.tgz 3522ms (cache miss)
2287 http fetch GET 200 https://registry.npmjs.org/@babel/plugin-transform-literals/-/plugin-transform-literals-7.22.5.tgz 3588ms (cache miss)
2288 http fetch GET 200 https://registry.npmjs.org/@babel/plugin-transform-for-of/-/plugin-transform-for-of-7.22.5.tgz 3602ms (cache miss)
2289 http fetch GET 200 https://registry.npmjs.org/@babel/plugin-syntax-unicode-sets-regex/-/plugin-syntax-unicode-sets-regex-7.18.6.tgz 3609ms (cache miss)
2290 http fetch GET 200 https://registry.npmjs.org/@babel/plugin-transform-parameters/-/plugin-transform-parameters-7.22.5.tgz 3615ms (cache miss)
2291 http fetch GET 200 https://registry.npmjs.org/@babel/plugin-transform-dotall-regex/-/plugin-transform-dotall-regex-7.22.5.tgz 3616ms (cache miss)
2292 http fetch GET 200 https://registry.npmjs.org/@babel/plugin-transform-computed-properties/-/plugin-transform-computed-properties-7.22.5.tgz 3626ms (cache miss)
2293 http fetch GET 200 https://registry.npmjs.org/@babel/plugin-transform-destructuring/-/plugin-transform-destructuring-7.22.5.tgz 3634ms (cache miss)
2294 http fetch GET 200 https://registry.npmjs.org/@babel/plugin-transform-duplicate-keys/-/plugin-transform-duplicate-keys-7.22.5.tgz 3640ms (cache miss)
2295 http fetch GET 200 https://registry.npmjs.org/@babel/plugin-syntax-private-property-in-object/-/plugin-syntax-private-property-in-object-7.14.5.tgz 3640ms (cache miss)
2296 http fetch GET 200 https://registry.npmjs.org/@babel/plugin-transform-class-static-block/-/plugin-transform-class-static-block-7.22.5.tgz 3651ms (cache miss)
2297 http fetch GET 200 https://registry.npmjs.org/@babel/plugin-transform-block-scoped-functions/-/plugin-transform-block-scoped-functions-7.22.5.tgz 3656ms (cache miss)
2298 http fetch GET 200 https://registry.npmjs.org/@babel/plugin-transform-classes/-/plugin-transform-classes-7.22.5.tgz 3659ms (cache miss)
2299 http fetch GET 200 https://registry.npmjs.org/@babel/plugin-syntax-optional-catch-binding/-/plugin-syntax-optional-catch-binding-7.8.3.tgz 3659ms (cache miss)
2300 http fetch GET 200 https://registry.npmjs.org/@babel/plugin-syntax-numeric-separator/-/plugin-syntax-numeric-separator-7.10.4.tgz 3666ms (cache miss)
2301 http fetch GET 200 https://registry.npmjs.org/@babel/plugin-syntax-object-rest-spread/-/plugin-syntax-object-rest-spread-7.8.3.tgz 3666ms (cache miss)
2302 http fetch GET 200 https://registry.npmjs.org/@babel/plugin-syntax-optional-chaining/-/plugin-syntax-optional-chaining-7.8.3.tgz 3678ms (cache miss)
2303 http fetch GET 200 https://registry.npmjs.org/@babel/plugin-transform-block-scoping/-/plugin-transform-block-scoping-7.22.5.tgz 3682ms (cache miss)
2304 http fetch GET 200 https://registry.npmjs.org/@babel/plugin-syntax-nullish-coalescing-operator/-/plugin-syntax-nullish-coalescing-operator-7.8.3.tgz 3681ms (cache miss)
2305 http fetch GET 200 https://registry.npmjs.org/@babel/plugin-transform-async-to-generator/-/plugin-transform-async-to-generator-7.22.5.tgz 3681ms (cache miss)
2306 http fetch GET 200 https://registry.npmjs.org/@babel/plugin-syntax-logical-assignment-operators/-/plugin-syntax-logical-assignment-operators-7.10.4.tgz 3682ms (cache miss)
2307 http fetch GET 200 https://registry.npmjs.org/@babel/plugin-transform-function-name/-/plugin-transform-function-name-7.22.5.tgz 3684ms (cache miss)
2308 http fetch GET 200 https://registry.npmjs.org/@babel/plugin-syntax-top-level-await/-/plugin-syntax-top-level-await-7.14.5.tgz 3699ms (cache miss)
2309 http fetch GET 200 https://registry.npmjs.org/@babel/plugin-syntax-import-meta/-/plugin-syntax-import-meta-7.10.4.tgz 3699ms (cache miss)
2310 http fetch GET 200 https://registry.npmjs.org/@babel/plugin-syntax-import-attributes/-/plugin-syntax-import-attributes-7.22.5.tgz 3706ms (cache miss)
2311 http fetch GET 200 https://registry.npmjs.org/@babel/plugin-syntax-dynamic-import/-/plugin-syntax-dynamic-import-7.8.3.tgz 3748ms (cache miss)
2312 http fetch GET 200 https://registry.npmjs.org/@babel/plugin-syntax-class-properties/-/plugin-syntax-class-properties-7.12.13.tgz 3751ms (cache miss)
2313 http fetch GET 200 https://registry.npmjs.org/@babel/plugin-syntax-json-strings/-/plugin-syntax-json-strings-7.8.3.tgz 3751ms (cache miss)
2314 http fetch GET 200 https://registry.npmjs.org/@babel/plugin-proposal-unicode-property-regex/-/plugin-proposal-unicode-property-regex-7.18.6.tgz 3757ms (cache miss)
2315 http fetch GET 200 https://registry.npmjs.org/@babel/plugin-syntax-export-namespace-from/-/plugin-syntax-export-namespace-from-7.8.3.tgz 3761ms (cache miss)
2316 http fetch GET 200 https://registry.npmjs.org/@babel/plugin-transform-async-generator-functions/-/plugin-transform-async-generator-functions-7.22.5.tgz 3763ms (cache miss)
2317 http fetch GET 200 https://registry.npmjs.org/@babel/plugin-syntax-class-static-block/-/plugin-syntax-class-static-block-7.14.5.tgz 3762ms (cache miss)
2318 http fetch GET 200 https://registry.npmjs.org/@babel/plugin-syntax-async-generators/-/plugin-syntax-async-generators-7.8.4.tgz 3763ms (cache miss)
2319 http fetch GET 200 https://registry.npmjs.org/@babel/highlight/-/highlight-7.22.5.tgz 3770ms (cache miss)
2320 http fetch GET 200 https://registry.npmjs.org/@babel/plugin-proposal-private-property-in-object/-/plugin-proposal-private-property-in-object-7.21.0-placeholder-for-preset-env.2.tgz 3823ms (cache miss)
2321 http fetch GET 200 https://registry.npmjs.org/@babel/helper-wrap-function/-/helper-wrap-function-7.22.5.tgz 3825ms (cache miss)
2322 http fetch GET 200 https://registry.npmjs.org/@babel/helper-skip-transparent-expression-wrappers/-/helper-skip-transparent-expression-wrappers-7.22.5.tgz 3824ms (cache miss)
2323 http fetch GET 200 https://registry.npmjs.org/@babel/plugin-transform-class-properties/-/plugin-transform-class-properties-7.22.5.tgz 3827ms (cache miss)
2324 http fetch GET 200 https://registry.npmjs.org/@babel/plugin-transform-arrow-functions/-/plugin-transform-arrow-functions-7.22.5.tgz 3853ms (cache miss)
2325 http fetch GET 200 https://registry.npmjs.org/@babel/helper-replace-supers/-/helper-replace-supers-7.22.5.tgz 3911ms (cache miss)
2326 http fetch GET 200 https://registry.npmjs.org/@babel/plugin-syntax-jsx/-/plugin-syntax-jsx-7.22.5.tgz 3943ms (cache miss)
2327 http fetch GET 200 https://registry.npmjs.org/@babel/plugin-syntax-import-assertions/-/plugin-syntax-import-assertions-7.22.5.tgz 3950ms (cache miss)
2328 http fetch GET 200 https://registry.npmjs.org/@babel/helper-member-expression-to-functions/-/helper-member-expression-to-functions-7.22.5.tgz 3970ms (cache miss)
2329 http fetch GET 200 https://registry.npmjs.org/@babel/parser/-/parser-7.22.5.tgz 3979ms (cache miss)
2330 http fetch GET 200 https://registry.npmjs.org/@babel/plugin-bugfix-v8-spread-parameters-in-optional-chaining/-/plugin-bugfix-v8-spread-parameters-in-optional-chaining-7.22.5.tgz 3982ms (cache miss)
2331 http fetch GET 200 https://registry.npmjs.org/@babel/helper-plugin-utils/-/helper-plugin-utils-7.22.5.tgz 3998ms (cache miss)
2332 http fetch GET 200 https://registry.npmjs.org/@babel/plugin-bugfix-safari-id-destructuring-collision-in-function-expression/-/plugin-bugfix-safari-id-destructuring-collision-in-function-expression-7.22.5.tgz 4036ms (cache miss)
2333 http fetch GET 200 https://registry.npmjs.org/@babel/helper-validator-identifier/-/helper-validator-identifier-7.22.5.tgz 4040ms (cache miss)
2334 http fetch GET 200 https://registry.npmjs.org/@babel/helper-validator-option/-/helper-validator-option-7.22.5.tgz 4045ms (cache miss)
2335 http fetch GET 200 https://registry.npmjs.org/@babel/helper-simple-access/-/helper-simple-access-7.22.5.tgz 4069ms (cache miss)
2336 http fetch GET 200 https://registry.npmjs.org/@babel/helper-string-parser/-/helper-string-parser-7.22.5.tgz 4121ms (cache miss)
2337 http fetch GET 200 https://registry.npmjs.org/@babel/helper-split-export-declaration/-/helper-split-export-declaration-7.22.5.tgz 4128ms (cache miss)
2338 http fetch GET 200 https://registry.npmjs.org/@babel/helper-remap-async-to-generator/-/helper-remap-async-to-generator-7.22.5.tgz 4130ms (cache miss)
2339 http fetch GET 200 https://registry.npmjs.org/@babel/helper-optimise-call-expression/-/helper-optimise-call-expression-7.22.5.tgz 4130ms (cache miss)
2340 http fetch GET 200 https://registry.npmjs.org/@babel/helper-module-transforms/-/helper-module-transforms-7.22.5.tgz 4150ms (cache miss)
2341 http fetch GET 200 https://registry.npmjs.org/locate-path/-/locate-path-3.0.0.tgz 4216ms (cache miss)
2342 http fetch GET 200 https://registry.npmjs.org/@babel/helper-module-imports/-/helper-module-imports-7.22.5.tgz 4218ms (cache miss)
2343 http fetch GET 200 https://registry.npmjs.org/@babel/helper-hoist-variables/-/helper-hoist-variables-7.22.5.tgz 4242ms (cache miss)
2344 http fetch GET 200 https://registry.npmjs.org/@babel/helper-function-name/-/helper-function-name-7.22.5.tgz 4255ms (cache miss)
2345 http fetch GET 200 https://registry.npmjs.org/p-locate/-/p-locate-3.0.0.tgz 4253ms (cache miss)
2346 http fetch GET 200 https://registry.npmjs.org/@babel/helper-define-polyfill-provider/-/helper-define-polyfill-provider-0.4.0.tgz 4257ms (cache miss)
2347 http fetch GET 200 https://registry.npmjs.org/csstype/-/csstype-3.2.3.tgz 4266ms (cache miss)
2348 http fetch GET 200 https://registry.npmjs.org/path-exists/-/path-exists-3.0.0.tgz 4291ms (cache miss)
2349 http fetch GET 200 https://registry.npmjs.org/@babel/helper-annotate-as-pure/-/helper-annotate-as-pure-7.22.5.tgz 4291ms (cache miss)
2350 http fetch GET 200 https://registry.npmjs.org/@babel/helper-compilation-targets/-/helper-compilation-targets-7.22.5.tgz 4294ms (cache miss)
2351 http fetch GET 200 https://registry.npmjs.org/ansi-regex/-/ansi-regex-4.1.1.tgz 4293ms (cache miss)
2352 http fetch GET 200 https://registry.npmjs.org/@babel/helper-create-regexp-features-plugin/-/helper-create-regexp-features-plugin-7.22.5.tgz 4298ms (cache miss)
2353 http fetch GET 200 https://registry.npmjs.org/@ampproject/remapping/-/remapping-2.2.1.tgz 4301ms (cache miss)
2354 http fetch GET 200 https://registry.npmjs.org/strip-ansi/-/strip-ansi-5.2.0.tgz 4302ms (cache miss)
2355 http fetch GET 200 https://registry.npmjs.org/@babel/helper-create-class-features-plugin/-/helper-create-class-features-plugin-7.22.5.tgz 4318ms (cache miss)
2356 http fetch GET 200 https://registry.npmjs.org/pkg-dir/-/pkg-dir-3.0.0.tgz 4331ms (cache miss)
2357 http fetch GET 200 https://registry.npmjs.org/supports-color/-/supports-color-6.1.0.tgz 4331ms (cache miss)
2358 http fetch GET 200 https://registry.npmjs.org/resolve-from/-/resolve-from-3.0.0.tgz 4336ms (cache miss)
2359 http fetch GET 200 https://registry.npmjs.org/uuid/-/uuid-3.4.0.tgz 4337ms (cache miss)
2360 http fetch GET 200 https://registry.npmjs.org/path-exists/-/path-exists-3.0.0.tgz 4337ms (cache miss)
2361 http fetch GET 200 https://registry.npmjs.org/find-up/-/find-up-3.0.0.tgz 4337ms (cache miss)
2362 http fetch GET 200 https://registry.npmjs.org/resolve-cwd/-/resolve-cwd-2.0.0.tgz 4339ms (cache miss)
2363 warn deprecated uuid@3.4.0: Please upgrade  to version 7 or higher.  Older versions may use Math.random() in certain circumstances, which is known to be problematic.  See https://v8.dev/blog/math-random for details.
2364 http fetch GET 200 https://registry.npmjs.org/import-local/-/import-local-2.0.0.tgz 4351ms (cache miss)
2365 http fetch GET 200 https://registry.npmjs.org/@babel/generator/-/generator-7.22.5.tgz 4357ms (cache miss)
2366 http fetch GET 200 https://registry.npmjs.org/find-up/-/find-up-3.0.0.tgz 4365ms (cache miss)
2367 http fetch GET 200 https://registry.npmjs.org/p-locate/-/p-locate-3.0.0.tgz 4369ms (cache miss)
2368 http fetch GET 200 https://registry.npmjs.org/tapable/-/tapable-2.2.1.tgz 4376ms (cache miss)
2369 http fetch GET 200 https://registry.npmjs.org/commander/-/commander-7.2.0.tgz 4381ms (cache miss)
2370 http fetch GET 200 https://registry.npmjs.org/locate-path/-/locate-path-3.0.0.tgz 4381ms (cache miss)
2371 http fetch GET 200 https://registry.npmjs.org/isarray/-/isarray-1.0.0.tgz 4389ms (cache miss)
2372 http fetch GET 200 https://registry.npmjs.org/schema-utils/-/schema-utils-1.0.0.tgz 4390ms (cache miss)
2373 http fetch GET 200 https://registry.npmjs.org/mime/-/mime-2.6.0.tgz 4390ms (cache miss)
2374 http fetch GET 200 https://registry.npmjs.org/@babel/code-frame/-/code-frame-7.22.5.tgz 4394ms (cache miss)
2375 http fetch GET 200 https://registry.npmjs.org/schema-utils/-/schema-utils-3.3.0.tgz 4393ms (cache miss)
2376 http fetch GET 200 https://registry.npmjs.org/@babel/compat-data/-/compat-data-7.22.5.tgz 4407ms (cache miss)
2377 http fetch GET 200 https://registry.npmjs.org/punycode/-/punycode-1.4.1.tgz 4406ms (cache miss)
2378 http fetch GET 200 https://registry.npmjs.org/has-values/-/has-values-0.1.4.tgz 4407ms (cache miss)
2379 http fetch GET 200 https://registry.npmjs.org/isobject/-/isobject-2.1.0.tgz 4407ms (cache miss)
2380 http fetch GET 200 https://registry.npmjs.org/extend-shallow/-/extend-shallow-3.0.2.tgz 4413ms (cache miss)
2381 http fetch GET 200 https://registry.npmjs.org/is-extendable/-/is-extendable-1.0.1.tgz 4417ms (cache miss)
2382 http fetch GET 200 https://registry.npmjs.org/commander/-/commander-2.20.3.tgz 4422ms (cache miss)
2383 http fetch GET 200 https://registry.npmjs.org/commander/-/commander-2.20.3.tgz 4436ms (cache miss)
2384 http fetch GET 200 https://registry.npmjs.org/has-value/-/has-value-0.3.1.tgz 4438ms (cache miss)
2385 http fetch GET 200 https://registry.npmjs.org/schema-utils/-/schema-utils-3.3.0.tgz 4443ms (cache miss)
2386 http fetch GET 200 https://registry.npmjs.org/is-descriptor/-/is-descriptor-0.1.6.tgz 4462ms (cache miss)
2387 http fetch GET 200 https://registry.npmjs.org/safe-buffer/-/safe-buffer-5.1.2.tgz 4462ms (cache miss)
2388 http fetch GET 200 https://registry.npmjs.org/strip-ansi/-/strip-ansi-5.2.0.tgz 4462ms (cache miss)
2389 http fetch GET 200 https://registry.npmjs.org/@babel/helper-environment-visitor/-/helper-environment-visitor-7.22.5.tgz 4466ms (cache miss)
2390 http fetch GET 200 https://registry.npmjs.org/is-data-descriptor/-/is-data-descriptor-0.1.4.tgz 4462ms (cache miss)
2391 http fetch GET 200 https://registry.npmjs.org/kind-of/-/kind-of-5.1.0.tgz 4463ms (cache miss)
2392 http fetch GET 200 https://registry.npmjs.org/is-extendable/-/is-extendable-1.0.1.tgz 4472ms (cache miss)
2393 http fetch GET 200 https://registry.npmjs.org/schema-utils/-/schema-utils-3.3.0.tgz 4472ms (cache miss)
2394 http fetch GET 200 https://registry.npmjs.org/is-accessor-descriptor/-/is-accessor-descriptor-0.1.6.tgz 4472ms (cache miss)
2395 http fetch GET 200 https://registry.npmjs.org/@babel/helper-builder-binary-assignment-operator-visitor/-/helper-builder-binary-assignment-operator-visitor-7.22.5.tgz 4489ms (cache miss)
2396 http fetch GET 200 https://registry.npmjs.org/@babel/core/-/core-7.22.5.tgz 4504ms (cache miss)
2397 http fetch GET 200 https://registry.npmjs.org/extend-shallow/-/extend-shallow-3.0.2.tgz 4502ms (cache miss)
2398 http fetch GET 200 https://registry.npmjs.org/define-property/-/define-property-0.2.5.tgz 4502ms (cache miss)
2399 http fetch GET 200 https://registry.npmjs.org/ms/-/ms-2.0.0.tgz 4503ms (cache miss)
2400 http fetch GET 200 https://registry.npmjs.org/debug/-/debug-3.2.7.tgz 4514ms (cache miss)
2401 http fetch GET 200 https://registry.npmjs.org/is-data-descriptor/-/is-data-descriptor-0.1.4.tgz 4514ms (cache miss)
2402 http fetch GET 200 https://registry.npmjs.org/is-descriptor/-/is-descriptor-0.1.6.tgz 4514ms (cache miss)
2403 http fetch GET 200 https://registry.npmjs.org/ansi-regex/-/ansi-regex-4.1.1.tgz 4520ms (cache miss)
2404 http fetch GET 200 https://registry.npmjs.org/@babel/helpers/-/helpers-7.22.5.tgz 4527ms (cache miss)
2405 http fetch GET 200 https://registry.npmjs.org/readable-stream/-/readable-stream-3.6.2.tgz 4530ms (cache miss)
2406 http fetch GET 200 https://registry.npmjs.org/is-accessor-descriptor/-/is-accessor-descriptor-0.1.6.tgz 4534ms (cache miss)
2407 http fetch GET 200 https://registry.npmjs.org/define-property/-/define-property-0.2.5.tgz 4534ms (cache miss)
2408 http fetch GET 200 https://registry.npmjs.org/define-property/-/define-property-1.0.0.tgz 4535ms (cache miss)
2409 http fetch GET 200 https://registry.npmjs.org/ms/-/ms-2.0.0.tgz 4539ms (cache miss)
2410 http fetch GET 200 https://registry.npmjs.org/debug/-/debug-2.6.9.tgz 4541ms (cache miss)
2411 http fetch GET 200 https://registry.npmjs.org/statuses/-/statuses-1.5.0.tgz 4550ms (cache miss)
2412 http fetch GET 200 https://registry.npmjs.org/kind-of/-/kind-of-6.0.3.tgz 4551ms (cache miss)
2413 http fetch GET 200 https://registry.npmjs.org/inherits/-/inherits-2.0.3.tgz 4561ms (cache miss)
2414 http fetch GET 200 https://registry.npmjs.org/http-errors/-/http-errors-1.6.3.tgz 4562ms (cache miss)
2415 http fetch GET 200 https://registry.npmjs.org/setprototypeof/-/setprototypeof-1.1.0.tgz 4562ms (cache miss)
2416 http fetch GET 200 https://registry.npmjs.org/debug/-/debug-2.6.9.tgz 4563ms (cache miss)
2417 http fetch GET 200 https://registry.npmjs.org/source-map/-/source-map-0.5.7.tgz 4579ms (cache miss)
2418 http fetch GET 200 https://registry.npmjs.org/ms/-/ms-2.1.3.tgz 4586ms (cache miss)
2419 http fetch GET 200 https://registry.npmjs.org/ms/-/ms-2.0.0.tgz 4594ms (cache miss)
2420 http fetch GET 200 https://registry.npmjs.org/debug/-/debug-2.6.9.tgz 4606ms (cache miss)
2421 http fetch GET 200 https://registry.npmjs.org/isarray/-/isarray-2.0.5.tgz 4612ms (cache miss)
2422 http fetch GET 200 https://registry.npmjs.org/react-is/-/react-is-16.13.1.tgz 4624ms (cache miss)
2423 http fetch GET 200 https://registry.npmjs.org/bytes/-/bytes-3.1.2.tgz 4631ms (cache miss)
2424 http fetch GET 200 https://registry.npmjs.org/isarray/-/isarray-1.0.0.tgz 4632ms (cache miss)
2425 http fetch GET 200 https://registry.npmjs.org/react-is/-/react-is-16.13.1.tgz 4632ms (cache miss)
2426 http fetch GET 200 https://registry.npmjs.org/extend-shallow/-/extend-shallow-3.0.2.tgz 4647ms (cache miss)
2427 http fetch GET 200 https://registry.npmjs.org/is-descriptor/-/is-descriptor-0.1.6.tgz 4653ms (cache miss)
2428 http fetch GET 200 https://registry.npmjs.org/kind-of/-/kind-of-5.1.0.tgz 4654ms (cache miss)
2429 http fetch GET 200 https://registry.npmjs.org/is-data-descriptor/-/is-data-descriptor-0.1.4.tgz 4654ms (cache miss)
2430 http fetch GET 200 https://registry.npmjs.org/is-accessor-descriptor/-/is-accessor-descriptor-0.1.6.tgz 4672ms (cache miss)
2431 http fetch GET 200 https://registry.npmjs.org/define-property/-/define-property-0.2.5.tgz 4678ms (cache miss)
2432 http fetch GET 200 https://registry.npmjs.org/kind-of/-/kind-of-6.0.3.tgz 4684ms (cache miss)
2433 http fetch GET 200 https://registry.npmjs.org/path-key/-/path-key-2.0.1.tgz 4684ms (cache miss)
2434 http fetch GET 200 https://registry.npmjs.org/is-extendable/-/is-extendable-1.0.1.tgz 4685ms (cache miss)
2435 http fetch GET 200 https://registry.npmjs.org/depd/-/depd-1.1.2.tgz 4707ms (cache miss)
2436 http fetch GET 200 https://registry.npmjs.org/kind-of/-/kind-of-5.1.0.tgz 4709ms (cache miss)
2437 http fetch GET 200 https://registry.npmjs.org/is-extendable/-/is-extendable-1.0.1.tgz 4723ms (cache miss)
2438 http fetch GET 200 https://registry.npmjs.org/is-extendable/-/is-extendable-1.0.1.tgz 4727ms (cache miss)
2439 http fetch GET 200 https://registry.npmjs.org/kind-of/-/kind-of-6.0.3.tgz 4731ms (cache miss)
2440 http fetch GET 200 https://registry.npmjs.org/extend-shallow/-/extend-shallow-3.0.2.tgz 4734ms (cache miss)
2441 http fetch GET 200 https://registry.npmjs.org/supports-color/-/supports-color-8.1.1.tgz 4739ms (cache miss)
2442 http fetch GET 200 https://registry.npmjs.org/kind-of/-/kind-of-6.0.3.tgz 4743ms (cache miss)
2443 http fetch GET 200 https://registry.npmjs.org/has-flag/-/has-flag-4.0.0.tgz 4745ms (cache miss)
2444 http fetch GET 200 https://registry.npmjs.org/csstype/-/csstype-3.1.2.tgz 4756ms (cache miss)
2445 http fetch GET 200 https://registry.npmjs.org/kind-of/-/kind-of-6.0.3.tgz 4782ms (cache miss)
2446 http fetch GET 200 https://registry.npmjs.org/loader-utils/-/loader-utils-1.4.2.tgz 4789ms (cache miss)
2447 http fetch GET 200 https://registry.npmjs.org/json5/-/json5-1.0.2.tgz 4791ms (cache miss)
2448 http fetch GET 200 https://registry.npmjs.org/is-glob/-/is-glob-3.1.0.tgz 4804ms (cache miss)
2449 http fetch GET 200 https://registry.npmjs.org/react-is/-/react-is-16.13.1.tgz 4805ms (cache miss)
2450 http fetch GET 200 https://registry.npmjs.org/kind-of/-/kind-of-4.0.0.tgz 4805ms (cache miss)
2451 http fetch GET 200 https://registry.npmjs.org/ms/-/ms-2.0.0.tgz 4811ms (cache miss)
2452 http fetch GET 200 https://registry.npmjs.org/pify/-/pify-2.3.0.tgz 4811ms (cache miss)
2453 http fetch GET 200 https://registry.npmjs.org/define-property/-/define-property-1.0.0.tgz 4812ms (cache miss)
2454 http fetch GET 200 https://registry.npmjs.org/jsesc/-/jsesc-0.5.0.tgz 4815ms (cache miss)
2455 http fetch GET 200 https://registry.npmjs.org/path-to-regexp/-/path-to-regexp-0.1.7.tgz 4824ms (cache miss)
2456 http fetch GET 200 https://registry.npmjs.org/debug/-/debug-2.6.9.tgz 4840ms (cache miss)
2457 http fetch GET 200 https://registry.npmjs.org/kind-of/-/kind-of-6.0.3.tgz 4842ms (cache miss)
2458 http fetch GET 200 https://registry.npmjs.org/array-flatten/-/array-flatten-1.1.1.tgz 4851ms (cache miss)
2459 http fetch GET 200 https://registry.npmjs.org/is-descriptor/-/is-descriptor-0.1.6.tgz 4853ms (cache miss)
2460 http fetch GET 200 https://registry.npmjs.org/is-data-descriptor/-/is-data-descriptor-0.1.4.tgz 4852ms (cache miss)
2461 http fetch GET 200 https://registry.npmjs.org/ms/-/ms-2.0.0.tgz 4853ms (cache miss)
2462 http fetch GET 200 https://registry.npmjs.org/kind-of/-/kind-of-5.1.0.tgz 4855ms (cache miss)
2463 http fetch GET 200 https://registry.npmjs.org/@material-ui/icons/-/icons-4.11.3.tgz 4877ms (cache miss)
2464 http fetch GET 200 https://registry.npmjs.org/debug/-/debug-2.6.9.tgz 4856ms (cache miss)
2465 http fetch GET 200 https://registry.npmjs.org/define-property/-/define-property-0.2.5.tgz 4862ms (cache miss)
2466 http fetch GET 200 https://registry.npmjs.org/extend-shallow/-/extend-shallow-3.0.2.tgz 4864ms (cache miss)
2467 http fetch GET 200 https://registry.npmjs.org/debug/-/debug-2.6.9.tgz 4863ms (cache miss)
2468 http fetch GET 200 https://registry.npmjs.org/ms/-/ms-2.0.0.tgz 4864ms (cache miss)
2469 http fetch GET 200 https://registry.npmjs.org/which/-/which-1.3.1.tgz 4867ms (cache miss)
2470 http fetch GET 200 https://registry.npmjs.org/terser/-/terser-5.18.2.tgz 4877ms (cache miss)
2471 http fetch GET 200 https://registry.npmjs.org/debug/-/debug-3.2.7.tgz 4875ms (cache miss)
2472 http fetch GET 200 https://registry.npmjs.org/shebang-regex/-/shebang-regex-1.0.0.tgz 4879ms (cache miss)
2473 http fetch GET 200 https://registry.npmjs.org/is-accessor-descriptor/-/is-accessor-descriptor-0.1.6.tgz 4883ms (cache miss)
2474 http fetch GET 200 https://registry.npmjs.org/semver/-/semver-5.7.1.tgz 4883ms (cache miss)
2475 http fetch GET 200 https://registry.npmjs.org/cross-spawn/-/cross-spawn-6.0.5.tgz 4890ms (cache miss)
2476 http fetch GET 200 https://registry.npmjs.org/estraverse/-/estraverse-5.3.0.tgz 4894ms (cache miss)
2477 http fetch GET 200 https://registry.npmjs.org/path-key/-/path-key-2.0.1.tgz 4897ms (cache miss)
2478 http fetch GET 200 https://registry.npmjs.org/tapable/-/tapable-2.2.1.tgz 4897ms (cache miss)
2479 http fetch GET 200 https://registry.npmjs.org/is-extendable/-/is-extendable-1.0.1.tgz 4901ms (cache miss)
2480 http fetch GET 200 https://registry.npmjs.org/yallist/-/yallist-4.0.0.tgz 4908ms (cache miss)
2481 http fetch GET 200 https://registry.npmjs.org/safe-buffer/-/safe-buffer-5.1.2.tgz 4912ms (cache miss)
2482 http fetch GET 200 https://registry.npmjs.org/schema-utils/-/schema-utils-3.3.0.tgz 4914ms (cache miss)
2483 http fetch GET 200 https://registry.npmjs.org/lru-cache/-/lru-cache-6.0.0.tgz 4924ms (cache miss)
2484 http fetch GET 200 https://registry.npmjs.org/strip-ansi/-/strip-ansi-5.2.0.tgz 4928ms (cache miss)
2485 http fetch GET 200 https://registry.npmjs.org/ms/-/ms-2.0.0.tgz 4928ms (cache miss)
2486 http fetch GET 200 https://registry.npmjs.org/kind-of/-/kind-of-6.0.3.tgz 4928ms (cache miss)
2487 http fetch GET 200 https://registry.npmjs.org/ansi-regex/-/ansi-regex-4.1.1.tgz 4932ms (cache miss)
2488 http fetch GET 200 https://registry.npmjs.org/is-data-descriptor/-/is-data-descriptor-0.1.4.tgz 4931ms (cache miss)
2489 http fetch GET 200 https://registry.npmjs.org/is-descriptor/-/is-descriptor-0.1.6.tgz 4938ms (cache miss)
2490 http fetch GET 200 https://registry.npmjs.org/kind-of/-/kind-of-5.1.0.tgz 4938ms (cache miss)
2491 http fetch GET 200 https://registry.npmjs.org/define-property/-/define-property-0.2.5.tgz 4966ms (cache miss)
2492 http fetch GET 200 https://registry.npmjs.org/normalize-path/-/normalize-path-2.1.1.tgz 4968ms (cache miss)
2493 http fetch GET 200 https://registry.npmjs.org/ms/-/ms-2.0.0.tgz 4971ms (cache miss)
2494 http fetch GET 200 https://registry.npmjs.org/is-accessor-descriptor/-/is-accessor-descriptor-0.1.6.tgz 4971ms (cache miss)
2495 http fetch GET 200 https://registry.npmjs.org/shebang-command/-/shebang-command-1.2.0.tgz 4971ms (cache miss)
2496 http fetch GET 200 https://registry.npmjs.org/bytes/-/bytes-3.1.2.tgz 4971ms (cache miss)
2497 http fetch GET 200 https://registry.npmjs.org/define-property/-/define-property-1.0.0.tgz 4972ms (cache miss)
2498 http fetch GET 200 https://registry.npmjs.org/debug/-/debug-2.6.9.tgz 4972ms (cache miss)
2499 http fetch GET 200 https://registry.npmjs.org/debug/-/debug-2.6.9.tgz 4972ms (cache miss)
2500 http fetch GET 200 https://registry.npmjs.org/anymatch/-/anymatch-2.0.0.tgz 4973ms (cache miss)
2501 http fetch GET 200 https://registry.npmjs.org/safe-buffer/-/safe-buffer-5.1.2.tgz 4979ms (cache miss)
2502 http fetch GET 200 https://registry.npmjs.org/braces 4857ms (cache miss)
2503 silly packumentCache corgi:https://registry.npmjs.org/braces set size:undefined disposed:false
2504 http fetch GET 200 https://registry.npmjs.org/brace-expansion 4860ms (cache miss)
2505 silly packumentCache corgi:https://registry.npmjs.org/brace-expansion set size:undefined disposed:false
2506 http fetch GET 200 https://registry.npmjs.org/@babel%2fplugin-transform-modules-systemjs 4874ms (cache miss)
2507 silly packumentCache corgi:https://registry.npmjs.org/@babel%2fplugin-transform-modules-systemjs set size:undefined disposed:false
2508 http fetch GET 200 https://registry.npmjs.org/cookie 4874ms (cache miss)
2509 silly packumentCache corgi:https://registry.npmjs.org/cookie set size:undefined disposed:false
2510 http fetch GET 200 https://registry.npmjs.org/source-map/-/source-map-0.7.4.tgz 5015ms (cache miss)
2511 http fetch GET 200 https://registry.npmjs.org/@babel%2fhelpers 4884ms (cache miss)
2512 silly packumentCache corgi:https://registry.npmjs.org/@babel%2fhelpers set size:undefined disposed:false
2513 http fetch GET 200 https://registry.npmjs.org/@jridgewell/sourcemap-codec/-/sourcemap-codec-1.4.14.tgz 5022ms (cache miss)
2514 http fetch GET 200 https://registry.npmjs.org/@babel%2fruntime 4898ms (cache miss)
2515 silly packumentCache corgi:https://registry.npmjs.org/@babel%2fruntime set size:undefined disposed:false
2516 http fetch GET 200 https://registry.npmjs.org/semver 4936ms (cache miss)
2517 silly packumentCache corgi:https://registry.npmjs.org/semver set size:undefined disposed:false
2518 http fetch GET 200 https://registry.npmjs.org/path-to-regexp 4944ms (cache miss)
2519 silly packumentCache corgi:https://registry.npmjs.org/path-to-regexp set size:undefined disposed:false
2520 http fetch GET 200 https://registry.npmjs.org/express 4947ms (cache miss)
2521 silly packumentCache corgi:https://registry.npmjs.org/express set size:undefined disposed:false
2522 http fetch GET 200 https://registry.npmjs.org/follow-redirects 4954ms (cache miss)
2523 silly packumentCache corgi:https://registry.npmjs.org/follow-redirects set size:undefined disposed:false
2524 http fetch GET 200 https://registry.npmjs.org/lodash 4954ms (cache miss)
2525 silly packumentCache corgi:https://registry.npmjs.org/lodash set size:undefined disposed:false
2526 http fetch GET 200 https://registry.npmjs.org/micromatch 4956ms (cache miss)
2527 silly packumentCache corgi:https://registry.npmjs.org/micromatch set size:undefined disposed:false
2528 http fetch GET 200 https://registry.npmjs.org/semver/-/semver-7.5.3.tgz 5123ms (cache miss)
2529 http fetch GET 200 https://registry.npmjs.org/postcss 5053ms (cache miss)
2530 silly packumentCache corgi:https://registry.npmjs.org/postcss set size:undefined disposed:false
2531 http fetch GET 200 https://registry.npmjs.org/picomatch 5066ms (cache miss)
2532 silly packumentCache corgi:https://registry.npmjs.org/picomatch set size:undefined disposed:false
2533 http fetch GET 200 https://registry.npmjs.org/minimatch 5080ms (cache miss)
2534 silly packumentCache corgi:https://registry.npmjs.org/minimatch set size:undefined disposed:false
2535 http fetch GET 200 https://registry.npmjs.org/@babel%2fcore 5085ms (cache miss)
2536 silly packumentCache corgi:https://registry.npmjs.org/@babel%2fcore set size:undefined disposed:false
2537 http fetch GET 200 https://registry.npmjs.org/on-headers 5092ms (cache miss)
2538 silly packumentCache corgi:https://registry.npmjs.org/on-headers set size:undefined disposed:false
2539 http fetch GET 200 https://registry.npmjs.org/ajv 5094ms (cache miss)
2540 silly packumentCache corgi:https://registry.npmjs.org/ajv set size:undefined disposed:false
2541 http fetch GET 200 https://registry.npmjs.org/body-parser 5111ms (cache miss)
2542 silly packumentCache corgi:https://registry.npmjs.org/body-parser set size:undefined disposed:false
2543 http fetch GET 200 https://registry.npmjs.org/send 5116ms (cache miss)
2544 silly packumentCache corgi:https://registry.npmjs.org/send set size:undefined disposed:false
2545 http fetch GET 200 https://registry.npmjs.org/nanoid 5118ms (cache miss)
2546 silly packumentCache corgi:https://registry.npmjs.org/nanoid set size:undefined disposed:false
2547 http fetch GET 200 https://registry.npmjs.org/serialize-javascript 5124ms (cache miss)
2548 silly packumentCache corgi:https://registry.npmjs.org/serialize-javascript set size:undefined disposed:false
2549 http fetch GET 200 https://registry.npmjs.org/node-forge 5132ms (cache miss)
2550 silly packumentCache corgi:https://registry.npmjs.org/node-forge set size:undefined disposed:false
2551 http fetch GET 200 https://registry.npmjs.org/uuid 5161ms (cache miss)
2552 silly packumentCache corgi:https://registry.npmjs.org/uuid set size:undefined disposed:false
2553 http fetch GET 200 https://registry.npmjs.org/websocket-driver 5174ms (cache miss)
2554 silly packumentCache corgi:https://registry.npmjs.org/websocket-driver set size:undefined disposed:false
2555 http fetch GET 200 https://registry.npmjs.org/ip 5255ms (cache miss)
2556 silly packumentCache corgi:https://registry.npmjs.org/ip set size:undefined disposed:false
2557 http fetch GET 200 https://registry.npmjs.org/@babel%2ftraverse 5278ms (cache miss)
2558 silly packumentCache corgi:https://registry.npmjs.org/@babel%2ftraverse set size:undefined disposed:false
2559 http fetch GET 200 https://registry.npmjs.org/csstype/-/csstype-3.1.2.tgz 5427ms (cache miss)
2560 info run fsevents@1.2.13 install node_modules/fsevents node install.js
2561 http fetch GET 200 https://registry.npmjs.org/ws 5295ms (cache miss)
2562 silly packumentCache corgi:https://registry.npmjs.org/ws set size:undefined disposed:false
2563 http fetch GET 200 https://registry.npmjs.org/cross-spawn 5300ms (cache miss)
2564 silly packumentCache corgi:https://registry.npmjs.org/cross-spawn set size:undefined disposed:false
2565 http fetch GET 200 https://registry.npmjs.org/webpack 5302ms (cache miss)
2566 silly packumentCache corgi:https://registry.npmjs.org/webpack set size:undefined disposed:false
2567 http fetch GET 200 https://registry.npmjs.org/http-proxy-middleware 5322ms (cache miss)
2568 silly packumentCache corgi:https://registry.npmjs.org/http-proxy-middleware set size:undefined disposed:false
2569 http fetch GET 200 https://registry.npmjs.org/qs 5340ms (cache miss)
2570 silly packumentCache corgi:https://registry.npmjs.org/qs set size:undefined disposed:false
2571 http fetch GET 200 https://registry.npmjs.org/webpack-dev-middleware 5344ms (cache miss)
2572 silly packumentCache corgi:https://registry.npmjs.org/webpack-dev-middleware set size:undefined disposed:false
2573 http fetch GET 200 https://registry.npmjs.org/serve-static 5455ms (cache miss)
2574 silly packumentCache corgi:https://registry.npmjs.org/serve-static set size:undefined disposed:false
2575 info run fsevents@1.2.13 install { code: 0, signal: null }
2576 http fetch GET 200 https://registry.npmjs.org/webpack-dev-server 5837ms (cache miss)
2577 silly packumentCache corgi:https://registry.npmjs.org/webpack-dev-server set size:undefined disposed:false
2578 silly packumentCache corgi:https://registry.npmjs.org/@babel%2fhelper-compilation-targets cache-miss
2579 silly packumentCache corgi:https://registry.npmjs.org/@babel%2fhelper-create-class-features-plugin cache-miss
2580 silly packumentCache corgi:https://registry.npmjs.org/@babel%2fhelper-create-regexp-features-plugin cache-miss
2581 silly packumentCache corgi:https://registry.npmjs.org/@babel%2fhelper-define-polyfill-provider cache-miss
2582 silly packumentCache corgi:https://registry.npmjs.org/@babel%2fhelper-remap-async-to-generator cache-miss
2583 silly packumentCache corgi:https://registry.npmjs.org/@babel%2fplugin-bugfix-safari-id-destructuring-collision-in-function-expression cache-miss
2584 silly packumentCache corgi:https://registry.npmjs.org/@babel%2fplugin-bugfix-v8-spread-parameters-in-optional-chaining cache-miss
2585 silly packumentCache corgi:https://registry.npmjs.org/@babel%2fplugin-proposal-private-property-in-object cache-miss
2586 silly packumentCache corgi:https://registry.npmjs.org/@babel%2fplugin-proposal-unicode-property-regex cache-miss
2587 silly packumentCache corgi:https://registry.npmjs.org/@babel%2fplugin-syntax-async-generators cache-miss
2588 silly packumentCache corgi:https://registry.npmjs.org/@babel%2fplugin-syntax-class-properties cache-miss
2589 silly packumentCache corgi:https://registry.npmjs.org/@babel%2fplugin-syntax-class-static-block cache-miss
2590 silly packumentCache corgi:https://registry.npmjs.org/@babel%2fplugin-syntax-dynamic-import cache-miss
2591 silly packumentCache corgi:https://registry.npmjs.org/@babel%2fplugin-syntax-export-namespace-from cache-miss
2592 silly packumentCache corgi:https://registry.npmjs.org/@babel%2fplugin-syntax-import-assertions cache-miss
2593 silly packumentCache corgi:https://registry.npmjs.org/@babel%2fplugin-syntax-import-attributes cache-miss
2594 silly packumentCache corgi:https://registry.npmjs.org/@babel%2fplugin-syntax-import-meta cache-miss
2595 silly packumentCache corgi:https://registry.npmjs.org/@babel%2fplugin-syntax-json-strings cache-miss
2596 silly packumentCache corgi:https://registry.npmjs.org/@babel%2fplugin-syntax-jsx cache-miss
2597 silly packumentCache corgi:https://registry.npmjs.org/@babel%2fplugin-syntax-logical-assignment-operators cache-miss
2598 silly packumentCache corgi:https://registry.npmjs.org/@babel%2fplugin-syntax-nullish-coalescing-operator cache-miss
2599 silly packumentCache corgi:https://registry.npmjs.org/@babel%2fplugin-syntax-numeric-separator cache-miss
2600 silly packumentCache corgi:https://registry.npmjs.org/@babel%2fplugin-syntax-object-rest-spread cache-miss
2601 silly packumentCache corgi:https://registry.npmjs.org/@babel%2fplugin-syntax-optional-catch-binding cache-miss
2602 silly packumentCache corgi:https://registry.npmjs.org/@babel%2fplugin-syntax-optional-chaining cache-miss
2603 silly packumentCache corgi:https://registry.npmjs.org/@babel%2fplugin-syntax-private-property-in-object cache-miss
2604 silly packumentCache corgi:https://registry.npmjs.org/@babel%2fplugin-syntax-top-level-await cache-miss
2605 silly packumentCache corgi:https://registry.npmjs.org/@babel%2fplugin-syntax-unicode-sets-regex cache-miss
2606 silly packumentCache corgi:https://registry.npmjs.org/@babel%2fplugin-transform-arrow-functions cache-miss
2607 silly packumentCache corgi:https://registry.npmjs.org/@babel%2fplugin-transform-async-generator-functions cache-miss
2608 silly packumentCache corgi:https://registry.npmjs.org/@babel%2fplugin-transform-async-to-generator cache-miss
2609 silly packumentCache corgi:https://registry.npmjs.org/@babel%2fplugin-transform-block-scoped-functions cache-miss
2610 silly packumentCache corgi:https://registry.npmjs.org/@babel%2fplugin-transform-block-scoping cache-miss
2611 silly packumentCache corgi:https://registry.npmjs.org/@babel%2fplugin-transform-class-properties cache-miss
2612 silly packumentCache corgi:https://registry.npmjs.org/@babel%2fplugin-transform-class-static-block cache-miss
2613 silly packumentCache corgi:https://registry.npmjs.org/@babel%2fplugin-transform-classes cache-miss
2614 silly packumentCache corgi:https://registry.npmjs.org/@babel%2fplugin-transform-computed-properties cache-miss
2615 silly packumentCache corgi:https://registry.npmjs.org/@babel%2fplugin-transform-destructuring cache-miss
2616 silly packumentCache corgi:https://registry.npmjs.org/@babel%2fplugin-transform-dotall-regex cache-miss
2617 silly packumentCache corgi:https://registry.npmjs.org/@babel%2fplugin-transform-duplicate-keys cache-miss
2618 silly packumentCache corgi:https://registry.npmjs.org/@babel%2fplugin-transform-dynamic-import cache-miss
2619 silly packumentCache corgi:https://registry.npmjs.org/@babel%2fplugin-transform-exponentiation-operator cache-miss
2620 silly packumentCache corgi:https://registry.npmjs.org/@babel%2fplugin-transform-export-namespace-from cache-miss
2621 silly packumentCache corgi:https://registry.npmjs.org/@babel%2fplugin-transform-for-of cache-miss
2622 silly packumentCache corgi:https://registry.npmjs.org/@babel%2fplugin-transform-function-name cache-miss
2623 silly packumentCache corgi:https://registry.npmjs.org/@babel%2fplugin-transform-json-strings cache-miss
2624 silly packumentCache corgi:https://registry.npmjs.org/@babel%2fplugin-transform-literals cache-miss
2625 silly packumentCache corgi:https://registry.npmjs.org/@babel%2fplugin-transform-logical-assignment-operators cache-miss
2626 silly packumentCache corgi:https://registry.npmjs.org/@babel%2fplugin-transform-member-expression-literals cache-miss
2627 silly packumentCache corgi:https://registry.npmjs.org/@babel%2fplugin-transform-modules-amd cache-miss
2628 silly packumentCache corgi:https://registry.npmjs.org/@babel%2fplugin-transform-modules-commonjs cache-miss
2629 silly packumentCache corgi:https://registry.npmjs.org/@babel%2fplugin-transform-modules-umd cache-miss
2630 silly packumentCache corgi:https://registry.npmjs.org/@babel%2fplugin-transform-named-capturing-groups-regex cache-miss
2631 silly packumentCache corgi:https://registry.npmjs.org/@babel%2fplugin-transform-new-target cache-miss
2632 silly packumentCache corgi:https://registry.npmjs.org/@babel%2fplugin-transform-nullish-coalescing-operator cache-miss
2633 silly packumentCache corgi:https://registry.npmjs.org/@babel%2fplugin-transform-numeric-separator cache-miss
2634 silly packumentCache corgi:https://registry.npmjs.org/@babel%2fplugin-transform-object-rest-spread cache-miss
2635 silly packumentCache corgi:https://registry.npmjs.org/@babel%2fplugin-transform-object-super cache-miss
2636 silly packumentCache corgi:https://registry.npmjs.org/@babel%2fplugin-transform-optional-catch-binding cache-miss
2637 silly packumentCache corgi:https://registry.npmjs.org/@babel%2fplugin-transform-optional-chaining cache-miss
2638 silly packumentCache corgi:https://registry.npmjs.org/@babel%2fplugin-transform-parameters cache-miss
2639 silly packumentCache corgi:https://registry.npmjs.org/@babel%2fplugin-transform-private-methods cache-miss
2640 silly packumentCache corgi:https://registry.npmjs.org/@babel%2fplugin-transform-private-property-in-object cache-miss
2641 silly packumentCache corgi:https://registry.npmjs.org/@babel%2fplugin-transform-property-literals cache-miss
2642 silly packumentCache corgi:https://registry.npmjs.org/@babel%2fplugin-transform-react-display-name cache-miss
2643 silly packumentCache corgi:https://registry.npmjs.org/@babel%2fplugin-transform-react-jsx cache-miss
2644 silly packumentCache corgi:https://registry.npmjs.org/@babel%2fplugin-transform-react-jsx-development cache-miss
2645 silly packumentCache corgi:https://registry.npmjs.org/@babel%2fplugin-transform-react-pure-annotations cache-miss
2646 silly packumentCache corgi:https://registry.npmjs.org/@babel%2fplugin-transform-regenerator cache-miss
2647 silly packumentCache corgi:https://registry.npmjs.org/@babel%2fplugin-transform-reserved-words cache-miss
2648 silly packumentCache corgi:https://registry.npmjs.org/@babel%2fplugin-transform-runtime cache-miss
2649 silly packumentCache corgi:https://registry.npmjs.org/@babel%2fplugin-transform-shorthand-properties cache-miss
2650 silly packumentCache corgi:https://registry.npmjs.org/@babel%2fplugin-transform-spread cache-miss
2651 silly packumentCache corgi:https://registry.npmjs.org/@babel%2fplugin-transform-sticky-regex cache-miss
2652 silly packumentCache corgi:https://registry.npmjs.org/@babel%2fplugin-transform-template-literals cache-miss
2653 silly packumentCache corgi:https://registry.npmjs.org/@babel%2fplugin-transform-typeof-symbol cache-miss
2654 silly packumentCache corgi:https://registry.npmjs.org/@babel%2fplugin-transform-unicode-escapes cache-miss
2655 silly packumentCache corgi:https://registry.npmjs.org/@babel%2fplugin-transform-unicode-property-regex cache-miss
2656 silly packumentCache corgi:https://registry.npmjs.org/@babel%2fplugin-transform-unicode-regex cache-miss
2657 silly packumentCache corgi:https://registry.npmjs.org/@babel%2fplugin-transform-unicode-sets-regex cache-miss
2658 silly packumentCache corgi:https://registry.npmjs.org/@babel%2fpreset-env cache-miss
2659 silly packumentCache corgi:https://registry.npmjs.org/@babel%2fpreset-modules cache-miss
2660 silly packumentCache corgi:https://registry.npmjs.org/@babel%2fpreset-react cache-miss
2661 silly packumentCache corgi:https://registry.npmjs.org/babel-loader cache-miss
2662 silly packumentCache corgi:https://registry.npmjs.org/babel-plugin-polyfill-corejs2 cache-miss
2663 silly packumentCache corgi:https://registry.npmjs.org/babel-plugin-polyfill-corejs3 cache-miss
2664 silly packumentCache corgi:https://registry.npmjs.org/babel-plugin-polyfill-regenerator cache-miss
2665 http fetch GET 200 https://registry.npmjs.org/@babel%2fhelper-define-polyfill-provider 76ms (cache miss)
2666 silly packumentCache corgi:https://registry.npmjs.org/@babel%2fhelper-define-polyfill-provider set size:undefined disposed:false
2667 http fetch GET 200 https://registry.npmjs.org/@babel%2fplugin-syntax-class-static-block 80ms (cache miss)
2668 silly packumentCache corgi:https://registry.npmjs.org/@babel%2fplugin-syntax-class-static-block set size:undefined disposed:false
2669 http fetch GET 200 https://registry.npmjs.org/@babel%2fhelper-compilation-targets 81ms (cache miss)
2670 silly packumentCache corgi:https://registry.npmjs.org/@babel%2fhelper-compilation-targets set size:undefined disposed:false
2671 http fetch GET 200 https://registry.npmjs.org/@babel%2fplugin-proposal-private-property-in-object 82ms (cache miss)
2672 silly packumentCache corgi:https://registry.npmjs.org/@babel%2fplugin-proposal-private-property-in-object set size:undefined disposed:false
2673 http fetch GET 200 https://registry.npmjs.org/@babel%2fplugin-proposal-unicode-property-regex 90ms (cache miss)
2674 silly packumentCache corgi:https://registry.npmjs.org/@babel%2fplugin-proposal-unicode-property-regex set size:undefined disposed:false
2675 http fetch GET 200 https://registry.npmjs.org/@babel%2fhelper-remap-async-to-generator 92ms (cache miss)
2676 silly packumentCache corgi:https://registry.npmjs.org/@babel%2fhelper-remap-async-to-generator set size:undefined disposed:false
2677 http fetch GET 200 https://registry.npmjs.org/@babel%2fhelper-create-regexp-features-plugin 97ms (cache miss)
2678 silly packumentCache corgi:https://registry.npmjs.org/@babel%2fhelper-create-regexp-features-plugin set size:undefined disposed:false
2679 http fetch GET 200 https://registry.npmjs.org/@babel%2fplugin-syntax-export-namespace-from 98ms (cache miss)
2680 silly packumentCache corgi:https://registry.npmjs.org/@babel%2fplugin-syntax-export-namespace-from set size:undefined disposed:false
2681 http fetch GET 200 https://registry.npmjs.org/@babel%2fplugin-syntax-import-assertions 184ms (cache miss)
2682 silly packumentCache corgi:https://registry.npmjs.org/@babel%2fplugin-syntax-import-assertions set size:undefined disposed:false
2683 http fetch GET 200 https://registry.npmjs.org/@babel%2fplugin-syntax-object-rest-spread 192ms (cache miss)
2684 silly packumentCache corgi:https://registry.npmjs.org/@babel%2fplugin-syntax-object-rest-spread set size:undefined disposed:false
2685 http fetch GET 200 https://registry.npmjs.org/@babel%2fplugin-syntax-json-strings 201ms (cache miss)
2686 silly packumentCache corgi:https://registry.npmjs.org/@babel%2fplugin-syntax-json-strings set size:undefined disposed:false
2687 http fetch GET 200 https://registry.npmjs.org/@babel%2fplugin-syntax-numeric-separator 209ms (cache miss)
2688 silly packumentCache corgi:https://registry.npmjs.org/@babel%2fplugin-syntax-numeric-separator set size:undefined disposed:false
2689 http fetch GET 200 https://registry.npmjs.org/@babel%2fplugin-syntax-import-attributes 212ms (cache miss)
2690 silly packumentCache corgi:https://registry.npmjs.org/@babel%2fplugin-syntax-import-attributes set size:undefined disposed:false
2691 http fetch GET 200 https://registry.npmjs.org/@babel%2fplugin-syntax-logical-assignment-operators 213ms (cache miss)
2692 silly packumentCache corgi:https://registry.npmjs.org/@babel%2fplugin-syntax-logical-assignment-operators set size:undefined disposed:false
2693 http fetch GET 200 https://registry.npmjs.org/@babel%2fplugin-syntax-import-meta 214ms (cache miss)
2694 silly packumentCache corgi:https://registry.npmjs.org/@babel%2fplugin-syntax-import-meta set size:undefined disposed:false
2695 http fetch GET 200 https://registry.npmjs.org/@babel%2fplugin-syntax-nullish-coalescing-operator 225ms (cache miss)
2696 silly packumentCache corgi:https://registry.npmjs.org/@babel%2fplugin-syntax-nullish-coalescing-operator set size:undefined disposed:false
2697 http fetch GET 200 https://registry.npmjs.org/@babel%2fplugin-syntax-dynamic-import 240ms (cache miss)
2698 silly packumentCache corgi:https://registry.npmjs.org/@babel%2fplugin-syntax-dynamic-import set size:undefined disposed:false
2699 http fetch GET 200 https://registry.npmjs.org/@babel%2fplugin-syntax-class-properties 241ms (cache miss)
2700 silly packumentCache corgi:https://registry.npmjs.org/@babel%2fplugin-syntax-class-properties set size:undefined disposed:false
2701 http fetch GET 200 https://registry.npmjs.org/@babel%2fplugin-bugfix-safari-id-destructuring-collision-in-function-expression 245ms (cache miss)
2702 silly packumentCache corgi:https://registry.npmjs.org/@babel%2fplugin-bugfix-safari-id-destructuring-collision-in-function-expression set size:undefined disposed:false
2703 http fetch GET 200 https://registry.npmjs.org/@babel%2fplugin-syntax-private-property-in-object 250ms (cache miss)
2704 silly packumentCache corgi:https://registry.npmjs.org/@babel%2fplugin-syntax-private-property-in-object set size:undefined disposed:false
2705 http fetch GET 200 https://registry.npmjs.org/@babel%2fplugin-transform-async-generator-functions 264ms (cache miss)
2706 silly packumentCache corgi:https://registry.npmjs.org/@babel%2fplugin-transform-async-generator-functions set size:undefined disposed:false
2707 http fetch GET 200 https://registry.npmjs.org/@babel%2fplugin-syntax-jsx 268ms (cache miss)
2708 silly packumentCache corgi:https://registry.npmjs.org/@babel%2fplugin-syntax-jsx set size:undefined disposed:false
2709 http fetch GET 200 https://registry.npmjs.org/@babel%2fplugin-bugfix-v8-spread-parameters-in-optional-chaining 271ms (cache miss)
2710 silly packumentCache corgi:https://registry.npmjs.org/@babel%2fplugin-bugfix-v8-spread-parameters-in-optional-chaining set size:undefined disposed:false
2711 http fetch GET 200 https://registry.npmjs.org/@babel%2fplugin-syntax-top-level-await 272ms (cache miss)
2712 silly packumentCache corgi:https://registry.npmjs.org/@babel%2fplugin-syntax-top-level-await set size:undefined disposed:false
2713 http fetch GET 200 https://registry.npmjs.org/@babel%2fplugin-transform-arrow-functions 272ms (cache miss)
2714 silly packumentCache corgi:https://registry.npmjs.org/@babel%2fplugin-transform-arrow-functions set size:undefined disposed:false
2715 http fetch GET 200 https://registry.npmjs.org/@babel%2fplugin-syntax-optional-chaining 275ms (cache miss)
2716 silly packumentCache corgi:https://registry.npmjs.org/@babel%2fplugin-syntax-optional-chaining set size:undefined disposed:false
2717 http fetch GET 200 https://registry.npmjs.org/@babel%2fplugin-transform-async-to-generator 293ms (cache miss)
2718 silly packumentCache corgi:https://registry.npmjs.org/@babel%2fplugin-transform-async-to-generator set size:undefined disposed:false
2719 http fetch GET 200 https://registry.npmjs.org/@babel%2fplugin-transform-class-static-block 298ms (cache miss)
2720 silly packumentCache corgi:https://registry.npmjs.org/@babel%2fplugin-transform-class-static-block set size:undefined disposed:false
2721 http fetch GET 200 https://registry.npmjs.org/@babel%2fplugin-syntax-optional-catch-binding 319ms (cache miss)
2722 silly packumentCache corgi:https://registry.npmjs.org/@babel%2fplugin-syntax-optional-catch-binding set size:undefined disposed:false
2723 http fetch GET 200 https://registry.npmjs.org/@babel%2fhelper-create-class-features-plugin 327ms (cache miss)
2724 silly packumentCache corgi:https://registry.npmjs.org/@babel%2fhelper-create-class-features-plugin set size:undefined disposed:false
2725 http fetch GET 200 https://registry.npmjs.org/@babel%2fplugin-transform-dynamic-import 332ms (cache miss)
2726 silly packumentCache corgi:https://registry.npmjs.org/@babel%2fplugin-transform-dynamic-import set size:undefined disposed:false
2727 http fetch GET 200 https://registry.npmjs.org/@babel%2fplugin-transform-dotall-regex 340ms (cache miss)
2728 silly packumentCache corgi:https://registry.npmjs.org/@babel%2fplugin-transform-dotall-regex set size:undefined disposed:false
2729 http fetch GET 200 https://registry.npmjs.org/@babel%2fplugin-transform-export-namespace-from 362ms (cache miss)
2730 silly packumentCache corgi:https://registry.npmjs.org/@babel%2fplugin-transform-export-namespace-from set size:undefined disposed:false
2731 http fetch GET 200 https://registry.npmjs.org/@babel%2fplugin-transform-exponentiation-operator 363ms (cache miss)
2732 silly packumentCache corgi:https://registry.npmjs.org/@babel%2fplugin-transform-exponentiation-operator set size:undefined disposed:false
2733 http fetch GET 200 https://registry.npmjs.org/@babel%2fplugin-transform-classes 367ms (cache miss)
2734 silly packumentCache corgi:https://registry.npmjs.org/@babel%2fplugin-transform-classes set size:undefined disposed:false
2735 http fetch GET 200 https://registry.npmjs.org/@babel%2fplugin-transform-class-properties 368ms (cache miss)
2736 silly packumentCache corgi:https://registry.npmjs.org/@babel%2fplugin-transform-class-properties set size:undefined disposed:false
2737 http fetch GET 200 https://registry.npmjs.org/@babel%2fplugin-syntax-async-generators 439ms (cache miss)
2738 silly packumentCache corgi:https://registry.npmjs.org/@babel%2fplugin-syntax-async-generators set size:undefined disposed:false
2739 http fetch GET 200 https://registry.npmjs.org/@babel%2fplugin-transform-function-name 438ms (cache miss)
2740 silly packumentCache corgi:https://registry.npmjs.org/@babel%2fplugin-transform-function-name set size:undefined disposed:false
2741 http fetch GET 200 https://registry.npmjs.org/@babel%2fplugin-transform-duplicate-keys 440ms (cache miss)
2742 silly packumentCache corgi:https://registry.npmjs.org/@babel%2fplugin-transform-duplicate-keys set size:undefined disposed:false
2743 http fetch GET 200 https://registry.npmjs.org/@babel%2fplugin-transform-json-strings 440ms (cache miss)
2744 silly packumentCache corgi:https://registry.npmjs.org/@babel%2fplugin-transform-json-strings set size:undefined disposed:false
2745 http fetch GET 200 https://registry.npmjs.org/@babel%2fplugin-transform-literals 440ms (cache miss)
2746 silly packumentCache corgi:https://registry.npmjs.org/@babel%2fplugin-transform-literals set size:undefined disposed:false
2747 http fetch GET 200 https://registry.npmjs.org/@babel%2fplugin-transform-member-expression-literals 444ms (cache miss)
2748 silly packumentCache corgi:https://registry.npmjs.org/@babel%2fplugin-transform-member-expression-literals set size:undefined disposed:false
2749 http fetch GET 200 https://registry.npmjs.org/@babel%2fplugin-transform-computed-properties 448ms (cache miss)
2750 silly packumentCache corgi:https://registry.npmjs.org/@babel%2fplugin-transform-computed-properties set size:undefined disposed:false
2751 http fetch GET 200 https://registry.npmjs.org/@babel%2fplugin-transform-modules-amd 454ms (cache miss)
2752 silly packumentCache corgi:https://registry.npmjs.org/@babel%2fplugin-transform-modules-amd set size:undefined disposed:false
2753 http fetch GET 200 https://registry.npmjs.org/@babel%2fplugin-transform-destructuring 457ms (cache miss)
2754 silly packumentCache corgi:https://registry.npmjs.org/@babel%2fplugin-transform-destructuring set size:undefined disposed:false
2755 http fetch GET 200 https://registry.npmjs.org/@babel%2fplugin-transform-block-scoped-functions 463ms (cache miss)
2756 silly packumentCache corgi:https://registry.npmjs.org/@babel%2fplugin-transform-block-scoped-functions set size:undefined disposed:false
2757 http fetch GET 200 https://registry.npmjs.org/@babel%2fplugin-transform-nullish-coalescing-operator 484ms (cache miss)
2758 silly packumentCache corgi:https://registry.npmjs.org/@babel%2fplugin-transform-nullish-coalescing-operator set size:undefined disposed:false
2759 http fetch GET 200 https://registry.npmjs.org/@babel%2fplugin-transform-object-rest-spread 493ms (cache miss)
2760 silly packumentCache corgi:https://registry.npmjs.org/@babel%2fplugin-transform-object-rest-spread set size:undefined disposed:false
2761 http fetch GET 200 https://registry.npmjs.org/@babel%2fplugin-transform-new-target 498ms (cache miss)
2762 silly packumentCache corgi:https://registry.npmjs.org/@babel%2fplugin-transform-new-target set size:undefined disposed:false
2763 http fetch GET 200 https://registry.npmjs.org/@babel%2fplugin-transform-numeric-separator 501ms (cache miss)
2764 silly packumentCache corgi:https://registry.npmjs.org/@babel%2fplugin-transform-numeric-separator set size:undefined disposed:false
2765 http fetch GET 200 https://registry.npmjs.org/@babel%2fplugin-transform-optional-catch-binding 501ms (cache miss)
2766 silly packumentCache corgi:https://registry.npmjs.org/@babel%2fplugin-transform-optional-catch-binding set size:undefined disposed:false
2767 http fetch GET 200 https://registry.npmjs.org/@babel%2fplugin-syntax-unicode-sets-regex 539ms (cache miss)
2768 silly packumentCache corgi:https://registry.npmjs.org/@babel%2fplugin-syntax-unicode-sets-regex set size:undefined disposed:false
2769 http fetch GET 200 https://registry.npmjs.org/@babel%2fplugin-transform-optional-chaining 556ms (cache miss)
2770 silly packumentCache corgi:https://registry.npmjs.org/@babel%2fplugin-transform-optional-chaining set size:undefined disposed:false
2771 http fetch GET 200 https://registry.npmjs.org/@babel%2fplugin-transform-react-jsx-development 625ms (cache miss)
2772 silly packumentCache corgi:https://registry.npmjs.org/@babel%2fplugin-transform-react-jsx-development set size:undefined disposed:false
2773 http fetch GET 200 https://registry.npmjs.org/@babel%2fplugin-transform-private-property-in-object 626ms (cache miss)
2774 silly packumentCache corgi:https://registry.npmjs.org/@babel%2fplugin-transform-private-property-in-object set size:undefined disposed:false
2775 http fetch GET 200 https://registry.npmjs.org/@babel%2fplugin-transform-logical-assignment-operators 641ms (cache miss)
2776 silly packumentCache corgi:https://registry.npmjs.org/@babel%2fplugin-transform-logical-assignment-operators set size:undefined disposed:false
2777 http fetch GET 200 https://registry.npmjs.org/@babel%2fplugin-transform-react-display-name 641ms (cache miss)
2778 silly packumentCache corgi:https://registry.npmjs.org/@babel%2fplugin-transform-react-display-name set size:undefined disposed:false
2779 http fetch GET 200 https://registry.npmjs.org/@babel%2fplugin-transform-react-pure-annotations 649ms (cache miss)
2780 silly packumentCache corgi:https://registry.npmjs.org/@babel%2fplugin-transform-react-pure-annotations set size:undefined disposed:false
2781 http fetch GET 200 https://registry.npmjs.org/@babel%2fplugin-transform-private-methods 653ms (cache miss)
2782 silly packumentCache corgi:https://registry.npmjs.org/@babel%2fplugin-transform-private-methods set size:undefined disposed:false
2783 http fetch GET 200 https://registry.npmjs.org/@babel%2fplugin-transform-named-capturing-groups-regex 661ms (cache miss)
2784 silly packumentCache corgi:https://registry.npmjs.org/@babel%2fplugin-transform-named-capturing-groups-regex set size:undefined disposed:false
2785 http fetch GET 200 https://registry.npmjs.org/@babel%2fplugin-transform-for-of 683ms (cache miss)
2786 silly packumentCache corgi:https://registry.npmjs.org/@babel%2fplugin-transform-for-of set size:undefined disposed:false
2787 http fetch GET 200 https://registry.npmjs.org/@babel%2fplugin-transform-shorthand-properties 728ms (cache miss)
2788 silly packumentCache corgi:https://registry.npmjs.org/@babel%2fplugin-transform-shorthand-properties set size:undefined disposed:false
2789 http fetch GET 200 https://registry.npmjs.org/@babel%2fplugin-transform-runtime 729ms (cache miss)
2790 silly packumentCache corgi:https://registry.npmjs.org/@babel%2fplugin-transform-runtime set size:undefined disposed:false
2791 http fetch GET 200 https://registry.npmjs.org/@babel%2fplugin-transform-reserved-words 752ms (cache miss)
2792 silly packumentCache corgi:https://registry.npmjs.org/@babel%2fplugin-transform-reserved-words set size:undefined disposed:false
2793 http fetch GET 200 https://registry.npmjs.org/@babel%2fplugin-transform-property-literals 765ms (cache miss)
2794 silly packumentCache corgi:https://registry.npmjs.org/@babel%2fplugin-transform-property-literals set size:undefined disposed:false
2795 http fetch GET 200 https://registry.npmjs.org/@babel%2fplugin-transform-react-jsx 795ms (cache miss)
2796 silly packumentCache corgi:https://registry.npmjs.org/@babel%2fplugin-transform-react-jsx set size:undefined disposed:false
2797 http fetch GET 200 https://registry.npmjs.org/@babel%2fplugin-transform-unicode-property-regex 795ms (cache miss)
2798 silly packumentCache corgi:https://registry.npmjs.org/@babel%2fplugin-transform-unicode-property-regex set size:undefined disposed:false
2799 http fetch GET 200 https://registry.npmjs.org/@babel%2fplugin-transform-sticky-regex 799ms (cache miss)
2800 silly packumentCache corgi:https://registry.npmjs.org/@babel%2fplugin-transform-sticky-regex set size:undefined disposed:false
2801 http fetch GET 200 https://registry.npmjs.org/@babel%2fplugin-transform-parameters 821ms (cache miss)
2802 silly packumentCache corgi:https://registry.npmjs.org/@babel%2fplugin-transform-parameters set size:undefined disposed:false
2803 http fetch GET 200 https://registry.npmjs.org/@babel%2fplugin-transform-spread 820ms (cache miss)
2804 silly packumentCache corgi:https://registry.npmjs.org/@babel%2fplugin-transform-spread set size:undefined disposed:false
2805 http fetch GET 200 https://registry.npmjs.org/@babel%2fplugin-transform-regenerator 826ms (cache miss)
2806 silly packumentCache corgi:https://registry.npmjs.org/@babel%2fplugin-transform-regenerator set size:undefined disposed:false
2807 http fetch GET 200 https://registry.npmjs.org/@babel%2fplugin-transform-template-literals 827ms (cache miss)
2808 silly packumentCache corgi:https://registry.npmjs.org/@babel%2fplugin-transform-template-literals set size:undefined disposed:false
2809 http fetch GET 200 https://registry.npmjs.org/@babel%2fpreset-modules 865ms (cache miss)
2810 silly packumentCache corgi:https://registry.npmjs.org/@babel%2fpreset-modules set size:undefined disposed:false
2811 http fetch GET 200 https://registry.npmjs.org/@babel%2fplugin-transform-unicode-sets-regex 876ms (cache miss)
2812 silly packumentCache corgi:https://registry.npmjs.org/@babel%2fplugin-transform-unicode-sets-regex set size:undefined disposed:false
2813 http fetch GET 200 https://registry.npmjs.org/@babel%2fplugin-transform-unicode-regex 947ms (cache miss)
2814 silly packumentCache corgi:https://registry.npmjs.org/@babel%2fplugin-transform-unicode-regex set size:undefined disposed:false
2815 http fetch GET 200 https://registry.npmjs.org/babel-plugin-polyfill-corejs3 948ms (cache miss)
2816 silly packumentCache corgi:https://registry.npmjs.org/babel-plugin-polyfill-corejs3 set size:undefined disposed:false
2817 http fetch GET 200 https://registry.npmjs.org/@babel%2fplugin-transform-block-scoping 952ms (cache miss)
2818 silly packumentCache corgi:https://registry.npmjs.org/@babel%2fplugin-transform-block-scoping set size:undefined disposed:false
2819 http fetch GET 200 https://registry.npmjs.org/babel-plugin-polyfill-regenerator 950ms (cache miss)
2820 silly packumentCache corgi:https://registry.npmjs.org/babel-plugin-polyfill-regenerator set size:undefined disposed:false
2821 http fetch GET 200 https://registry.npmjs.org/@babel%2fplugin-transform-modules-commonjs 954ms (cache miss)
2822 silly packumentCache corgi:https://registry.npmjs.org/@babel%2fplugin-transform-modules-commonjs set size:undefined disposed:false
2823 http fetch GET 200 https://registry.npmjs.org/babel-plugin-polyfill-corejs2 989ms (cache miss)
2824 silly packumentCache corgi:https://registry.npmjs.org/babel-plugin-polyfill-corejs2 set size:undefined disposed:false
2825 http fetch GET 200 https://registry.npmjs.org/@babel%2fplugin-transform-typeof-symbol 1010ms (cache miss)
2826 silly packumentCache corgi:https://registry.npmjs.org/@babel%2fplugin-transform-typeof-symbol set size:undefined disposed:false
2827 http fetch GET 200 https://registry.npmjs.org/@babel%2fpreset-react 1016ms (cache miss)
2828 silly packumentCache corgi:https://registry.npmjs.org/@babel%2fpreset-react set size:undefined disposed:false
2829 http fetch GET 200 https://registry.npmjs.org/@babel%2fplugin-transform-object-super 1020ms (cache miss)
2830 silly packumentCache corgi:https://registry.npmjs.org/@babel%2fplugin-transform-object-super set size:undefined disposed:false
2831 http fetch GET 200 https://registry.npmjs.org/babel-loader 1020ms (cache miss)
2832 silly packumentCache corgi:https://registry.npmjs.org/babel-loader set size:undefined disposed:false
2833 http fetch GET 200 https://registry.npmjs.org/@babel%2fplugin-transform-unicode-escapes 1047ms (cache miss)
2834 silly packumentCache corgi:https://registry.npmjs.org/@babel%2fplugin-transform-unicode-escapes set size:undefined disposed:false
2835 http fetch GET 200 https://registry.npmjs.org/@babel%2fpreset-env 1096ms (cache miss)
2836 silly packumentCache corgi:https://registry.npmjs.org/@babel%2fpreset-env set size:undefined disposed:false
2837 http fetch GET 200 https://registry.npmjs.org/@babel%2fplugin-transform-modules-umd 1182ms (cache miss)
2838 silly packumentCache corgi:https://registry.npmjs.org/@babel%2fplugin-transform-modules-umd set size:undefined disposed:false
2839 silly packumentCache corgi:https://registry.npmjs.org/@material-ui%2fcore cache-miss
2840 silly packumentCache corgi:https://registry.npmjs.org/@material-ui%2ficons cache-miss
2841 silly packumentCache corgi:https://registry.npmjs.org/@material-ui%2fstyles cache-miss
2842 silly packumentCache corgi:https://registry.npmjs.org/@material-ui%2fsystem cache-miss
2843 silly packumentCache corgi:https://registry.npmjs.org/@material-ui%2futils cache-miss
2844 silly packumentCache corgi:https://registry.npmjs.org/css-vendor cache-miss
2845 silly packumentCache corgi:https://registry.npmjs.org/dom-helpers cache-miss
2846 silly packumentCache corgi:https://registry.npmjs.org/history cache-miss
2847 silly packumentCache corgi:https://registry.npmjs.org/jss cache-miss
2848 silly packumentCache corgi:https://registry.npmjs.org/jss-plugin-camel-case cache-miss
2849 silly packumentCache corgi:https://registry.npmjs.org/jss-plugin-default-unit cache-miss
2850 silly packumentCache corgi:https://registry.npmjs.org/jss-plugin-global cache-miss
2851 silly packumentCache corgi:https://registry.npmjs.org/jss-plugin-nested cache-miss
2852 silly packumentCache corgi:https://registry.npmjs.org/jss-plugin-props-sort cache-miss
2853 silly packumentCache corgi:https://registry.npmjs.org/jss-plugin-rule-value-function cache-miss
2854 silly packumentCache corgi:https://registry.npmjs.org/jss-plugin-vendor-prefixer cache-miss
2855 silly packumentCache corgi:https://registry.npmjs.org/react-router cache-miss
2856 silly packumentCache corgi:https://registry.npmjs.org/react-router-dom cache-miss
2857 silly packumentCache corgi:https://registry.npmjs.org/react-transition-group cache-miss
2858 silly packumentCache corgi:https://registry.npmjs.org/regenerator-transform cache-miss
2859 http fetch GET 200 https://registry.npmjs.org/jss-plugin-camel-case 178ms (cache miss)
2860 silly packumentCache corgi:https://registry.npmjs.org/jss-plugin-camel-case set size:undefined disposed:false
2861 http fetch GET 200 https://registry.npmjs.org/dom-helpers 184ms (cache miss)
2862 silly packumentCache corgi:https://registry.npmjs.org/dom-helpers set size:undefined disposed:false
2863 http fetch GET 200 https://registry.npmjs.org/jss-plugin-global 231ms (cache miss)
2864 silly packumentCache corgi:https://registry.npmjs.org/jss-plugin-global set size:undefined disposed:false
2865 http fetch GET 200 https://registry.npmjs.org/jss-plugin-nested 296ms (cache miss)
2866 silly packumentCache corgi:https://registry.npmjs.org/jss-plugin-nested set size:undefined disposed:false
2867 http fetch GET 200 https://registry.npmjs.org/jss-plugin-vendor-prefixer 331ms (cache miss)
2868 silly packumentCache corgi:https://registry.npmjs.org/jss-plugin-vendor-prefixer set size:undefined disposed:false
2869 http fetch GET 200 https://registry.npmjs.org/jss-plugin-props-sort 365ms (cache miss)
2870 silly packumentCache corgi:https://registry.npmjs.org/jss-plugin-props-sort set size:undefined disposed:false
2871 http fetch GET 200 https://registry.npmjs.org/react-transition-group 365ms (cache miss)
2872 silly packumentCache corgi:https://registry.npmjs.org/react-transition-group set size:undefined disposed:false
2873 http fetch GET 200 https://registry.npmjs.org/css-vendor 367ms (cache miss)
2874 silly packumentCache corgi:https://registry.npmjs.org/css-vendor set size:undefined disposed:false
2875 http fetch GET 200 https://registry.npmjs.org/history 373ms (cache miss)
2876 silly packumentCache corgi:https://registry.npmjs.org/history set size:undefined disposed:false
2877 http fetch GET 200 https://registry.npmjs.org/@material-ui%2fcore 403ms (cache miss)
2878 silly packumentCache corgi:https://registry.npmjs.org/@material-ui%2fcore set size:undefined disposed:false
2879 http fetch GET 200 https://registry.npmjs.org/regenerator-transform 441ms (cache miss)
2880 silly packumentCache corgi:https://registry.npmjs.org/regenerator-transform set size:undefined disposed:false
2881 http fetch GET 200 https://registry.npmjs.org/jss-plugin-default-unit 491ms (cache miss)
2882 silly packumentCache corgi:https://registry.npmjs.org/jss-plugin-default-unit set size:undefined disposed:false
2883 http fetch GET 200 https://registry.npmjs.org/@material-ui%2fsystem 539ms (cache miss)
2884 silly packumentCache corgi:https://registry.npmjs.org/@material-ui%2fsystem set size:undefined disposed:false
2885 http fetch GET 200 https://registry.npmjs.org/jss 573ms (cache miss)
2886 silly packumentCache corgi:https://registry.npmjs.org/jss set size:undefined disposed:false
2887 http fetch GET 200 https://registry.npmjs.org/@material-ui%2fstyles 650ms (cache miss)
2888 silly packumentCache corgi:https://registry.npmjs.org/@material-ui%2fstyles set size:undefined disposed:false
2889 http fetch GET 200 https://registry.npmjs.org/jss-plugin-rule-value-function 671ms (cache miss)
2890 silly packumentCache corgi:https://registry.npmjs.org/jss-plugin-rule-value-function set size:undefined disposed:false
2891 http fetch GET 200 https://registry.npmjs.org/@material-ui%2ficons 920ms (cache miss)
2892 silly packumentCache corgi:https://registry.npmjs.org/@material-ui%2ficons set size:undefined disposed:false
2893 http fetch GET 200 https://registry.npmjs.org/@material-ui%2futils 972ms (cache miss)
2894 silly packumentCache corgi:https://registry.npmjs.org/@material-ui%2futils set size:undefined disposed:false
2895 http fetch GET 200 https://registry.npmjs.org/react-router-dom 1316ms (cache miss)
2896 silly packumentCache corgi:https://registry.npmjs.org/react-router-dom set size:undefined disposed:false
2897 http fetch GET 200 https://registry.npmjs.org/react-router 1561ms (cache miss)
2898 silly packumentCache corgi:https://registry.npmjs.org/react-router set size:undefined disposed:false
2899 silly packumentCache corgi:https://registry.npmjs.org/@babel%2fhelper-module-transforms cache-miss
2900 silly packumentCache corgi:https://registry.npmjs.org/@babel%2fhelper-replace-supers cache-miss
2901 silly packumentCache corgi:https://registry.npmjs.org/@babel%2fhelper-wrap-function cache-miss
2902 http fetch GET 200 https://registry.npmjs.org/@babel%2fhelper-replace-supers 83ms (cache miss)
2903 silly packumentCache corgi:https://registry.npmjs.org/@babel%2fhelper-replace-supers set size:undefined disposed:false
2904 http fetch GET 200 https://registry.npmjs.org/@babel%2fhelper-wrap-function 133ms (cache miss)
2905 silly packumentCache corgi:https://registry.npmjs.org/@babel%2fhelper-wrap-function set size:undefined disposed:false
2906 http fetch GET 200 https://registry.npmjs.org/@babel%2fhelper-module-transforms 309ms (cache miss)
2907 silly packumentCache corgi:https://registry.npmjs.org/@babel%2fhelper-module-transforms set size:undefined disposed:false
2908 silly packumentCache corgi:https://registry.npmjs.org/ajv-errors cache-miss
2909 silly packumentCache corgi:https://registry.npmjs.org/ajv-keywords cache-miss
2910 silly packumentCache corgi:https://registry.npmjs.org/schema-utils cache-miss
2911 http fetch GET 200 https://registry.npmjs.org/ajv-keywords 54ms (cache miss)
2912 silly packumentCache corgi:https://registry.npmjs.org/ajv-keywords set size:undefined disposed:false
2913 http fetch GET 200 https://registry.npmjs.org/ajv-errors 61ms (cache miss)
2914 silly packumentCache corgi:https://registry.npmjs.org/ajv-errors set size:undefined disposed:false
2915 http fetch GET 200 https://registry.npmjs.org/schema-utils 131ms (cache miss)
2916 silly packumentCache corgi:https://registry.npmjs.org/schema-utils set size:undefined disposed:false
2917 silly packumentCache corgi:https://registry.npmjs.org/chokidar cache-miss
2918 http fetch GET 200 https://registry.npmjs.org/chokidar 119ms (cache miss)
2919 silly packumentCache corgi:https://registry.npmjs.org/chokidar set size:undefined disposed:false
2920 silly packumentCache corgi:https://registry.npmjs.org/execa cache-miss
2921 http fetch GET 200 https://registry.npmjs.org/execa 88ms (cache miss)
2922 silly packumentCache corgi:https://registry.npmjs.org/execa set size:undefined disposed:false
2923 silly packumentCache corgi:https://registry.npmjs.org/webpack-cli cache-miss
2924 http fetch GET 200 https://registry.npmjs.org/webpack-cli 318ms (cache miss)
2925 silly packumentCache corgi:https://registry.npmjs.org/webpack-cli set size:undefined disposed:false
2926 silly packumentCache corgi:https://registry.npmjs.org/make-dir cache-miss
2927 http fetch GET 200 https://registry.npmjs.org/make-dir 57ms (cache miss)
2928 silly packumentCache corgi:https://registry.npmjs.org/make-dir set size:undefined disposed:false
2929 silly packumentCache corgi:https://registry.npmjs.org/http-proxy cache-miss
2930 http fetch GET 200 https://registry.npmjs.org/http-proxy 503ms (cache miss)
2931 silly packumentCache corgi:https://registry.npmjs.org/http-proxy set size:undefined disposed:false
2932 silly packumentCache corgi:https://registry.npmjs.org/dns-packet cache-miss
2933 http fetch GET 200 https://registry.npmjs.org/dns-packet 122ms (cache miss)
2934 silly packumentCache corgi:https://registry.npmjs.org/dns-packet set size:undefined disposed:false
2935 silly packumentCache corgi:https://registry.npmjs.org/async cache-miss
2936 silly packumentCache corgi:https://registry.npmjs.org/html-webpack-plugin cache-miss
2937 silly packumentCache corgi:https://registry.npmjs.org/pretty-error cache-miss
2938 silly packumentCache corgi:https://registry.npmjs.org/renderkid cache-miss
2939 http fetch GET 200 https://registry.npmjs.org/renderkid 60ms (cache miss)
2940 silly packumentCache corgi:https://registry.npmjs.org/renderkid set size:undefined disposed:false
2941 http fetch GET 200 https://registry.npmjs.org/pretty-error 70ms (cache miss)
2942 silly packumentCache corgi:https://registry.npmjs.org/pretty-error set size:undefined disposed:false
2943 http fetch GET 200 https://registry.npmjs.org/async 161ms (cache miss)
2944 silly packumentCache corgi:https://registry.npmjs.org/async set size:undefined disposed:false
2945 http fetch GET 200 https://registry.npmjs.org/html-webpack-plugin 229ms (cache miss)
2946 silly packumentCache corgi:https://registry.npmjs.org/html-webpack-plugin set size:undefined disposed:false
2947 silly packumentCache corgi:https://registry.npmjs.org/anymatch cache-miss
2948 silly packumentCache corgi:https://registry.npmjs.org/readdirp cache-miss
2949 http fetch GET 200 https://registry.npmjs.org/anymatch 54ms (cache miss)
2950 silly packumentCache corgi:https://registry.npmjs.org/anymatch set size:undefined disposed:false
2951 http fetch GET 200 https://registry.npmjs.org/readdirp 93ms (cache miss)
2952 silly packumentCache corgi:https://registry.npmjs.org/readdirp set size:undefined disposed:false
2953 silly packumentCache corgi:https://registry.npmjs.org/glob cache-miss
2954 http fetch GET 200 https://registry.npmjs.org/glob 81ms (cache miss)
2955 silly packumentCache corgi:https://registry.npmjs.org/glob set size:undefined disposed:false
2956 silly packumentCache corgi:https://registry.npmjs.org/selfsigned cache-miss
2957 http fetch GET 200 https://registry.npmjs.org/selfsigned 98ms (cache miss)
2958 silly packumentCache corgi:https://registry.npmjs.org/selfsigned set size:undefined disposed:false
2959 silly packumentCache corgi:https://registry.npmjs.org/compression cache-miss
2960 http fetch GET 200 https://registry.npmjs.org/compression 70ms (cache miss)
2961 silly packumentCache corgi:https://registry.npmjs.org/compression set size:undefined disposed:false
2962 silly packumentCache corgi:https://registry.npmjs.org/css-loader cache-miss
2963 silly packumentCache corgi:https://registry.npmjs.org/icss-utils cache-miss
2964 silly packumentCache corgi:https://registry.npmjs.org/postcss-modules-extract-imports cache-miss
2965 silly packumentCache corgi:https://registry.npmjs.org/postcss-modules-local-by-default cache-miss
2966 silly packumentCache corgi:https://registry.npmjs.org/postcss-modules-scope cache-miss
2967 silly packumentCache corgi:https://registry.npmjs.org/postcss-modules-values cache-miss
2968 http fetch GET 200 https://registry.npmjs.org/icss-utils 48ms (cache miss)
2969 silly packumentCache corgi:https://registry.npmjs.org/icss-utils set size:undefined disposed:false
2970 http fetch GET 200 https://registry.npmjs.org/postcss-modules-extract-imports 60ms (cache miss)
2971 silly packumentCache corgi:https://registry.npmjs.org/postcss-modules-extract-imports set size:undefined disposed:false
2972 http fetch GET 200 https://registry.npmjs.org/postcss-modules-values 69ms (cache miss)
2973 silly packumentCache corgi:https://registry.npmjs.org/postcss-modules-values set size:undefined disposed:false
2974 http fetch GET 200 https://registry.npmjs.org/postcss-modules-scope 149ms (cache miss)
2975 silly packumentCache corgi:https://registry.npmjs.org/postcss-modules-scope set size:undefined disposed:false
2976 http fetch GET 200 https://registry.npmjs.org/css-loader 150ms (cache miss)
2977 silly packumentCache corgi:https://registry.npmjs.org/css-loader set size:undefined disposed:false
2978 http fetch GET 200 https://registry.npmjs.org/postcss-modules-local-by-default 297ms (cache miss)
2979 silly packumentCache corgi:https://registry.npmjs.org/postcss-modules-local-by-default set size:undefined disposed:false
2980 silly packumentCache corgi:https://registry.npmjs.org/url cache-miss
2981 http fetch GET 200 https://registry.npmjs.org/url 111ms (cache miss)
2982 silly packumentCache corgi:https://registry.npmjs.org/url set size:undefined disposed:false
2983 silly packumentCache corgi:https://registry.npmjs.org/terser-webpack-plugin cache-miss
2984 http fetch GET 200 https://registry.npmjs.org/terser-webpack-plugin 132ms (cache miss)
2985 silly packumentCache corgi:https://registry.npmjs.org/terser-webpack-plugin set size:undefined disposed:false
2986 silly packumentCache corgi:https://registry.npmjs.org/sockjs cache-miss
2987 silly packumentCache corgi:https://registry.npmjs.org/webpack-log cache-miss
2988 http fetch GET 200 https://registry.npmjs.org/webpack-log 48ms (cache miss)
2989 silly packumentCache corgi:https://registry.npmjs.org/webpack-log set size:undefined disposed:false
2990 http fetch GET 200 https://registry.npmjs.org/sockjs 56ms (cache miss)
2991 silly packumentCache corgi:https://registry.npmjs.org/sockjs set size:undefined disposed:false
2992 silly packumentCache corgi:https://registry.npmjs.org/@webpack-cli%2fconfigtest cache-miss
2993 silly packumentCache corgi:https://registry.npmjs.org/clean-webpack-plugin cache-miss
2994 silly packumentCache corgi:https://registry.npmjs.org/style-loader cache-miss
2995 http fetch GET 200 https://registry.npmjs.org/style-loader 109ms (cache miss)
2996 silly packumentCache corgi:https://registry.npmjs.org/style-loader set size:undefined disposed:false
2997 http fetch GET 200 https://registry.npmjs.org/@webpack-cli%2fconfigtest 113ms (cache miss)
2998 silly packumentCache corgi:https://registry.npmjs.org/@webpack-cli%2fconfigtest set size:undefined disposed:false
2999 http fetch GET 200 https://registry.npmjs.org/clean-webpack-plugin 353ms (cache miss)
3000 silly packumentCache corgi:https://registry.npmjs.org/clean-webpack-plugin set size:undefined disposed:false
3001 silly packumentCache corgi:https://registry.npmjs.org/faye-websocket cache-miss
3002 http fetch GET 200 https://registry.npmjs.org/faye-websocket 56ms (cache miss)
3003 silly packumentCache corgi:https://registry.npmjs.org/faye-websocket set size:undefined disposed:false
3004 silly packumentCache corgi:https://registry.npmjs.org/multicast-dns cache-miss
3005 http fetch GET 200 https://registry.npmjs.org/multicast-dns 66ms (cache miss)
3006 silly packumentCache corgi:https://registry.npmjs.org/multicast-dns set size:undefined disposed:false
3007 silly packumentCache corgi:https://registry.npmjs.org/bonjour cache-miss
3008 http fetch GET 200 https://registry.npmjs.org/bonjour 39ms (cache miss)
3009 silly packumentCache corgi:https://registry.npmjs.org/bonjour set size:undefined disposed:false
3010 silly ADD node_modules/@types/react
3011 silly ADD node_modules/@types/react/node_modules/csstype
3012 silly ADD node_modules/yargs-parser
3013 silly ADD node_modules/yargs
3014 silly ADD node_modules/yargs/node_modules/path-exists
3015 silly ADD node_modules/yargs/node_modules/p-locate
3016 silly ADD node_modules/yargs/node_modules/locate-path
3017 silly ADD node_modules/yargs/node_modules/find-up
3018 silly ADD node_modules/yallist
3019 silly ADD node_modules/y18n
3020 silly ADD node_modules/ws
3021 silly ADD node_modules/wrappy
3022 silly ADD node_modules/wrap-ansi
3023 silly ADD node_modules/wrap-ansi/node_modules/strip-ansi
3024 silly ADD node_modules/wrap-ansi/node_modules/ansi-regex
3025 silly ADD node_modules/wildcard
3026 silly ADD node_modules/which-typed-array
3027 silly ADD node_modules/which-module
3028 silly ADD node_modules/which-boxed-primitive
3029 silly ADD node_modules/which
3030 silly ADD node_modules/websocket-extensions
3031 silly ADD node_modules/websocket-driver
3032 silly ADD node_modules/webpack-sources
3033 silly ADD node_modules/webpack-merge
3034 silly ADD node_modules/webpack-log
3035 silly ADD node_modules/webpack-log/node_modules/uuid
3036 silly ADD node_modules/webpack-dev-server
3037 silly ADD node_modules/webpack-dev-server/node_modules/supports-color
3038 silly ADD node_modules/webpack-dev-server/node_modules/schema-utils
3039 silly ADD node_modules/webpack-dev-server/node_modules/resolve-from
3040 silly ADD node_modules/webpack-dev-server/node_modules/resolve-cwd
3041 silly ADD node_modules/webpack-dev-server/node_modules/pkg-dir
3042 silly ADD node_modules/webpack-dev-server/node_modules/path-exists
3043 silly ADD node_modules/webpack-dev-server/node_modules/p-locate
3044 silly ADD node_modules/webpack-dev-server/node_modules/locate-path
3045 silly ADD node_modules/webpack-dev-server/node_modules/import-local
3046 silly ADD node_modules/webpack-dev-server/node_modules/find-up
3047 silly ADD node_modules/webpack-dev-middleware
3048 silly ADD node_modules/webpack-dev-middleware/node_modules/mime
3049 silly ADD node_modules/webpack-cli
3050 silly ADD node_modules/webpack-cli/node_modules/commander
3051 silly ADD node_modules/webpack
3052 silly ADD node_modules/webpack/node_modules/tapable
3053 silly ADD node_modules/webpack/node_modules/schema-utils
3054 silly ADD node_modules/wbuf
3055 silly ADD node_modules/watchpack
3056 silly ADD node_modules/vary
3057 silly ADD node_modules/value-equal
3058 silly ADD node_modules/uuid
3059 silly ADD node_modules/utils-merge
3060 silly ADD node_modules/utila
3061 silly ADD node_modules/util.promisify
3062 silly ADD node_modules/util-deprecate
3063 silly ADD node_modules/use
3064 silly ADD node_modules/url-parse
3065 silly ADD node_modules/url
3066 silly ADD node_modules/url/node_modules/punycode
3067 silly ADD node_modules/urix
3068 silly ADD node_modules/uri-js
3069 silly ADD node_modules/update-browserslist-db
3070 silly ADD node_modules/upath
3071 silly ADD node_modules/unset-value
3072 silly ADD node_modules/unset-value/node_modules/isarray
3073 silly ADD node_modules/unset-value/node_modules/has-values
3074 silly ADD node_modules/unset-value/node_modules/has-value
3075 silly ADD node_modules/unset-value/node_modules/has-value/node_modules/isobject
3076 silly ADD node_modules/unpipe
3077 silly ADD node_modules/union-value
3078 silly ADD node_modules/unicode-property-aliases-ecmascript
3079 silly ADD node_modules/unicode-match-property-value-ecmascript
3080 silly ADD node_modules/unicode-match-property-ecmascript
3081 silly ADD node_modules/unicode-canonical-property-names-ecmascript
3082 silly ADD node_modules/unbox-primitive
3083 silly ADD node_modules/typed-array-length
3084 silly ADD node_modules/type-is
3085 silly ADD node_modules/tslib
3086 silly ADD node_modules/toidentifier
3087 silly ADD node_modules/to-regex-range
3088 silly ADD node_modules/to-regex
3089 silly ADD node_modules/to-regex/node_modules/is-extendable
3090 silly ADD node_modules/to-regex/node_modules/extend-shallow
3091 silly ADD node_modules/to-object-path
3092 silly ADD node_modules/to-fast-properties
3093 silly ADD node_modules/tiny-warning
3094 silly ADD node_modules/tiny-invariant
3095 silly ADD node_modules/thunky
3096 silly ADD node_modules/terser-webpack-plugin
3097 silly ADD node_modules/terser-webpack-plugin/node_modules/terser
3098 silly ADD node_modules/terser-webpack-plugin/node_modules/schema-utils
3099 silly ADD node_modules/terser-webpack-plugin/node_modules/commander
3100 silly ADD node_modules/terser
3101 silly ADD node_modules/terser/node_modules/commander
3102 silly ADD node_modules/tapable
3103 silly ADD node_modules/supports-preserve-symlinks-flag
3104 silly ADD node_modules/supports-color
3105 silly ADD node_modules/style-loader
3106 silly ADD node_modules/style-loader/node_modules/schema-utils
3107 silly ADD node_modules/strip-eof
3108 silly ADD node_modules/strip-ansi
3109 silly ADD node_modules/string.prototype.trimstart
3110 silly ADD node_modules/string.prototype.trimend
3111 silly ADD node_modules/string.prototype.trim
3112 silly ADD node_modules/string-width
3113 silly ADD node_modules/string-width/node_modules/strip-ansi
3114 silly ADD node_modules/string-width/node_modules/ansi-regex
3115 silly ADD node_modules/string_decoder
3116 silly ADD node_modules/string_decoder/node_modules/safe-buffer
3117 silly ADD node_modules/statuses
3118 silly ADD node_modules/static-extend
3119 silly ADD node_modules/static-extend/node_modules/is-descriptor
3120 silly ADD node_modules/static-extend/node_modules/is-descriptor/node_modules/kind-of
3121 silly ADD node_modules/static-extend/node_modules/is-data-descriptor
3122 silly ADD node_modules/static-extend/node_modules/is-accessor-descriptor
3123 silly ADD node_modules/static-extend/node_modules/define-property
3124 silly ADD node_modules/split-string
3125 silly ADD node_modules/split-string/node_modules/is-extendable
3126 silly ADD node_modules/split-string/node_modules/extend-shallow
3127 silly ADD node_modules/spdy-transport
3128 silly ADD node_modules/spdy-transport/node_modules/readable-stream
3129 silly ADD node_modules/spdy
3130 silly ADD node_modules/source-map-url
3131 silly ADD node_modules/source-map-support
3132 silly ADD node_modules/source-map-resolve
3133 silly ADD node_modules/source-map-js
3134 silly ADD node_modules/source-map
3135 silly ADD node_modules/sockjs-client
3136 silly ADD node_modules/sockjs-client/node_modules/debug
3137 silly ADD node_modules/sockjs
3138 silly ADD node_modules/snapdragon-util
3139 silly ADD node_modules/snapdragon-node
3140 silly ADD node_modules/snapdragon-node/node_modules/define-property
3141 silly ADD node_modules/snapdragon
3142 silly ADD node_modules/snapdragon/node_modules/source-map
3143 silly ADD node_modules/snapdragon/node_modules/ms
3144 silly ADD node_modules/snapdragon/node_modules/is-descriptor
3145 silly ADD node_modules/snapdragon/node_modules/is-descriptor/node_modules/kind-of
3146 silly ADD node_modules/snapdragon/node_modules/is-data-descriptor
3147 silly ADD node_modules/snapdragon/node_modules/is-accessor-descriptor
3148 silly ADD node_modules/snapdragon/node_modules/define-property
3149 silly ADD node_modules/snapdragon/node_modules/debug
3150 silly ADD node_modules/signal-exit
3151 silly ADD node_modules/side-channel
3152 silly ADD node_modules/shebang-regex
3153 silly ADD node_modules/shebang-command
3154 silly ADD node_modules/shallow-clone
3155 silly ADD node_modules/shallow-clone/node_modules/kind-of
3156 silly ADD node_modules/setprototypeof
3157 silly ADD node_modules/set-value
3158 silly ADD node_modules/set-blocking
3159 silly ADD node_modules/serve-static
3160 silly ADD node_modules/serve-index
3161 silly ADD node_modules/serve-index/node_modules/statuses
3162 silly ADD node_modules/serve-index/node_modules/setprototypeof
3163 silly ADD node_modules/serve-index/node_modules/ms
3164 silly ADD node_modules/serve-index/node_modules/inherits
3165 silly ADD node_modules/serve-index/node_modules/http-errors
3166 silly ADD node_modules/serve-index/node_modules/depd
3167 silly ADD node_modules/serve-index/node_modules/debug
3168 silly ADD node_modules/serialize-javascript
3169 silly ADD node_modules/send
3170 silly ADD node_modules/send/node_modules/ms
3171 silly ADD node_modules/send/node_modules/debug
3172 silly ADD node_modules/send/node_modules/debug/node_modules/ms
3173 silly ADD node_modules/semver
3174 silly ADD node_modules/selfsigned
3175 silly ADD node_modules/select-hose
3176 silly ADD node_modules/schema-utils
3177 silly ADD node_modules/scheduler
3178 silly ADD node_modules/safer-buffer
3179 silly ADD node_modules/safe-regex-test
3180 silly ADD node_modules/safe-regex
3181 silly ADD node_modules/safe-buffer
3182 silly ADD node_modules/safe-array-concat
3183 silly ADD node_modules/safe-array-concat/node_modules/isarray
3184 silly ADD node_modules/rimraf
3185 silly ADD node_modules/retry
3186 silly ADD node_modules/ret
3187 silly ADD node_modules/resolve-url
3188 silly ADD node_modules/resolve-pathname
3189 silly ADD node_modules/resolve-from
3190 silly ADD node_modules/resolve-cwd
3191 silly ADD node_modules/resolve
3192 silly ADD node_modules/requires-port
3193 silly ADD node_modules/require-main-filename
3194 silly ADD node_modules/require-directory
3195 silly ADD node_modules/repeat-string
3196 silly ADD node_modules/repeat-element
3197 silly ADD node_modules/renderkid
3198 silly ADD node_modules/remove-trailing-separator
3199 silly ADD node_modules/relateurl
3200 silly ADD node_modules/regjsparser
3201 silly ADD node_modules/regjsparser/node_modules/jsesc
3202 silly ADD node_modules/regexpu-core
3203 silly ADD node_modules/regexp.prototype.flags
3204 silly ADD node_modules/regex-not
3205 silly ADD node_modules/regex-not/node_modules/is-extendable
3206 silly ADD node_modules/regex-not/node_modules/extend-shallow
3207 silly ADD node_modules/regenerator-transform
3208 silly ADD node_modules/regenerator-runtime
3209 silly ADD node_modules/regenerate-unicode-properties
3210 silly ADD node_modules/regenerate
3211 silly ADD node_modules/rechoir
3212 silly ADD node_modules/readdirp
3213 silly ADD node_modules/readable-stream
3214 silly ADD node_modules/readable-stream/node_modules/safe-buffer
3215 silly ADD node_modules/readable-stream/node_modules/isarray
3216 silly ADD node_modules/react-transition-group
3217 silly ADD node_modules/react-router-dom
3218 silly ADD node_modules/react-router
3219 silly ADD node_modules/react-router/node_modules/react-is
3220 silly ADD node_modules/react-is
3221 silly ADD node_modules/react-dom
3222 silly ADD node_modules/react
3223 silly ADD node_modules/raw-body
3224 silly ADD node_modules/raw-body/node_modules/bytes
3225 silly ADD node_modules/range-parser
3226 silly ADD node_modules/randombytes
3227 silly ADD node_modules/querystringify
3228 silly ADD node_modules/qs
3229 silly ADD node_modules/punycode
3230 silly ADD node_modules/pump
3231 silly ADD node_modules/prr
3232 silly ADD node_modules/proxy-addr
3233 silly ADD node_modules/prop-types
3234 silly ADD node_modules/prop-types/node_modules/react-is
3235 silly ADD node_modules/process-nextick-args
3236 silly ADD node_modules/pretty-error
3237 silly ADD node_modules/postcss-value-parser
3238 silly ADD node_modules/postcss-selector-parser
3239 silly ADD node_modules/postcss-modules-values
3240 silly ADD node_modules/postcss-modules-scope
3241 silly ADD node_modules/postcss-modules-local-by-default
3242 silly ADD node_modules/postcss-modules-extract-imports
3243 silly ADD node_modules/postcss
3244 silly ADD node_modules/posix-character-classes
3245 silly ADD node_modules/portfinder
3246 silly ADD node_modules/portfinder/node_modules/debug
3247 silly ADD node_modules/popper.js
3248 silly ADD node_modules/pkg-dir
3249 silly ADD node_modules/pinkie-promise
3250 silly ADD node_modules/pinkie
3251 silly ADD node_modules/pify
3252 silly ADD node_modules/picomatch
3253 silly ADD node_modules/picocolors
3254 silly ADD node_modules/path-to-regexp
3255 silly ADD node_modules/path-parse
3256 silly ADD node_modules/path-key
3257 silly ADD node_modules/path-is-inside
3258 silly ADD node_modules/path-is-absolute
3259 silly ADD node_modules/path-exists
3260 silly ADD node_modules/path-dirname
3261 silly ADD node_modules/pascalcase
3262 silly ADD node_modules/pascal-case
3263 silly ADD node_modules/parseurl
3264 silly ADD node_modules/param-case
3265 silly ADD node_modules/p-try
3266 silly ADD node_modules/p-retry
3267 silly ADD node_modules/p-map
3268 silly ADD node_modules/p-locate
3269 silly ADD node_modules/p-limit
3270 silly ADD node_modules/p-finally
3271 silly ADD node_modules/opn
3272 silly ADD node_modules/once
3273 silly ADD node_modules/on-headers
3274 silly ADD node_modules/on-finished
3275 silly ADD node_modules/obuf
3276 silly ADD node_modules/object.pick
3277 silly ADD node_modules/object.getownpropertydescriptors
3278 silly ADD node_modules/object.assign
3279 silly ADD node_modules/object-visit
3280 silly ADD node_modules/object-keys
3281 silly ADD node_modules/object-is
3282 silly ADD node_modules/object-inspect
3283 silly ADD node_modules/object-copy
3284 silly ADD node_modules/object-copy/node_modules/is-descriptor
3285 silly ADD node_modules/object-copy/node_modules/is-descriptor/node_modules/kind-of
3286 silly ADD node_modules/object-copy/node_modules/is-data-descriptor
3287 silly ADD node_modules/object-copy/node_modules/is-accessor-descriptor
3288 silly ADD node_modules/object-copy/node_modules/define-property
3289 silly ADD node_modules/object-assign
3290 silly ADD node_modules/nth-check
3291 silly ADD node_modules/npm-run-path
3292 silly ADD node_modules/npm-run-path/node_modules/path-key
3293 silly ADD node_modules/normalize-path
3294 silly ADD node_modules/node-releases
3295 silly ADD node_modules/node-forge
3296 silly ADD node_modules/no-case
3297 silly ADD node_modules/nice-try
3298 silly ADD node_modules/neo-async
3299 silly ADD node_modules/negotiator
3300 silly ADD node_modules/nanomatch
3301 silly ADD node_modules/nanomatch/node_modules/kind-of
3302 silly ADD node_modules/nanomatch/node_modules/is-extendable
3303 silly ADD node_modules/nanomatch/node_modules/extend-shallow
3304 silly ADD node_modules/nanoid
3305 silly ADD node_modules/nan
3306 silly ADD node_modules/multicast-dns-service-types
3307 silly ADD node_modules/multicast-dns
3308 silly ADD node_modules/ms
3309 silly ADD node_modules/mkdirp
3310 silly ADD node_modules/mixin-deep
3311 silly ADD node_modules/mixin-deep/node_modules/is-extendable
3312 silly ADD node_modules/minimist
3313 silly ADD node_modules/minimatch
3314 silly ADD node_modules/minimalistic-assert
3315 silly ADD node_modules/mime-types
3316 silly ADD node_modules/mime-db
3317 silly ADD node_modules/mime
3318 silly ADD node_modules/micromatch
3319 silly ADD node_modules/micromatch/node_modules/kind-of
3320 silly ADD node_modules/micromatch/node_modules/is-extendable
3321 silly ADD node_modules/micromatch/node_modules/extend-shallow
3322 silly ADD node_modules/methods
3323 silly ADD node_modules/merge-stream
3324 silly ADD node_modules/merge-descriptors
3325 silly ADD node_modules/memory-fs
3326 silly ADD node_modules/media-typer
3327 silly ADD node_modules/map-visit
3328 silly ADD node_modules/map-cache
3329 silly ADD node_modules/make-dir
3330 silly ADD node_modules/lru-cache
3331 silly ADD node_modules/lower-case
3332 silly ADD node_modules/loose-envify
3333 silly ADD node_modules/loglevel
3334 silly ADD node_modules/lodash.debounce
3335 silly ADD node_modules/lodash
3336 silly ADD node_modules/locate-path
3337 silly ADD node_modules/loader-utils
3338 silly ADD node_modules/loader-runner
3339 silly ADD node_modules/kind-of
3340 silly ADD node_modules/killable
3341 silly ADD node_modules/jss-plugin-vendor-prefixer
3342 silly ADD node_modules/jss-plugin-rule-value-function
3343 silly ADD node_modules/jss-plugin-props-sort
3344 silly ADD node_modules/jss-plugin-nested
3345 silly ADD node_modules/jss-plugin-global
3346 silly ADD node_modules/jss-plugin-default-unit
3347 silly ADD node_modules/jss-plugin-camel-case
3348 silly ADD node_modules/jss
3349 silly ADD node_modules/jss/node_modules/csstype
3350 silly ADD node_modules/json5
3351 silly ADD node_modules/json-schema-traverse
3352 silly ADD node_modules/json-parse-even-better-errors
3353 silly ADD node_modules/jsesc
3354 silly ADD node_modules/js-tokens
3355 silly ADD node_modules/jest-worker
3356 silly ADD node_modules/jest-worker/node_modules/supports-color
3357 silly ADD node_modules/jest-worker/node_modules/has-flag
3358 silly ADD node_modules/isobject
3359 silly ADD node_modules/isexe
3360 silly ADD node_modules/isarray
3361 silly ADD node_modules/is-wsl
3362 silly ADD node_modules/is-windows
3363 silly ADD node_modules/is-weakref
3364 silly ADD node_modules/is-typed-array
3365 silly ADD node_modules/is-symbol
3366 silly ADD node_modules/is-string
3367 silly ADD node_modules/is-stream
3368 silly ADD node_modules/is-shared-array-buffer
3369 silly ADD node_modules/is-regex
3370 silly ADD node_modules/is-plain-object
3371 silly ADD node_modules/is-path-inside
3372 silly ADD node_modules/is-path-in-cwd
3373 silly ADD node_modules/is-path-cwd
3374 silly ADD node_modules/is-number-object
3375 silly ADD node_modules/is-number
3376 silly ADD node_modules/is-negative-zero
3377 silly ADD node_modules/is-in-browser
3378 silly ADD node_modules/is-glob
3379 silly ADD node_modules/is-fullwidth-code-point
3380 silly ADD node_modules/is-extglob
3381 silly ADD node_modules/is-extendable
3382 silly ADD node_modules/is-descriptor
3383 silly ADD node_modules/is-descriptor/node_modules/kind-of
3384 silly ADD node_modules/is-date-object
3385 silly ADD node_modules/is-data-descriptor
3386 silly ADD node_modules/is-data-descriptor/node_modules/kind-of
3387 silly ADD node_modules/is-core-module
3388 silly ADD node_modules/is-callable
3389 silly ADD node_modules/is-buffer
3390 silly ADD node_modules/is-boolean-object
3391 silly ADD node_modules/is-binary-path
3392 silly ADD node_modules/is-bigint
3393 silly ADD node_modules/is-array-buffer
3394 silly ADD node_modules/is-arguments
3395 silly ADD node_modules/is-accessor-descriptor
3396 silly ADD node_modules/is-accessor-descriptor/node_modules/kind-of
3397 silly ADD node_modules/is-absolute-url
3398 silly ADD node_modules/ipaddr.js
3399 silly ADD node_modules/ip-regex
3400 silly ADD node_modules/ip
3401 silly ADD node_modules/interpret
3402 silly ADD node_modules/internal-slot
3403 silly ADD node_modules/internal-ip
3404 silly ADD node_modules/inherits
3405 silly ADD node_modules/inflight
3406 silly ADD node_modules/import-local
3407 silly ADD node_modules/icss-utils
3408 silly ADD node_modules/iconv-lite
3409 silly ADD node_modules/hyphenate-style-name
3410 silly ADD node_modules/http-proxy-middleware
3411 silly ADD node_modules/http-proxy
3412 silly ADD node_modules/http-parser-js
3413 silly ADD node_modules/http-errors
3414 silly ADD node_modules/http-deceiver
3415 silly ADD node_modules/htmlparser2
3416 silly ADD node_modules/html-webpack-plugin
3417 silly ADD node_modules/html-webpack-plugin/node_modules/loader-utils
3418 silly ADD node_modules/html-webpack-plugin/node_modules/json5
3419 silly ADD node_modules/html-minifier-terser
3420 silly ADD node_modules/html-entities
3421 silly ADD node_modules/hpack.js
3422 silly ADD node_modules/hoist-non-react-statics
3423 silly ADD node_modules/hoist-non-react-statics/node_modules/react-is
3424 silly ADD node_modules/history
3425 silly ADD node_modules/he
3426 silly ADD node_modules/has-values
3427 silly ADD node_modules/has-values/node_modules/kind-of
3428 silly ADD node_modules/has-value
3429 silly ADD node_modules/has-tostringtag
3430 silly ADD node_modules/has-symbols
3431 silly ADD node_modules/has-proto
3432 silly ADD node_modules/has-property-descriptors
3433 silly ADD node_modules/has-flag
3434 silly ADD node_modules/has-bigints
3435 silly ADD node_modules/has
3436 silly ADD node_modules/handle-thing
3437 silly ADD node_modules/graceful-fs
3438 silly ADD node_modules/gopd
3439 silly ADD node_modules/globby
3440 silly ADD node_modules/globby/node_modules/pify
3441 silly ADD node_modules/globalthis
3442 silly ADD node_modules/globals
3443 silly ADD node_modules/glob-to-regexp
3444 silly ADD node_modules/glob-parent
3445 silly ADD node_modules/glob-parent/node_modules/is-glob
3446 silly ADD node_modules/glob
3447 silly ADD node_modules/get-value
3448 silly ADD node_modules/get-symbol-description
3449 silly ADD node_modules/get-stream
3450 silly ADD node_modules/get-intrinsic
3451 silly ADD node_modules/get-caller-file
3452 silly ADD node_modules/gensync
3453 silly ADD node_modules/functions-have-names
3454 silly ADD node_modules/function.prototype.name
3455 silly ADD node_modules/function-bind
3456 silly ADD node_modules/fsevents
3457 silly ADD node_modules/fs.realpath
3458 silly ADD node_modules/fresh
3459 silly ADD node_modules/fragment-cache
3460 silly ADD node_modules/forwarded
3461 silly ADD node_modules/for-in
3462 silly ADD node_modules/for-each
3463 silly ADD node_modules/follow-redirects
3464 silly ADD node_modules/find-up
3465 silly ADD node_modules/find-cache-dir
3466 silly ADD node_modules/finalhandler
3467 silly ADD node_modules/finalhandler/node_modules/ms
3468 silly ADD node_modules/finalhandler/node_modules/debug
3469 silly ADD node_modules/fill-range
3470 silly ADD node_modules/file-uri-to-path
3471 silly ADD node_modules/faye-websocket
3472 silly ADD node_modules/fastest-levenshtein
3473 silly ADD node_modules/fast-json-stable-stringify
3474 silly ADD node_modules/fast-deep-equal
3475 silly ADD node_modules/extglob
3476 silly ADD node_modules/extglob/node_modules/define-property
3477 silly ADD node_modules/extend-shallow
3478 silly ADD node_modules/express
3479 silly ADD node_modules/express/node_modules/path-to-regexp
3480 silly ADD node_modules/express/node_modules/ms
3481 silly ADD node_modules/express/node_modules/debug
3482 silly ADD node_modules/express/node_modules/array-flatten
3483 silly ADD node_modules/expand-brackets
3484 silly ADD node_modules/expand-brackets/node_modules/ms
3485 silly ADD node_modules/expand-brackets/node_modules/is-descriptor
3486 silly ADD node_modules/expand-brackets/node_modules/is-descriptor/node_modules/kind-of
3487 silly ADD node_modules/expand-brackets/node_modules/is-data-descriptor
3488 silly ADD node_modules/expand-brackets/node_modules/is-accessor-descriptor
3489 silly ADD node_modules/expand-brackets/node_modules/define-property
3490 silly ADD node_modules/expand-brackets/node_modules/debug
3491 silly ADD node_modules/execa
3492 silly ADD node_modules/execa/node_modules/which
3493 silly ADD node_modules/execa/node_modules/shebang-regex
3494 silly ADD node_modules/execa/node_modules/shebang-command
3495 silly ADD node_modules/execa/node_modules/semver
3496 silly ADD node_modules/execa/node_modules/path-key
3497 silly ADD node_modules/execa/node_modules/cross-spawn
3498 silly ADD node_modules/eventsource
3499 silly ADD node_modules/events
3500 silly ADD node_modules/eventemitter3
3501 silly ADD node_modules/etag
3502 silly ADD node_modules/esutils
3503 silly ADD node_modules/estraverse
3504 silly ADD node_modules/esrecurse
3505 silly ADD node_modules/esrecurse/node_modules/estraverse
3506 silly ADD node_modules/eslint-scope
3507 silly ADD node_modules/escape-string-regexp
3508 silly ADD node_modules/escape-html
3509 silly ADD node_modules/escalade
3510 silly ADD node_modules/es-to-primitive
3511 silly ADD node_modules/es-set-tostringtag
3512 silly ADD node_modules/es-module-lexer
3513 silly ADD node_modules/es-array-method-boxes-properly
3514 silly ADD node_modules/es-abstract
3515 silly ADD node_modules/errno
3516 silly ADD node_modules/envinfo
3517 silly ADD node_modules/entities
3518 silly ADD node_modules/enhanced-resolve
3519 silly ADD node_modules/enhanced-resolve/node_modules/tapable
3520 silly ADD node_modules/end-of-stream
3521 silly ADD node_modules/encodeurl
3522 silly ADD node_modules/emojis-list
3523 silly ADD node_modules/emoji-regex
3524 silly ADD node_modules/electron-to-chromium
3525 silly ADD node_modules/ee-first
3526 silly ADD node_modules/dot-case
3527 silly ADD node_modules/domutils
3528 silly ADD node_modules/domhandler
3529 silly ADD node_modules/domelementtype
3530 silly ADD node_modules/dom-serializer
3531 silly ADD node_modules/dom-helpers
3532 silly ADD node_modules/dom-helpers/node_modules/csstype
3533 silly ADD node_modules/dom-converter
3534 silly ADD node_modules/dns-txt
3535 silly ADD node_modules/dns-packet
3536 silly ADD node_modules/dns-equal
3537 silly ADD node_modules/detect-node
3538 silly ADD node_modules/destroy
3539 silly ADD node_modules/depd
3540 silly ADD node_modules/del
3541 silly ADD node_modules/define-property
3542 silly ADD node_modules/define-properties
3543 silly ADD node_modules/default-gateway
3544 silly ADD node_modules/deep-equal
3545 silly ADD node_modules/decode-uri-component
3546 silly ADD node_modules/decamelize
3547 silly ADD node_modules/debug
3548 silly ADD node_modules/csstype
3549 silly ADD node_modules/cssesc
3550 silly ADD node_modules/css-what
3551 silly ADD node_modules/css-vendor
3552 silly ADD node_modules/css-select
3553 silly ADD node_modules/css-loader
3554 silly ADD node_modules/css-loader/node_modules/yallist
3555 silly ADD node_modules/css-loader/node_modules/semver
3556 silly ADD node_modules/css-loader/node_modules/schema-utils
3557 silly ADD node_modules/css-loader/node_modules/lru-cache
3558 silly ADD node_modules/cross-spawn
3559 silly ADD node_modules/core-util-is
3560 silly ADD node_modules/core-js-compat
3561 silly ADD node_modules/copy-descriptor
3562 silly ADD node_modules/cookie-signature
3563 silly ADD node_modules/cookie
3564 silly ADD node_modules/convert-source-map
3565 silly ADD node_modules/content-type
3566 silly ADD node_modules/content-disposition
3567 silly ADD node_modules/connect-history-api-fallback
3568 silly ADD node_modules/concat-map
3569 silly ADD node_modules/compression
3570 silly ADD node_modules/compression/node_modules/safe-buffer
3571 silly ADD node_modules/compression/node_modules/ms
3572 silly ADD node_modules/compression/node_modules/debug
3573 silly ADD node_modules/compressible
3574 silly ADD node_modules/component-emitter
3575 silly ADD node_modules/commondir
3576 silly ADD node_modules/commander
3577 silly ADD node_modules/colorette
3578 silly ADD node_modules/color-name
3579 silly ADD node_modules/color-convert
3580 silly ADD node_modules/collection-visit
3581 silly ADD node_modules/clsx
3582 silly ADD node_modules/clone-deep
3583 silly ADD node_modules/clone-deep/node_modules/kind-of
3584 silly ADD node_modules/cliui
3585 silly ADD node_modules/cliui/node_modules/strip-ansi
3586 silly ADD node_modules/cliui/node_modules/ansi-regex
3587 silly ADD node_modules/clean-webpack-plugin
3588 silly ADD node_modules/clean-css
3589 silly ADD node_modules/class-utils
3590 silly ADD node_modules/class-utils/node_modules/is-descriptor
3591 silly ADD node_modules/class-utils/node_modules/is-descriptor/node_modules/kind-of
3592 silly ADD node_modules/class-utils/node_modules/is-data-descriptor
3593 silly ADD node_modules/class-utils/node_modules/is-accessor-descriptor
3594 silly ADD node_modules/class-utils/node_modules/define-property
3595 silly ADD node_modules/chrome-trace-event
3596 silly ADD node_modules/chokidar
3597 silly ADD node_modules/chokidar/node_modules/anymatch
3598 silly ADD node_modules/chokidar/node_modules/anymatch/node_modules/normalize-path
3599 silly ADD node_modules/chalk
3600 silly ADD node_modules/caniuse-lite
3601 silly ADD node_modules/camelcase
3602 silly ADD node_modules/camel-case
3603 silly ADD node_modules/call-bind
3604 silly ADD node_modules/cache-base
3605 silly ADD node_modules/bytes
3606 silly ADD node_modules/buffer-indexof
3607 silly ADD node_modules/buffer-from
3608 silly ADD node_modules/browserslist
3609 silly ADD node_modules/braces
3610 silly ADD node_modules/brace-expansion
3611 silly ADD node_modules/boolbase
3612 silly ADD node_modules/bonjour
3613 silly ADD node_modules/body-parser
3614 silly ADD node_modules/body-parser/node_modules/ms
3615 silly ADD node_modules/body-parser/node_modules/debug
3616 silly ADD node_modules/body-parser/node_modules/bytes
3617 silly ADD node_modules/bindings
3618 silly ADD node_modules/binary-extensions
3619 silly ADD node_modules/big.js
3620 silly ADD node_modules/batch
3621 silly ADD node_modules/base
3622 silly ADD node_modules/base/node_modules/define-property
3623 silly ADD node_modules/balanced-match
3624 silly ADD node_modules/babel-plugin-polyfill-regenerator
3625 silly ADD node_modules/babel-plugin-polyfill-corejs3
3626 silly ADD node_modules/babel-plugin-polyfill-corejs2
3627 silly ADD node_modules/babel-loader
3628 silly ADD node_modules/available-typed-arrays
3629 silly ADD node_modules/atob
3630 silly ADD node_modules/async-limiter
3631 silly ADD node_modules/async-each
3632 silly ADD node_modules/async
3633 silly ADD node_modules/assign-symbols
3634 silly ADD node_modules/array.prototype.reduce
3635 silly ADD node_modules/array-unique
3636 silly ADD node_modules/array-uniq
3637 silly ADD node_modules/array-union
3638 silly ADD node_modules/array-flatten
3639 silly ADD node_modules/array-buffer-byte-length
3640 silly ADD node_modules/arr-union
3641 silly ADD node_modules/arr-flatten
3642 silly ADD node_modules/arr-diff
3643 silly ADD node_modules/anymatch
3644 silly ADD node_modules/ansi-styles
3645 silly ADD node_modules/ansi-regex
3646 silly ADD node_modules/ansi-html-community
3647 silly ADD node_modules/ansi-colors
3648 silly ADD node_modules/ajv-keywords
3649 silly ADD node_modules/ajv-errors
3650 silly ADD node_modules/ajv
3651 silly ADD node_modules/acorn-import-assertions
3652 silly ADD node_modules/acorn
3653 silly ADD node_modules/accepts
3654 silly ADD node_modules/@xtuc/long
3655 silly ADD node_modules/@xtuc/ieee754
3656 silly ADD node_modules/@webpack-cli/serve
3657 silly ADD node_modules/@webpack-cli/info
3658 silly ADD node_modules/@webpack-cli/configtest
3659 silly ADD node_modules/@webassemblyjs/wast-printer
3660 silly ADD node_modules/@webassemblyjs/wasm-parser
3661 silly ADD node_modules/@webassemblyjs/wasm-opt
3662 silly ADD node_modules/@webassemblyjs/wasm-gen
3663 silly ADD node_modules/@webassemblyjs/wasm-edit
3664 silly ADD node_modules/@webassemblyjs/utf8
3665 silly ADD node_modules/@webassemblyjs/leb128
3666 silly ADD node_modules/@webassemblyjs/ieee754
3667 silly ADD node_modules/@webassemblyjs/helper-wasm-section
3668 silly ADD node_modules/@webassemblyjs/helper-wasm-bytecode
3669 silly ADD node_modules/@webassemblyjs/helper-numbers
3670 silly ADD node_modules/@webassemblyjs/helper-buffer
3671 silly ADD node_modules/@webassemblyjs/helper-api-error
3672 silly ADD node_modules/@webassemblyjs/floating-point-hex-parser
3673 silly ADD node_modules/@webassemblyjs/ast
3674 silly ADD node_modules/@types/webpack-sources
3675 silly ADD node_modules/@types/webpack-sources/node_modules/source-map
3676 silly ADD node_modules/@types/webpack
3677 silly ADD node_modules/@types/uglify-js
3678 silly ADD node_modules/@types/tapable
3679 silly ADD node_modules/@types/source-list-map
3680 silly ADD node_modules/@types/scheduler
3681 silly ADD node_modules/@types/react-transition-group
3682 silly ADD node_modules/@types/prop-types
3683 silly ADD node_modules/@types/node
3684 silly ADD node_modules/@types/minimatch
3685 silly ADD node_modules/@types/json-schema
3686 silly ADD node_modules/@types/html-minifier-terser
3687 silly ADD node_modules/@types/glob
3688 silly ADD node_modules/@types/estree
3689 silly ADD node_modules/@types/eslint-scope
3690 silly ADD node_modules/@types/eslint
3691 silly ADD node_modules/@material-ui/utils
3692 silly ADD node_modules/@material-ui/types
3693 silly ADD node_modules/@material-ui/system
3694 silly ADD node_modules/@material-ui/styles
3695 silly ADD node_modules/@material-ui/icons
3696 silly ADD node_modules/@material-ui/core
3697 silly ADD node_modules/@jridgewell/trace-mapping
3698 silly ADD node_modules/@jridgewell/trace-mapping/node_modules/@jridgewell/sourcemap-codec
3699 silly ADD node_modules/@jridgewell/sourcemap-codec
3700 silly ADD node_modules/@jridgewell/source-map
3701 silly ADD node_modules/@jridgewell/set-array
3702 silly ADD node_modules/@jridgewell/resolve-uri
3703 silly ADD node_modules/@jridgewell/gen-mapping
3704 silly ADD node_modules/@emotion/hash
3705 silly ADD node_modules/@discoveryjs/json-ext
3706 silly ADD node_modules/@babel/types
3707 silly ADD node_modules/@babel/traverse
3708 silly ADD node_modules/@babel/template
3709 silly ADD node_modules/@babel/runtime
3710 silly ADD node_modules/@babel/regjsgen
3711 silly ADD node_modules/@babel/preset-react
3712 silly ADD node_modules/@babel/preset-modules
3713 silly ADD node_modules/@babel/preset-env
3714 silly ADD node_modules/@babel/plugin-transform-unicode-sets-regex
3715 silly ADD node_modules/@babel/plugin-transform-unicode-regex
3716 silly ADD node_modules/@babel/plugin-transform-unicode-property-regex
3717 silly ADD node_modules/@babel/plugin-transform-unicode-escapes
3718 silly ADD node_modules/@babel/plugin-transform-typeof-symbol
3719 silly ADD node_modules/@babel/plugin-transform-template-literals
3720 silly ADD node_modules/@babel/plugin-transform-sticky-regex
3721 silly ADD node_modules/@babel/plugin-transform-spread
3722 silly ADD node_modules/@babel/plugin-transform-shorthand-properties
3723 silly ADD node_modules/@babel/plugin-transform-runtime
3724 silly ADD node_modules/@babel/plugin-transform-reserved-words
3725 silly ADD node_modules/@babel/plugin-transform-regenerator
3726 silly ADD node_modules/@babel/plugin-transform-react-pure-annotations
3727 silly ADD node_modules/@babel/plugin-transform-react-jsx-development
3728 silly ADD node_modules/@babel/plugin-transform-react-jsx
3729 silly ADD node_modules/@babel/plugin-transform-react-display-name
3730 silly ADD node_modules/@babel/plugin-transform-property-literals
3731 silly ADD node_modules/@babel/plugin-transform-private-property-in-object
3732 silly ADD node_modules/@babel/plugin-transform-private-methods
3733 silly ADD node_modules/@babel/plugin-transform-parameters
3734 silly ADD node_modules/@babel/plugin-transform-optional-chaining
3735 silly ADD node_modules/@babel/plugin-transform-optional-catch-binding
3736 silly ADD node_modules/@babel/plugin-transform-object-super
3737 silly ADD node_modules/@babel/plugin-transform-object-rest-spread
3738 silly ADD node_modules/@babel/plugin-transform-numeric-separator
3739 silly ADD node_modules/@babel/plugin-transform-nullish-coalescing-operator
3740 silly ADD node_modules/@babel/plugin-transform-new-target
3741 silly ADD node_modules/@babel/plugin-transform-named-capturing-groups-regex
3742 silly ADD node_modules/@babel/plugin-transform-modules-umd
3743 silly ADD node_modules/@babel/plugin-transform-modules-systemjs
3744 silly ADD node_modules/@babel/plugin-transform-modules-commonjs
3745 silly ADD node_modules/@babel/plugin-transform-modules-amd
3746 silly ADD node_modules/@babel/plugin-transform-member-expression-literals
3747 silly ADD node_modules/@babel/plugin-transform-logical-assignment-operators
3748 silly ADD node_modules/@babel/plugin-transform-literals
3749 silly ADD node_modules/@babel/plugin-transform-json-strings
3750 silly ADD node_modules/@babel/plugin-transform-function-name
3751 silly ADD node_modules/@babel/plugin-transform-for-of
3752 silly ADD node_modules/@babel/plugin-transform-export-namespace-from
3753 silly ADD node_modules/@babel/plugin-transform-exponentiation-operator
3754 silly ADD node_modules/@babel/plugin-transform-dynamic-import
3755 silly ADD node_modules/@babel/plugin-transform-duplicate-keys
3756 silly ADD node_modules/@babel/plugin-transform-dotall-regex
3757 silly ADD node_modules/@babel/plugin-transform-destructuring
3758 silly ADD node_modules/@babel/plugin-transform-computed-properties
3759 silly ADD node_modules/@babel/plugin-transform-classes
3760 silly ADD node_modules/@babel/plugin-transform-class-static-block
3761 silly ADD node_modules/@babel/plugin-transform-class-properties
3762 silly ADD node_modules/@babel/plugin-transform-block-scoping
3763 silly ADD node_modules/@babel/plugin-transform-block-scoped-functions
3764 silly ADD node_modules/@babel/plugin-transform-async-to-generator
3765 silly ADD node_modules/@babel/plugin-transform-async-generator-functions
3766 silly ADD node_modules/@babel/plugin-transform-arrow-functions
3767 silly ADD node_modules/@babel/plugin-syntax-unicode-sets-regex
3768 silly ADD node_modules/@babel/plugin-syntax-top-level-await
3769 silly ADD node_modules/@babel/plugin-syntax-private-property-in-object
3770 silly ADD node_modules/@babel/plugin-syntax-optional-chaining
3771 silly ADD node_modules/@babel/plugin-syntax-optional-catch-binding
3772 silly ADD node_modules/@babel/plugin-syntax-object-rest-spread
3773 silly ADD node_modules/@babel/plugin-syntax-numeric-separator
3774 silly ADD node_modules/@babel/plugin-syntax-nullish-coalescing-operator
3775 silly ADD node_modules/@babel/plugin-syntax-logical-assignment-operators
3776 silly ADD node_modules/@babel/plugin-syntax-jsx
3777 silly ADD node_modules/@babel/plugin-syntax-json-strings
3778 silly ADD node_modules/@babel/plugin-syntax-import-meta
3779 silly ADD node_modules/@babel/plugin-syntax-import-attributes
3780 silly ADD node_modules/@babel/plugin-syntax-import-assertions
3781 silly ADD node_modules/@babel/plugin-syntax-export-namespace-from
3782 silly ADD node_modules/@babel/plugin-syntax-dynamic-import
3783 silly ADD node_modules/@babel/plugin-syntax-class-static-block
3784 silly ADD node_modules/@babel/plugin-syntax-class-properties
3785 silly ADD node_modules/@babel/plugin-syntax-async-generators
3786 silly ADD node_modules/@babel/plugin-proposal-unicode-property-regex
3787 silly ADD node_modules/@babel/plugin-proposal-private-property-in-object
3788 silly ADD node_modules/@babel/plugin-bugfix-v8-spread-parameters-in-optional-chaining
3789 silly ADD node_modules/@babel/plugin-bugfix-safari-id-destructuring-collision-in-function-expression
3790 silly ADD node_modules/@babel/parser
3791 silly ADD node_modules/@babel/highlight
3792 silly ADD node_modules/@babel/helpers
3793 silly ADD node_modules/@babel/helper-wrap-function
3794 silly ADD node_modules/@babel/helper-validator-option
3795 silly ADD node_modules/@babel/helper-validator-identifier
3796 silly ADD node_modules/@babel/helper-string-parser
3797 silly ADD node_modules/@babel/helper-split-export-declaration
3798 silly ADD node_modules/@babel/helper-skip-transparent-expression-wrappers
3799 silly ADD node_modules/@babel/helper-simple-access
3800 silly ADD node_modules/@babel/helper-replace-supers
3801 silly ADD node_modules/@babel/helper-remap-async-to-generator
3802 silly ADD node_modules/@babel/helper-plugin-utils
3803 silly ADD node_modules/@babel/helper-optimise-call-expression
3804 silly ADD node_modules/@babel/helper-module-transforms
3805 silly ADD node_modules/@babel/helper-module-imports
3806 silly ADD node_modules/@babel/helper-member-expression-to-functions
3807 silly ADD node_modules/@babel/helper-hoist-variables
3808 silly ADD node_modules/@babel/helper-function-name
3809 silly ADD node_modules/@babel/helper-environment-visitor
3810 silly ADD node_modules/@babel/helper-define-polyfill-provider
3811 silly ADD node_modules/@babel/helper-create-regexp-features-plugin
3812 silly ADD node_modules/@babel/helper-create-class-features-plugin
3813 silly ADD node_modules/@babel/helper-compilation-targets
3814 silly ADD node_modules/@babel/helper-builder-binary-assignment-operator-visitor
3815 silly ADD node_modules/@babel/helper-annotate-as-pure
3816 silly ADD node_modules/@babel/generator
3817 silly ADD node_modules/@babel/core
3818 silly ADD node_modules/@babel/compat-data
3819 silly ADD node_modules/@babel/code-frame
3820 silly ADD node_modules/@ampproject/remapping
3821 warn allow-scripts 1 package has install scripts not yet covered by allowScripts:
3821 warn allow-scripts   fsevents@1.2.13 (install: node install.js)
3821 warn allow-scripts
3821 warn allow-scripts Run `npm approve-scripts --allow-scripts-pending` to review, or `npm approve-scripts <pkg>` to allow.
3822 verbose cwd /Users/dilliswararaogalala/workspace/personal/micro-frontend/mfp/packages/auth
3823 verbose os Darwin 25.6.0
3824 verbose node v26.3.1
3825 verbose npm  v11.16.0
3826 notice
3826 notice New [31mmajor[39m version of npm available! [31m11.16.0[39m -> [34m12.0.2[39m
3826 notice Changelog: [34mhttps://github.com/npm/cli/releases/tag/v12.0.2[39m
3826 notice To update run: [4mnpm install -g npm@12.0.2[24m
3826 notice  { force: true, Symbol(proc-log.meta): true }
3827 verbose exit 0
3828 info ok
